#
# There is insufficient memory for the Java Runtime Environment to continue.
# Native memory allocation (malloc) failed to allocate 10826840 bytes. Error detail: Chunk::new
# Possible reasons:
#   The system is out of physical RAM or swap space
#   This process is running with CompressedOops enabled, and the Java Heap may be blocking the growth of the native heap
# Possible solutions:
#   Reduce memory load on the system
#   Increase physical memory or swap space
#   Check if swap backing store is full
#   Decrease Java heap size (-Xmx/-Xms)
#   Decrease number of Java threads
#   Decrease Java thread stack sizes (-Xss)
#   Set larger code cache with -XX:ReservedCodeCacheSize=
#   JVM is running with Unscaled Compressed Oops mode in which the Java heap is
#     placed in the first 4GB address space. The Java Heap base address is the
#     maximum limit for the native heap growth. Please use -XX:HeapBaseMinAddress
#     to set the Java Heap base and to place the Java Heap above 4GB virtual address.
# This output file may be truncated or incomplete.
#
#  Out of Memory Error (arena.cpp:186), pid=23048, tid=5648
#
# JRE version: OpenJDK Runtime Environment (25.0.2) (build 25.0.2+-15348964-b329.117)
# Java VM: OpenJDK 64-Bit Server VM (25.0.2+-15348964-b329.117, mixed mode, tiered, compressed oops, compressed class ptrs, g1 gc, windows-amd64)
# No core dump will be written. Minidumps are not enabled by default on client versions of Windows
#

---------------  S U M M A R Y ------------

Command Line: --add-opens=java.base/java.lang=ALL-UNNAMED --add-opens=java.base/java.lang.invoke=ALL-UNNAMED --add-opens=java.base/java.util=ALL-UNNAMED --add-opens=java.prefs/java.util.prefs=ALL-UNNAMED --add-exports=jdk.compiler/com.sun.tools.javac.api=ALL-UNNAMED --add-exports=jdk.compiler/com.sun.tools.javac.util=ALL-UNNAMED --add-opens=java.base/java.nio.charset=ALL-UNNAMED --add-opens=java.base/java.net=ALL-UNNAMED --add-opens=java.base/java.util.concurrent=ALL-UNNAMED --add-opens=java.base/java.util.concurrent.atomic=ALL-UNNAMED --add-opens=java.xml/javax.xml.namespace=ALL-UNNAMED --add-opens=java.base/java.time=ALL-UNNAMED --enable-native-access=ALL-UNNAMED -Xmx2048m -Dfile.encoding=UTF-8 -Duser.country=ID -Duser.language=en -Duser.variant -javaagent:C:\Users\A S U S\.gradle\wrapper\dists\gradle-9.5.0-bin\bvnork1r7n8i6kp5cnkibsc9q\gradle-9.5.0\lib\agents\gradle-instrumentation-agent-9.5.0.jar org.gradle.launcher.daemon.bootstrap.GradleDaemon 9.5.0

Host: 12th Gen Intel(R) Core(TM) i5-12500H, 16 cores, 15G,  Windows 11 , 64 bit Build 26100 (10.0.26100.9444)
Time: Sat Sep 19 23:23:19 2026 SE Asia Standard Time elapsed time: 237.068800 seconds (0d 0h 3m 57s)

---------------  T H R E A D  ---------------

Current thread (0x0000019a845cbd60):  JavaThread "C2 CompilerThread0" daemon [_thread_in_native, id=5648, stack(0x000000719dd00000,0x000000719de00000) (1024K)]


Current CompileTask:
C2:237068 46458       4       com.android.tools.r8.internal.f52::c (790 bytes)

Stack: [0x000000719dd00000,0x000000719de00000]
Native frames: (J=compiled Java code, j=interpreted, Vv=VM code, C=native code)
V  [jvm.dll+0x7bd439]  (no source info available)
V  [jvm.dll+0x78763d]  (no source info available)
V  [jvm.dll+0xa0c885]  (no source info available)
V  [jvm.dll+0xa0ef04]  (no source info available)
V  [jvm.dll+0xa0f603]  (no source info available)
V  [jvm.dll+0x309bf6]  (no source info available)
V  [jvm.dll+0x10ea69]  (no source info available)
V  [jvm.dll+0x10ed92]  (no source info available)
V  [jvm.dll+0x1a9837]  (no source info available)
V  [jvm.dll+0x3bec92]  (no source info available)
V  [jvm.dll+0x7c2cb7]  (no source info available)
V  [jvm.dll+0x2ce046]  (no source info available)
V  [jvm.dll+0x2cd221]  (no source info available)
V  [jvm.dll+0x242ffa]  (no source info available)
V  [jvm.dll+0x2dcc05]  (no source info available)
V  [jvm.dll+0x2dae06]  (no source info available)
V  [jvm.dll+0x49b59e]  (no source info available)
V  [jvm.dll+0x9ab9c8]  (no source info available)
V  [jvm.dll+0x7bb985]  (no source info available)
C  [ucrtbase.dll+0x2cd30]  (no source info available)
C  [KERNEL32.DLL+0x2cd87]  (no source info available)
C  [ntdll.dll+0xacaec]  (no source info available)

Lock stack of current Java thread (top to bottom):


---------------  P R O C E S S  ---------------

Threads class SMR info:
_java_thread_list=0x0000019a9e9adf60, length=119, elements={
0x0000019aebc71a20, 0x0000019a845864c0, 0x0000019a845875a0, 0x0000019a845b5680,
0x0000019a845a3190, 0x0000019a845a3d50, 0x0000019a845a4910, 0x0000019a845bae60,
0x0000019a845cbd60, 0x0000019a845de5c0, 0x0000019a8494cf30, 0x0000019a8bc33980,
0x0000019a8b8ef8e0, 0x0000019a8b7a7060, 0x0000019a8bcffb80, 0x0000019a8bd00b20,
0x0000019a8d2e10f0, 0x0000019a8d2e18c0, 0x0000019a8d2e3800, 0x0000019a8d2e2860,
0x0000019a8d2e3030, 0x0000019a8d2e4f70, 0x0000019a8bca5f50, 0x0000019a8bca6ef0,
0x0000019a8bca6720, 0x0000019a8bca7e90, 0x0000019a8ba128b0, 0x0000019a8ba13080,
0x0000019a8ba13850, 0x0000019a8ba14020, 0x0000019a8d49af40, 0x0000019a8d4997d0,
0x0000019a8d498830, 0x0000019a8d499fa0, 0x0000019a8d498060, 0x0000019a8d54e660,
0x0000019a8d49b710, 0x0000019a84892a70, 0x0000019a8c8c5710, 0x0000019a8f8551a0,
0x0000019a8e14fd50, 0x0000019a8c7dfa00, 0x0000019a8be00050, 0x0000019a8978ee90,
0x0000019aa8707250, 0x0000019aa8703ba0, 0x0000019a9e0feab0, 0x0000019a903e6060,
0x0000019aa915d550, 0x0000019a897915a0, 0x0000019a9f517820, 0x0000019a9e2dacd0,
0x0000019a9e2db4a0, 0x0000019a9e0fe2e0, 0x0000019a9e0ffa50, 0x0000019a9e1009f0,
0x0000019a8f855970, 0x0000019a8f856910, 0x0000019a8f8578b0, 0x0000019aa08b9340,
0x0000019aa08b9b50, 0x0000019aa08ba360, 0x0000019a8f858080, 0x0000019a8f8570e0,
0x0000019a9ef844d0, 0x0000019a9ef85c40, 0x0000019a9ef86410, 0x0000019a9ef86be0,
0x0000019a9f5187c0, 0x0000019a8dc14be0, 0x0000019a8dc153b0, 0x0000019a8dc15b80,
0x0000019a8f8549d0, 0x0000019aa8e31740, 0x0000019aa8e2f030, 0x0000019aa8e2e860,
0x0000019aa8e2f800, 0x0000019aa8e2e090, 0x0000019aa8e30f70, 0x0000019aa8e2ffd0,
0x0000019aa8e307a0, 0x0000019aa316d810, 0x0000019a9f97b010, 0x0000019a9f978130,
0x0000019a8e520d70, 0x0000019aa8a33fb0, 0x0000019aa8a34780, 0x0000019a8bf20240,
0x0000019aa234cf50, 0x0000019a8bf1d360, 0x0000019aa8a34f50, 0x0000019aa8b06af0,
0x0000019aa8a32840, 0x0000019aa8b072c0, 0x0000019a8bf20a10, 0x0000019aa8a337e0,
0x0000019a8bf1db30, 0x0000019aa8b08260, 0x0000019a8b06fe90, 0x0000019a9d4b4000,
0x0000019aa8704b40, 0x0000019aa8705310, 0x0000019a8e524bf0, 0x0000019a8e526360,
0x0000019a9e6f73f0, 0x0000019aa3c243b0, 0x0000019aa1210c80, 0x0000019a9de762e0,
0x0000019a9fe3a400, 0x0000019a9fe39c30, 0x0000019a9fe3abd0, 0x0000019a9fe38c90,
0x0000019a9de76ab0, 0x0000019aa0d379d0, 0x0000019a8bdff880, 0x0000019a9fbae790,
0x0000019a9fbad020, 0x0000019aa0d381a0, 0x0000019aa0d34af0
}

Java Threads: ( => current thread )
  0x0000019aebc71a20 JavaThread "main"                              [_thread_blocked, id=11996, stack(0x000000719ce00000,0x000000719cf00000) (1024K)]
  0x0000019a845864c0 JavaThread "Common-Cleaner"             daemon [_thread_blocked, id=21520, stack(0x000000719d600000,0x000000719d700000) (1024K)]
  0x0000019a845875a0 JavaThread "Reference Handler"          daemon [_thread_blocked, id=21212, stack(0x000000719d700000,0x000000719d800000) (1024K)]
  0x0000019a845b5680 JavaThread "Finalizer"                  daemon [_thread_blocked, id=10848, stack(0x000000719d800000,0x000000719d900000) (1024K)]
  0x0000019a845a3190 JavaThread "Signal Dispatcher"          daemon [_thread_blocked, id=8284, stack(0x000000719d900000,0x000000719da00000) (1024K)]
  0x0000019a845a3d50 JavaThread "Attach Listener"            daemon [_thread_blocked, id=19340, stack(0x000000719da00000,0x000000719db00000) (1024K)]
  0x0000019a845a4910 JavaThread "Service Thread"             daemon [_thread_blocked, id=20524, stack(0x000000719db00000,0x000000719dc00000) (1024K)]
  0x0000019a845bae60 JavaThread "Monitor Deflation Thread"   daemon [_thread_blocked, id=19344, stack(0x000000719dc00000,0x000000719dd00000) (1024K)]
=>0x0000019a845cbd60 JavaThread "C2 CompilerThread0"         daemon [_thread_in_native, id=5648, stack(0x000000719dd00000,0x000000719de00000) (1024K)]
  0x0000019a845de5c0 JavaThread "C1 CompilerThread0"         daemon [_thread_blocked, id=21328, stack(0x000000719de00000,0x000000719df00000) (1024K)]
  0x0000019a8494cf30 JavaThread "Notification Thread"        daemon [_thread_blocked, id=3864, stack(0x000000719e200000,0x000000719e300000) (1024K)]
  0x0000019a8bc33980 JavaThread "Daemon health stats"               [_thread_blocked, id=8096, stack(0x000000719ec00000,0x000000719ed00000) (1024K)]
  0x0000019a8b8ef8e0 JavaThread "Incoming local TCP Connector on port 56991"        [_thread_in_native, id=19492, stack(0x000000719ed00000,0x000000719ee00000) (1024K)]
  0x0000019a8b7a7060 JavaThread "Daemon periodic checks"            [_thread_blocked, id=20500, stack(0x000000719ee00000,0x000000719ef00000) (1024K)]
  0x0000019a8bcffb80 JavaThread "Cache worker for journal cache (C:\Users\A S U S\.gradle\caches\journal-1)"        [_thread_blocked, id=4572, stack(0x000000719ff00000,0x00000071a0000000) (1024K)]
  0x0000019a8bd00b20 JavaThread "File lock request listener"        [_thread_in_native, id=20700, stack(0x00000071a0000000,0x00000071a0100000) (1024K)]
  0x0000019a8d2e10f0 JavaThread "Cache worker for file hash cache (C:\Users\A S U S\.gradle\caches\9.5.0\fileHashes)"        [_thread_blocked, id=21444, stack(0x00000071a0100000,0x00000071a0200000) (1024K)]
  0x0000019a8d2e18c0 JavaThread "File watcher server"        daemon [_thread_in_native, id=19524, stack(0x00000071a0400000,0x00000071a0500000) (1024K)]
  0x0000019a8d2e3800 JavaThread "File watcher consumer"      daemon [_thread_blocked, id=3236, stack(0x00000071a0500000,0x00000071a0600000) (1024K)]
  0x0000019a8d2e2860 JavaThread "jar transforms"                    [_thread_blocked, id=472, stack(0x00000071a0600000,0x00000071a0700000) (1024K)]
  0x0000019a8d2e3030 JavaThread "jar transforms Thread 2"           [_thread_blocked, id=23120, stack(0x00000071a0700000,0x00000071a0800000) (1024K)]
  0x0000019a8d2e4f70 JavaThread "jar transforms Thread 3"           [_thread_blocked, id=18572, stack(0x00000071a0800000,0x00000071a0900000) (1024K)]
  0x0000019a8bca5f50 JavaThread "jar transforms Thread 4"           [_thread_blocked, id=9460, stack(0x00000071a0900000,0x00000071a0a00000) (1024K)]
  0x0000019a8bca6ef0 JavaThread "jar transforms Thread 5"           [_thread_blocked, id=19556, stack(0x00000071a0a00000,0x00000071a0b00000) (1024K)]
  0x0000019a8bca6720 JavaThread "jar transforms Thread 6"           [_thread_blocked, id=14800, stack(0x00000071a0b00000,0x00000071a0c00000) (1024K)]
  0x0000019a8bca7e90 JavaThread "jar transforms Thread 7"           [_thread_blocked, id=3416, stack(0x00000071a0c00000,0x00000071a0d00000) (1024K)]
  0x0000019a8ba128b0 JavaThread "jar transforms Thread 8"           [_thread_blocked, id=16668, stack(0x00000071a0d00000,0x00000071a0e00000) (1024K)]
  0x0000019a8ba13080 JavaThread "jar transforms Thread 9"           [_thread_blocked, id=15252, stack(0x00000071a0e00000,0x00000071a0f00000) (1024K)]
  0x0000019a8ba13850 JavaThread "jar transforms Thread 10"          [_thread_blocked, id=3896, stack(0x00000071a0f00000,0x00000071a1000000) (1024K)]
  0x0000019a8ba14020 JavaThread "jar transforms Thread 11"          [_thread_blocked, id=2776, stack(0x00000071a1000000,0x00000071a1100000) (1024K)]
  0x0000019a8d49af40 JavaThread "jar transforms Thread 12"          [_thread_blocked, id=5888, stack(0x00000071a1100000,0x00000071a1200000) (1024K)]
  0x0000019a8d4997d0 JavaThread "jar transforms Thread 13"          [_thread_blocked, id=4616, stack(0x00000071a1200000,0x00000071a1300000) (1024K)]
  0x0000019a8d498830 JavaThread "jar transforms Thread 14"          [_thread_blocked, id=10380, stack(0x00000071a1300000,0x00000071a1400000) (1024K)]
  0x0000019a8d499fa0 JavaThread "jar transforms Thread 15"          [_thread_blocked, id=13004, stack(0x00000071a1400000,0x00000071a1500000) (1024K)]
  0x0000019a8d498060 JavaThread "jar transforms Thread 16"          [_thread_blocked, id=16196, stack(0x00000071a1500000,0x00000071a1600000) (1024K)]
  0x0000019a8d54e660 JavaThread "Cache worker for file content cache (C:\Users\A S U S\.gradle\caches\9.5.0\fileContent)"        [_thread_blocked, id=20836, stack(0x00000071a1600000,0x00000071a1700000) (1024K)]
  0x0000019a8d49b710 JavaThread "DefaultDispatcher-worker-1" daemon [_thread_blocked, id=17256, stack(0x000000719e500000,0x000000719e600000) (1024K)]
  0x0000019a84892a70 JavaThread "DefaultDispatcher-worker-2" daemon [_thread_blocked, id=22712, stack(0x000000719e600000,0x000000719e700000) (1024K)]
  0x0000019a8c8c5710 JavaThread "DefaultDispatcher-worker-3" daemon [_thread_blocked, id=24068, stack(0x00000071a2a00000,0x00000071a2b00000) (1024K)]
  0x0000019a8f8551a0 JavaThread "Memory manager"                    [_thread_blocked, id=13816, stack(0x000000719e400000,0x000000719e500000) (1024K)]
  0x0000019a8e14fd50 JavaThread "pool-3-thread-1"                   [_thread_blocked, id=16928, stack(0x00000071a2e00000,0x00000071a2f00000) (1024K)]
  0x0000019a8c7dfa00 JavaThread "pool-6-thread-1"                   [_thread_blocked, id=21320, stack(0x00000071a3200000,0x00000071a3300000) (1024K)]
  0x0000019a8be00050 JavaThread "RMI Scheduler(0)"           daemon [_thread_blocked, id=16500, stack(0x00000071a4c00000,0x00000071a4d00000) (1024K)]
  0x0000019a8978ee90 JavaThread "RMI GC Daemon"              daemon [_thread_blocked, id=3396, stack(0x00000071a4e00000,0x00000071a4f00000) (1024K)]
  0x0000019aa8707250 JavaThread "RMI TCP Accept-0"           daemon [_thread_in_native, id=19884, stack(0x00000071a4f00000,0x00000071a5000000) (1024K)]
  0x0000019aa8703ba0 JavaThread "RMI Reaper"                        [_thread_blocked, id=12656, stack(0x00000071a5000000,0x00000071a5100000) (1024K)]
  0x0000019a9e0feab0 JavaThread "pool-11-thread-1"                  [_thread_blocked, id=24452, stack(0x00000071a2d00000,0x00000071a2e00000) (1024K)]
  0x0000019a903e6060 JavaThread "Daemon Thread 2"                   [_thread_blocked, id=23088, stack(0x000000719cb00000,0x000000719cc00000) (1024K)]
  0x0000019aa915d550 JavaThread "Daemon worker Thread 2"            [_thread_blocked, id=14332, stack(0x000000719df00000,0x000000719e000000) (1024K)]
  0x0000019a897915a0 JavaThread "pool-14-thread-1"                  [_thread_blocked, id=18132, stack(0x00000071a2700000,0x00000071a2800000) (1024K)]
  0x0000019a9f517820 JavaThread "VFS cleanup Thread 2"              [_thread_blocked, id=9072, stack(0x000000719e000000,0x000000719e100000) (1024K)]
  0x0000019a9e2dacd0 JavaThread "Handler for socket connection from /127.0.0.1:56991 to /127.0.0.1:56054"        [_thread_in_native, id=12352, stack(0x000000719cc00000,0x000000719cd00000) (1024K)]
  0x0000019a9e2db4a0 JavaThread "Cancel handler"                    [_thread_blocked, id=19872, stack(0x000000719cd00000,0x000000719ce00000) (1024K)]
  0x0000019a9e0fe2e0 JavaThread "Asynchronous log dispatcher for DefaultDaemonConnection: socket connection from /127.0.0.1:56991 to /127.0.0.1:56054"        [_thread_blocked, id=23308, stack(0x000000719e100000,0x000000719e200000) (1024K)]
  0x0000019a9e0ffa50 JavaThread "Stdin handler"                     [_thread_blocked, id=14696, stack(0x000000719e300000,0x000000719e400000) (1024K)]
  0x0000019a9e1009f0 JavaThread "Daemon client event forwarder"        [_thread_blocked, id=19504, stack(0x000000719f800000,0x000000719f900000) (1024K)]
  0x0000019a8f855970 JavaThread "Cache worker for file hash cache (D:\PemesananTiket\.gradle\9.5.0\fileHashes)"        [_thread_blocked, id=5920, stack(0x000000719f900000,0x000000719fa00000) (1024K)]
  0x0000019a8f856910 JavaThread "Cache worker for checksums cache (D:\PemesananTiket\.gradle\9.5.0\checksums)"        [_thread_blocked, id=14472, stack(0x000000719fa00000,0x000000719fb00000) (1024K)]
  0x0000019a8f8578b0 JavaThread "Cache worker for Build Output Cleanup Cache (D:\PemesananTiket\.gradle\buildOutputCleanup)"        [_thread_blocked, id=8100, stack(0x000000719fb00000,0x000000719fc00000) (1024K)]
  0x0000019aa08b9340 JavaThread "C1 CompilerThread1"         daemon [_thread_blocked, id=20036, stack(0x000000719fd00000,0x000000719fe00000) (1024K)]
  0x0000019aa08b9b50 JavaThread "C1 CompilerThread2"         daemon [_thread_blocked, id=18032, stack(0x000000719fe00000,0x000000719ff00000) (1024K)]
  0x0000019aa08ba360 JavaThread "C1 CompilerThread3"         daemon [_thread_blocked, id=21312, stack(0x00000071a0200000,0x00000071a0300000) (1024K)]
  0x0000019a8f858080 JavaThread "Cache worker for cache directory md-supplier (C:\Users\A S U S\.gradle\caches\9.5.0\md-supplier)"        [_thread_blocked, id=3400, stack(0x00000071a0300000,0x00000071a0400000) (1024K)]
  0x0000019a8f8570e0 JavaThread "Cache worker for cache directory md-rule (C:\Users\A S U S\.gradle\caches\9.5.0\md-rule)"        [_thread_blocked, id=4728, stack(0x00000071a1700000,0x00000071a1800000) (1024K)]
  0x0000019a9ef844d0 JavaThread "build event listener"              [_thread_blocked, id=19376, stack(0x00000071a1900000,0x00000071a1a00000) (1024K)]
  0x0000019a9ef85c40 JavaThread "build event listener"              [_thread_blocked, id=412, stack(0x00000071a1a00000,0x00000071a1b00000) (1024K)]
  0x0000019a9ef86410 JavaThread "build event listener"              [_thread_blocked, id=6080, stack(0x00000071a1b00000,0x00000071a1c00000) (1024K)]
  0x0000019a9ef86be0 JavaThread "Build operations"                  [_thread_blocked, id=16204, stack(0x00000071a1c00000,0x00000071a1d00000) (1024K)]
  0x0000019a9f5187c0 JavaThread "included builds"                   [_thread_blocked, id=17956, stack(0x00000071a1800000,0x00000071a1900000) (1024K)]
  0x0000019a8dc14be0 JavaThread "Execution worker"                  [_thread_blocked, id=1940, stack(0x00000071a1d00000,0x00000071a1e00000) (1024K)]
  0x0000019a8dc153b0 JavaThread "Execution worker Thread 2"         [_thread_blocked, id=14848, stack(0x00000071a1e00000,0x00000071a1f00000) (1024K)]
  0x0000019a8dc15b80 JavaThread "Execution worker Thread 3"         [_thread_blocked, id=11080, stack(0x00000071a1f00000,0x00000071a2000000) (1024K)]
  0x0000019a8f8549d0 JavaThread "Execution worker Thread 4"         [_thread_blocked, id=19728, stack(0x00000071a2000000,0x00000071a2100000) (1024K)]
  0x0000019aa8e31740 JavaThread "Execution worker Thread 5"         [_thread_blocked, id=21896, stack(0x00000071a2100000,0x00000071a2200000) (1024K)]
  0x0000019aa8e2f030 JavaThread "Execution worker Thread 6"         [_thread_blocked, id=20380, stack(0x00000071a2200000,0x00000071a2300000) (1024K)]
  0x0000019aa8e2e860 JavaThread "Execution worker Thread 7"         [_thread_blocked, id=3900, stack(0x00000071a2300000,0x00000071a2400000) (1024K)]
  0x0000019aa8e2f800 JavaThread "Execution worker Thread 8"         [_thread_blocked, id=11212, stack(0x00000071a2400000,0x00000071a2500000) (1024K)]
  0x0000019aa8e2e090 JavaThread "Execution worker Thread 9"         [_thread_blocked, id=12240, stack(0x00000071a2500000,0x00000071a2600000) (1024K)]
  0x0000019aa8e30f70 JavaThread "Execution worker Thread 10"        [_thread_blocked, id=21524, stack(0x00000071a2600000,0x00000071a2700000) (1024K)]
  0x0000019aa8e2ffd0 JavaThread "Execution worker Thread 11"        [_thread_blocked, id=14740, stack(0x00000071a2800000,0x00000071a2900000) (1024K)]
  0x0000019aa8e307a0 JavaThread "Execution worker Thread 12"        [_thread_blocked, id=12108, stack(0x00000071a2900000,0x00000071a2a00000) (1024K)]
  0x0000019aa316d810 JavaThread "Execution worker Thread 13"        [_thread_blocked, id=2624, stack(0x00000071a2b00000,0x00000071a2c00000) (1024K)]
  0x0000019a9f97b010 JavaThread "Execution worker Thread 14"        [_thread_blocked, id=20864, stack(0x00000071a2c00000,0x00000071a2d00000) (1024K)]
  0x0000019a9f978130 JavaThread "Execution worker Thread 15"        [_thread_blocked, id=2504, stack(0x00000071a2f00000,0x00000071a3000000) (1024K)]
  0x0000019a8e520d70 JavaThread "Cache worker for execution history cache (D:\PemesananTiket\.gradle\9.5.0\executionHistory)"        [_thread_blocked, id=19636, stack(0x00000071a3000000,0x00000071a3100000) (1024K)]
  0x0000019aa8a33fb0 JavaThread "Build operations Thread 2"         [_thread_blocked, id=16872, stack(0x00000071a3100000,0x00000071a3200000) (1024K)]
  0x0000019aa8a34780 JavaThread "Build operations Thread 3"         [_thread_blocked, id=20620, stack(0x00000071a3300000,0x00000071a3400000) (1024K)]
  0x0000019a8bf20240 JavaThread "Build operations Thread 4"         [_thread_blocked, id=24332, stack(0x00000071a3400000,0x00000071a3500000) (1024K)]
  0x0000019aa234cf50 JavaThread "pool-16-thread-1"                  [_thread_blocked, id=23440, stack(0x00000071a3500000,0x00000071a3600000) (1024K)]
  0x0000019a8bf1d360 JavaThread "Build operations Thread 5"         [_thread_blocked, id=4136, stack(0x00000071a3600000,0x00000071a3700000) (1024K)]
  0x0000019aa8a34f50 JavaThread "Build operations Thread 6"         [_thread_blocked, id=8136, stack(0x00000071a3700000,0x00000071a3800000) (1024K)]
  0x0000019aa8b06af0 JavaThread "Build operations Thread 7"         [_thread_blocked, id=19680, stack(0x00000071a3800000,0x00000071a3900000) (1024K)]
  0x0000019aa8a32840 JavaThread "Build operations Thread 8"         [_thread_blocked, id=15192, stack(0x00000071a3900000,0x00000071a3a00000) (1024K)]
  0x0000019aa8b072c0 JavaThread "Build operations Thread 9"         [_thread_blocked, id=22996, stack(0x00000071a3a00000,0x00000071a3b00000) (1024K)]
  0x0000019a8bf20a10 JavaThread "Build operations Thread 10"        [_thread_blocked, id=24072, stack(0x00000071a3b00000,0x00000071a3c00000) (1024K)]
  0x0000019aa8a337e0 JavaThread "Build operations Thread 11"        [_thread_blocked, id=10352, stack(0x00000071a3c00000,0x00000071a3d00000) (1024K)]
  0x0000019a8bf1db30 JavaThread "Build operations Thread 13"        [_thread_blocked, id=19752, stack(0x00000071a3d00000,0x00000071a3e00000) (1024K)]
  0x0000019aa8b08260 JavaThread "Build operations Thread 12"        [_thread_blocked, id=15092, stack(0x00000071a3e00000,0x00000071a3f00000) (1024K)]
  0x0000019a8b06fe90 JavaThread "Build operations Thread 14"        [_thread_blocked, id=5256, stack(0x00000071a3f00000,0x00000071a4000000) (1024K)]
  0x0000019a9d4b4000 JavaThread "Build operations Thread 15"        [_thread_blocked, id=23804, stack(0x00000071a4000000,0x00000071a4100000) (1024K)]
  0x0000019aa8704b40 JavaThread "Build operations Thread 16"        [_thread_blocked, id=14708, stack(0x00000071a4100000,0x00000071a4200000) (1024K)]
  0x0000019aa8705310 JavaThread "WorkerExecutor Queue"              [_thread_blocked, id=23800, stack(0x00000071a4200000,0x00000071a4300000) (1024K)]
  0x0000019a8e524bf0 JavaThread "RMI TCP Connection(2)-127.0.0.1" daemon [_thread_in_native, id=10556, stack(0x00000071a4400000,0x00000071a4500000) (1024K)]
  0x0000019a8e526360 JavaThread "RMI TCP Connection(3)-127.0.0.1" daemon [_thread_in_native, id=8892, stack(0x00000071a4500000,0x00000071a4600000) (1024K)]
  0x0000019a9e6f73f0 JavaThread "WorkerExecutor Queue Thread 2"        [_thread_blocked, id=15684, stack(0x000000719fc00000,0x000000719fd00000) (1024K)]
  0x0000019aa3c243b0 JavaThread "WorkerExecutor Queue Thread 3"        [_thread_blocked, id=20832, stack(0x00000071a4600000,0x00000071a4700000) (1024K)]
  0x0000019aa1210c80 JavaThread "WorkerExecutor Queue Thread 4"        [_thread_blocked, id=19368, stack(0x00000071a4700000,0x00000071a4800000) (1024K)]
  0x0000019a9de762e0 JavaThread "WorkerExecutor Queue Thread 5"        [_thread_blocked, id=15856, stack(0x00000071a4800000,0x00000071a4900000) (1024K)]
  0x0000019a9fe3a400 JavaThread "WorkerExecutor Queue Thread 6"        [_thread_in_Java, id=22916, stack(0x00000071a4900000,0x00000071a4a00000) (1024K)]
  0x0000019a9fe39c30 JavaThread "WorkerExecutor Queue Thread 7"        [_thread_blocked, id=17144, stack(0x00000071a4a00000,0x00000071a4b00000) (1024K)]
  0x0000019a9fe3abd0 JavaThread "WorkerExecutor Queue Thread 8"        [_thread_blocked, id=8640, stack(0x00000071a4b00000,0x00000071a4c00000) (1024K)]
  0x0000019a9fe38c90 JavaThread "WorkerExecutor Queue Thread 9"        [_thread_blocked, id=22068, stack(0x00000071a4d00000,0x00000071a4e00000) (1024K)]
  0x0000019a9de76ab0 JavaThread "WorkerExecutor Queue Thread 10"        [_thread_blocked, id=19632, stack(0x00000071a5100000,0x00000071a5200000) (1024K)]
  0x0000019aa0d379d0 JavaThread "WorkerExecutor Queue Thread 11"        [_thread_blocked, id=3428, stack(0x00000071a5200000,0x00000071a5300000) (1024K)]
  0x0000019a8bdff880 JavaThread "WorkerExecutor Queue Thread 12"        [_thread_blocked, id=19520, stack(0x00000071a5300000,0x00000071a5400000) (1024K)]
  0x0000019a9fbae790 JavaThread "WorkerExecutor Queue Thread 13"        [_thread_blocked, id=16260, stack(0x00000071a5400000,0x00000071a5500000) (1024K)]
  0x0000019a9fbad020 JavaThread "WorkerExecutor Queue Thread 14"        [_thread_blocked, id=22468, stack(0x00000071a5500000,0x00000071a5600000) (1024K)]
  0x0000019aa0d381a0 JavaThread "WorkerExecutor Queue Thread 15"        [_thread_blocked, id=17396, stack(0x00000071a5600000,0x00000071a5700000) (1024K)]
  0x0000019aa0d34af0 JavaThread "WorkerExecutor Queue Thread 16"        [_thread_blocked, id=16288, stack(0x00000071a5700000,0x00000071a5800000) (1024K)]
Total: 119

Other Threads:
  0x0000019aff6b7f90 VMThread "VM Thread"                           [id=10372, stack(0x000000719d500000,0x000000719d600000) (1024K)]
  0x0000019aff67cb90 WatcherThread "VM Periodic Task Thread"        [id=7064, stack(0x000000719d400000,0x000000719d500000) (1024K)]
  0x0000019aebccbdb0 WorkerThread "GC Thread#0"                     [id=3984, stack(0x000000719cf00000,0x000000719d000000) (1024K)]
  0x0000019a89fc05f0 WorkerThread "GC Thread#1"                     [id=6580, stack(0x000000719e700000,0x000000719e800000) (1024K)]
  0x0000019a89fbf900 WorkerThread "GC Thread#2"                     [id=18740, stack(0x000000719e800000,0x000000719e900000) (1024K)]
  0x0000019a89fbfd50 WorkerThread "GC Thread#3"                     [id=23672, stack(0x000000719e900000,0x000000719ea00000) (1024K)]
  0x0000019a89fc01a0 WorkerThread "GC Thread#4"                     [id=9600, stack(0x000000719ea00000,0x000000719eb00000) (1024K)]
  0x0000019a89fc0a40 WorkerThread "GC Thread#5"                     [id=19460, stack(0x000000719eb00000,0x000000719ec00000) (1024K)]
  0x0000019a8bbb03f0 WorkerThread "GC Thread#6"                     [id=8572, stack(0x000000719ef00000,0x000000719f000000) (1024K)]
  0x0000019a8bbaf700 WorkerThread "GC Thread#7"                     [id=15296, stack(0x000000719f000000,0x000000719f100000) (1024K)]
  0x0000019a8bbafb50 WorkerThread "GC Thread#8"                     [id=21928, stack(0x000000719f100000,0x000000719f200000) (1024K)]
  0x0000019a8bbaffa0 WorkerThread "GC Thread#9"                     [id=9144, stack(0x000000719f200000,0x000000719f300000) (1024K)]
  0x0000019a8bbb0840 WorkerThread "GC Thread#10"                    [id=17968, stack(0x000000719f300000,0x000000719f400000) (1024K)]
  0x0000019a8bbb1530 WorkerThread "GC Thread#11"                    [id=5600, stack(0x000000719f400000,0x000000719f500000) (1024K)]
  0x0000019a8bbb2ac0 WorkerThread "GC Thread#12"                    [id=19328, stack(0x000000719f500000,0x000000719f600000) (1024K)]
  0x0000019aebd23010 ConcurrentGCThread "G1 Main Marker"            [id=11780, stack(0x000000719d000000,0x000000719d100000) (1024K)]
  0x0000019aebd24350 WorkerThread "G1 Conc#0"                       [id=19628, stack(0x000000719d100000,0x000000719d200000) (1024K)]
  0x0000019a8bbb2220 WorkerThread "G1 Conc#1"                       [id=13964, stack(0x000000719f600000,0x000000719f700000) (1024K)]
  0x0000019a8bbb2f10 WorkerThread "G1 Conc#2"                       [id=6520, stack(0x000000719f700000,0x000000719f800000) (1024K)]
  0x0000019aff54c340 ConcurrentGCThread "G1 Refine#0"               [id=21936, stack(0x000000719d200000,0x000000719d300000) (1024K)]
  0x0000019aff54cf50 ConcurrentGCThread "G1 Service"                [id=3552, stack(0x000000719d300000,0x000000719d400000) (1024K)]
Total: 21

Threads with active compile tasks:
C2 CompilerThread0  237104 46458       4       com.android.tools.r8.internal.f52::c (790 bytes)
Total: 1

VM state: not at safepoint (normal execution)

VM Mutex/Monitor currently owned by a thread: None

Heap address: 0x0000000080000000, size: 2048 MB, Compressed Oops mode: 32-bit

CDS archive(s) not mapped
Compressed class space mapped at: 0x0000000007000000-0x0000000047000000, reserved size: 1073741824
UseCompressedClassPointers 1, UseCompactObjectHeaders 0
Narrow klass pointer bits 32, Max shift 3
Narrow klass base: 0x0000000000000000, Narrow klass shift: 0
Encoding Range: [0x0000000000000000 - 0x0000000100000000), (4294967296 bytes)
Klass Range:    [0x0000000007000000 - 0x0000000047000000), (1073741824 bytes)
Klass ID Range:  [117440512 - 1191182329) (1073741817)
No protection zone.

GC Precious Log:
 CardTable entry size: 512
 Card Set container configuration: InlinePtr #cards 5 size 8 Array Of Cards #cards 10 size 36 Howl #buckets 4 coarsen threshold 1843 Howl Bitmap #cards 512 size 80 coarsen threshold 460 Card regions per heap region 1 cards per card region 2048
 CPUs: 16 total, 16 available
 Memory: 16002M
 Large Page Support: Disabled
 NUMA Support: Disabled
 Compressed Oops: Enabled (32-bit)
 Heap Region Size: 1M
 Heap Min Capacity: 8M
 Heap Initial Capacity: 252M
 Heap Max Capacity: 2G
 Pre-touch: Disabled
 Parallel Workers: 13
 Concurrent Workers: 3
 Concurrent Refinement Workers: 13
 Periodic GC: Disabled

Heap:
 garbage-first heap   total reserved 2097152K, committed 1019904K, used 538795K [0x0000000080000000, 0x0000000100000000)
  region size 1024K, 50 young (51200K), 31 survivors (31744K)

Heap Regions: E=young(eden), S=young(survivor), O=old, HS=humongous(starts), HC=humongous(continues), CS=collection set, F=free, TAMS=top-at-mark-start, PB=parsable bottom
|   0|0x0000000080000000, 0x0000000080100000, 0x0000000080100000|100%|HS|  |TAMS 0x0000000080000000| PB 0x0000000080000000| Complete |  0
|   1|0x0000000080100000, 0x0000000080200000, 0x0000000080200000|100%|HC|  |TAMS 0x0000000080100000| PB 0x0000000080100000| Complete |  0
|   2|0x0000000080200000, 0x0000000080300000, 0x0000000080300000|100%|HC|  |TAMS 0x0000000080200000| PB 0x0000000080200000| Complete |  0
|   3|0x0000000080300000, 0x0000000080400000, 0x0000000080400000|100%|HC|  |TAMS 0x0000000080300000| PB 0x0000000080300000| Complete |  0
|   4|0x0000000080400000, 0x0000000080500000, 0x0000000080500000|100%| O|  |TAMS 0x0000000080400000| PB 0x0000000080400000| Untracked |  0
|   5|0x0000000080500000, 0x0000000080600000, 0x0000000080600000|100%| O|  |TAMS 0x0000000080500000| PB 0x0000000080500000| Untracked |  0
|   6|0x0000000080600000, 0x0000000080700000, 0x0000000080700000|100%| O|  |TAMS 0x0000000080600000| PB 0x0000000080600000| Untracked |  0
|   7|0x0000000080700000, 0x0000000080800000, 0x0000000080800000|100%|HS|  |TAMS 0x0000000080700000| PB 0x0000000080700000| Complete |  0
|   8|0x0000000080800000, 0x0000000080900000, 0x0000000080900000|100%| O|  |TAMS 0x0000000080800000| PB 0x0000000080800000| Untracked |  0
|   9|0x0000000080900000, 0x0000000080a00000, 0x0000000080a00000|100%| O|  |TAMS 0x0000000080900000| PB 0x0000000080900000| Untracked |  0
|  10|0x0000000080a00000, 0x0000000080b00000, 0x0000000080b00000|100%| O|  |TAMS 0x0000000080a00000| PB 0x0000000080a00000| Untracked |  0
|  11|0x0000000080b00000, 0x0000000080c00000, 0x0000000080c00000|100%| O|  |TAMS 0x0000000080b00000| PB 0x0000000080b00000| Untracked |  0
|  12|0x0000000080c00000, 0x0000000080d00000, 0x0000000080d00000|100%| O|  |TAMS 0x0000000080c00000| PB 0x0000000080c00000| Untracked |  0
|  13|0x0000000080d00000, 0x0000000080e00000, 0x0000000080e00000|100%| O|  |TAMS 0x0000000080d00000| PB 0x0000000080d00000| Untracked |  0
|  14|0x0000000080e00000, 0x0000000080f00000, 0x0000000080f00000|100%| O|Cm|TAMS 0x0000000080e00000| PB 0x0000000080e00000| Complete |  0
|  15|0x0000000080f00000, 0x0000000081000000, 0x0000000081000000|100%| O|  |TAMS 0x0000000080f00000| PB 0x0000000080f00000| Untracked |  0
|  16|0x0000000081000000, 0x0000000081100000, 0x0000000081100000|100%| O|  |TAMS 0x0000000081000000| PB 0x0000000081000000| Untracked |  0
|  17|0x0000000081100000, 0x0000000081200000, 0x0000000081200000|100%| O|  |TAMS 0x0000000081100000| PB 0x0000000081100000| Untracked |  0
|  18|0x0000000081200000, 0x0000000081300000, 0x0000000081300000|100%|HS|  |TAMS 0x0000000081200000| PB 0x0000000081200000| Complete |  0
|  19|0x0000000081300000, 0x0000000081400000, 0x0000000081400000|100%|HC|  |TAMS 0x0000000081300000| PB 0x0000000081300000| Complete |  0
|  20|0x0000000081400000, 0x0000000081500000, 0x0000000081500000|100%|HC|  |TAMS 0x0000000081400000| PB 0x0000000081400000| Complete |  0
|  21|0x0000000081500000, 0x0000000081600000, 0x0000000081600000|100%|HC|  |TAMS 0x0000000081500000| PB 0x0000000081500000| Complete |  0
|  22|0x0000000081600000, 0x0000000081700000, 0x0000000081700000|100%|HC|  |TAMS 0x0000000081600000| PB 0x0000000081600000| Complete |  0
|  23|0x0000000081700000, 0x0000000081800000, 0x0000000081800000|100%|HC|  |TAMS 0x0000000081700000| PB 0x0000000081700000| Complete |  0
|  24|0x0000000081800000, 0x0000000081900000, 0x0000000081900000|100%|HS|  |TAMS 0x0000000081800000| PB 0x0000000081800000| Complete |  0
|  25|0x0000000081900000, 0x0000000081a00000, 0x0000000081a00000|100%|HS|  |TAMS 0x0000000081900000| PB 0x0000000081900000| Complete |  0
|  26|0x0000000081a00000, 0x0000000081b00000, 0x0000000081b00000|100%|HS|  |TAMS 0x0000000081a00000| PB 0x0000000081a00000| Complete |  0
|  27|0x0000000081b00000, 0x0000000081c00000, 0x0000000081c00000|100%|HC|  |TAMS 0x0000000081b00000| PB 0x0000000081b00000| Complete |  0
|  28|0x0000000081c00000, 0x0000000081d00000, 0x0000000081d00000|100%|HC|  |TAMS 0x0000000081c00000| PB 0x0000000081c00000| Complete |  0
|  29|0x0000000081d00000, 0x0000000081e00000, 0x0000000081e00000|100%|HC|  |TAMS 0x0000000081d00000| PB 0x0000000081d00000| Complete |  0
|  30|0x0000000081e00000, 0x0000000081f00000, 0x0000000081f00000|100%|HC|  |TAMS 0x0000000081e00000| PB 0x0000000081e00000| Complete |  0
|  31|0x0000000081f00000, 0x0000000082000000, 0x0000000082000000|100%|HC|  |TAMS 0x0000000081f00000| PB 0x0000000081f00000| Complete |  0
|  32|0x0000000082000000, 0x0000000082100000, 0x0000000082100000|100%|HS|  |TAMS 0x0000000082000000| PB 0x0000000082000000| Complete |  0
|  33|0x0000000082100000, 0x0000000082200000, 0x0000000082200000|100%| O|  |TAMS 0x0000000082100000| PB 0x0000000082100000| Untracked |  0
|  34|0x0000000082200000, 0x0000000082300000, 0x0000000082300000|100%| O|  |TAMS 0x0000000082200000| PB 0x0000000082200000| Untracked |  0
|  35|0x0000000082300000, 0x0000000082400000, 0x0000000082400000|100%| O|  |TAMS 0x0000000082300000| PB 0x0000000082300000| Untracked |  0
|  36|0x0000000082400000, 0x0000000082500000, 0x0000000082500000|100%|HS|  |TAMS 0x0000000082400000| PB 0x0000000082400000| Complete |  0
|  37|0x0000000082500000, 0x0000000082600000, 0x0000000082600000|100%| O|  |TAMS 0x0000000082500000| PB 0x0000000082500000| Untracked |  0
|  38|0x0000000082600000, 0x0000000082700000, 0x0000000082700000|100%| O|  |TAMS 0x0000000082600000| PB 0x0000000082600000| Untracked |  0
|  39|0x0000000082700000, 0x0000000082800000, 0x0000000082800000|100%| O|  |TAMS 0x0000000082700000| PB 0x0000000082700000| Untracked |  0
|  40|0x0000000082800000, 0x0000000082900000, 0x0000000082900000|100%| O|  |TAMS 0x0000000082800000| PB 0x0000000082800000| Untracked |  0
|  41|0x0000000082900000, 0x0000000082a00000, 0x0000000082a00000|100%| O|  |TAMS 0x0000000082900000| PB 0x0000000082900000| Untracked |  0
|  42|0x0000000082a00000, 0x0000000082b00000, 0x0000000082b00000|100%| O|  |TAMS 0x0000000082a00000| PB 0x0000000082a00000| Untracked |  0
|  43|0x0000000082b00000, 0x0000000082c00000, 0x0000000082c00000|100%| O|  |TAMS 0x0000000082b00000| PB 0x0000000082b00000| Untracked |  0
|  44|0x0000000082c00000, 0x0000000082d00000, 0x0000000082d00000|100%| O|  |TAMS 0x0000000082c00000| PB 0x0000000082c00000| Untracked |  0
|  45|0x0000000082d00000, 0x0000000082e00000, 0x0000000082e00000|100%| O|  |TAMS 0x0000000082d00000| PB 0x0000000082d00000| Untracked |  0
|  46|0x0000000082e00000, 0x0000000082f00000, 0x0000000082f00000|100%| O|  |TAMS 0x0000000082e00000| PB 0x0000000082e00000| Untracked |  0
|  47|0x0000000082f00000, 0x0000000083000000, 0x0000000083000000|100%| O|  |TAMS 0x0000000082f00000| PB 0x0000000082f00000| Untracked |  0
|  48|0x0000000083000000, 0x0000000083100000, 0x0000000083100000|100%| O|  |TAMS 0x0000000083000000| PB 0x0000000083000000| Untracked |  0
|  49|0x0000000083100000, 0x0000000083200000, 0x0000000083200000|100%| O|  |TAMS 0x0000000083100000| PB 0x0000000083100000| Untracked |  0
|  50|0x0000000083200000, 0x0000000083300000, 0x0000000083300000|100%| O|  |TAMS 0x0000000083200000| PB 0x0000000083200000| Untracked |  0
|  51|0x0000000083300000, 0x0000000083400000, 0x0000000083400000|100%| O|  |TAMS 0x0000000083300000| PB 0x0000000083300000| Untracked |  0
|  52|0x0000000083400000, 0x0000000083500000, 0x0000000083500000|100%| O|  |TAMS 0x0000000083400000| PB 0x0000000083400000| Untracked |  0
|  53|0x0000000083500000, 0x0000000083600000, 0x0000000083600000|100%| O|  |TAMS 0x0000000083500000| PB 0x0000000083500000| Untracked |  0
|  54|0x0000000083600000, 0x0000000083700000, 0x0000000083700000|100%| O|  |TAMS 0x0000000083600000| PB 0x0000000083600000| Untracked |  0
|  55|0x0000000083700000, 0x0000000083800000, 0x0000000083800000|100%| O|  |TAMS 0x0000000083700000| PB 0x0000000083700000| Untracked |  0
|  56|0x0000000083800000, 0x0000000083900000, 0x0000000083900000|100%| O|  |TAMS 0x0000000083800000| PB 0x0000000083800000| Untracked |  0
|  57|0x0000000083900000, 0x0000000083a00000, 0x0000000083a00000|100%| O|  |TAMS 0x0000000083900000| PB 0x0000000083900000| Untracked |  0
|  58|0x0000000083a00000, 0x0000000083b00000, 0x0000000083b00000|100%| O|  |TAMS 0x0000000083a00000| PB 0x0000000083a00000| Untracked |  0
|  59|0x0000000083b00000, 0x0000000083c00000, 0x0000000083c00000|100%| O|  |TAMS 0x0000000083b00000| PB 0x0000000083b00000| Untracked |  0
|  60|0x0000000083c00000, 0x0000000083d00000, 0x0000000083d00000|100%| O|  |TAMS 0x0000000083c00000| PB 0x0000000083c00000| Untracked |  0
|  61|0x0000000083d00000, 0x0000000083e00000, 0x0000000083e00000|100%| O|  |TAMS 0x0000000083d00000| PB 0x0000000083d00000| Untracked |  0
|  62|0x0000000083e00000, 0x0000000083f00000, 0x0000000083f00000|100%| O|Cm|TAMS 0x0000000083e00000| PB 0x0000000083e00000| Complete |  0
|  63|0x0000000083f00000, 0x0000000084000000, 0x0000000084000000|100%| O|  |TAMS 0x0000000083f00000| PB 0x0000000083f00000| Untracked |  0
|  64|0x0000000084000000, 0x0000000084100000, 0x0000000084100000|100%| O|  |TAMS 0x0000000084000000| PB 0x0000000084000000| Untracked |  0
|  65|0x0000000084100000, 0x0000000084200000, 0x0000000084200000|100%| O|  |TAMS 0x0000000084100000| PB 0x0000000084100000| Untracked |  0
|  66|0x0000000084200000, 0x0000000084300000, 0x0000000084300000|100%|HS|  |TAMS 0x0000000084200000| PB 0x0000000084200000| Complete |  0
|  67|0x0000000084300000, 0x0000000084400000, 0x0000000084400000|100%| O|  |TAMS 0x0000000084300000| PB 0x0000000084300000| Untracked |  0
|  68|0x0000000084400000, 0x0000000084500000, 0x0000000084500000|100%| O|  |TAMS 0x0000000084400000| PB 0x0000000084400000| Untracked |  0
|  69|0x0000000084500000, 0x0000000084600000, 0x0000000084600000|100%| O|  |TAMS 0x0000000084500000| PB 0x0000000084500000| Untracked |  0
|  70|0x0000000084600000, 0x0000000084700000, 0x0000000084700000|100%| O|  |TAMS 0x0000000084600000| PB 0x0000000084600000| Untracked |  0
|  71|0x0000000084700000, 0x0000000084800000, 0x0000000084800000|100%| O|  |TAMS 0x0000000084700000| PB 0x0000000084700000| Untracked |  0
|  72|0x0000000084800000, 0x0000000084900000, 0x0000000084900000|100%| O|  |TAMS 0x0000000084800000| PB 0x0000000084800000| Untracked |  0
|  73|0x0000000084900000, 0x0000000084a00000, 0x0000000084a00000|100%| O|  |TAMS 0x0000000084900000| PB 0x0000000084900000| Untracked |  0
|  74|0x0000000084a00000, 0x0000000084b00000, 0x0000000084b00000|100%| O|  |TAMS 0x0000000084a00000| PB 0x0000000084a00000| Untracked |  0
|  75|0x0000000084b00000, 0x0000000084c00000, 0x0000000084c00000|100%| O|  |TAMS 0x0000000084b00000| PB 0x0000000084b00000| Untracked |  0
|  76|0x0000000084c00000, 0x0000000084d00000, 0x0000000084d00000|100%| O|  |TAMS 0x0000000084c00000| PB 0x0000000084c00000| Untracked |  0
|  77|0x0000000084d00000, 0x0000000084e00000, 0x0000000084e00000|100%| O|  |TAMS 0x0000000084d00000| PB 0x0000000084d00000| Untracked |  0
|  78|0x0000000084e00000, 0x0000000084f00000, 0x0000000084f00000|100%| O|  |TAMS 0x0000000084e00000| PB 0x0000000084e00000| Untracked |  0
|  79|0x0000000084f00000, 0x0000000085000000, 0x0000000085000000|100%| O|  |TAMS 0x0000000084f00000| PB 0x0000000084f00000| Untracked |  0
|  80|0x0000000085000000, 0x0000000085100000, 0x0000000085100000|100%| O|  |TAMS 0x0000000085000000| PB 0x0000000085000000| Untracked |  0
|  81|0x0000000085100000, 0x0000000085200000, 0x0000000085200000|100%| O|  |TAMS 0x0000000085100000| PB 0x0000000085100000| Untracked |  0
|  82|0x0000000085200000, 0x0000000085300000, 0x0000000085300000|100%| O|  |TAMS 0x0000000085200000| PB 0x0000000085200000| Untracked |  0
|  83|0x0000000085300000, 0x0000000085400000, 0x0000000085400000|100%| O|  |TAMS 0x0000000085300000| PB 0x0000000085300000| Untracked |  0
|  84|0x0000000085400000, 0x0000000085500000, 0x0000000085500000|100%| O|  |TAMS 0x0000000085400000| PB 0x0000000085400000| Untracked |  0
|  85|0x0000000085500000, 0x0000000085600000, 0x0000000085600000|100%| O|  |TAMS 0x0000000085500000| PB 0x0000000085500000| Untracked |  0
|  86|0x0000000085600000, 0x0000000085700000, 0x0000000085700000|100%| O|  |TAMS 0x0000000085600000| PB 0x0000000085600000| Untracked |  0
|  87|0x0000000085700000, 0x0000000085800000, 0x0000000085800000|100%| O|  |TAMS 0x0000000085700000| PB 0x0000000085700000| Untracked |  0
|  88|0x0000000085800000, 0x0000000085900000, 0x0000000085900000|100%| O|  |TAMS 0x0000000085800000| PB 0x0000000085800000| Untracked |  0
|  89|0x0000000085900000, 0x0000000085a00000, 0x0000000085a00000|100%| O|  |TAMS 0x0000000085900000| PB 0x0000000085900000| Untracked |  0
|  90|0x0000000085a00000, 0x0000000085b00000, 0x0000000085b00000|100%| O|  |TAMS 0x0000000085a00000| PB 0x0000000085a00000| Untracked |  0
|  91|0x0000000085b00000, 0x0000000085c00000, 0x0000000085c00000|100%| O|  |TAMS 0x0000000085b00000| PB 0x0000000085b00000| Untracked |  0
|  92|0x0000000085c00000, 0x0000000085d00000, 0x0000000085d00000|100%| O|  |TAMS 0x0000000085c00000| PB 0x0000000085c00000| Untracked |  0
|  93|0x0000000085d00000, 0x0000000085e00000, 0x0000000085e00000|100%| O|  |TAMS 0x0000000085d00000| PB 0x0000000085d00000| Untracked |  0
|  94|0x0000000085e00000, 0x0000000085f00000, 0x0000000085f00000|100%| O|  |TAMS 0x0000000085e00000| PB 0x0000000085e00000| Untracked |  0
|  95|0x0000000085f00000, 0x0000000086000000, 0x0000000086000000|100%| O|  |TAMS 0x0000000085f00000| PB 0x0000000085f00000| Untracked |  0
|  96|0x0000000086000000, 0x0000000086100000, 0x0000000086100000|100%| O|Cm|TAMS 0x0000000086000000| PB 0x0000000086000000| Complete |  0
|  97|0x0000000086100000, 0x0000000086200000, 0x0000000086200000|100%| O|  |TAMS 0x0000000086100000| PB 0x0000000086100000| Untracked |  0
|  98|0x0000000086200000, 0x0000000086300000, 0x0000000086300000|100%| O|  |TAMS 0x0000000086200000| PB 0x0000000086200000| Untracked |  0
|  99|0x0000000086300000, 0x0000000086400000, 0x0000000086400000|100%| O|Cm|TAMS 0x0000000086300000| PB 0x0000000086300000| Complete |  0
| 100|0x0000000086400000, 0x0000000086500000, 0x0000000086500000|100%| O|  |TAMS 0x0000000086400000| PB 0x0000000086400000| Untracked |  0
| 101|0x0000000086500000, 0x0000000086600000, 0x0000000086600000|100%| O|  |TAMS 0x0000000086500000| PB 0x0000000086500000| Untracked |  0
| 102|0x0000000086600000, 0x0000000086700000, 0x0000000086700000|100%| O|  |TAMS 0x0000000086600000| PB 0x0000000086600000| Untracked |  0
| 103|0x0000000086700000, 0x0000000086800000, 0x0000000086800000|100%| O|  |TAMS 0x0000000086700000| PB 0x0000000086700000| Untracked |  0
| 104|0x0000000086800000, 0x0000000086900000, 0x0000000086900000|100%| O|  |TAMS 0x0000000086800000| PB 0x0000000086800000| Untracked |  0
| 105|0x0000000086900000, 0x0000000086a00000, 0x0000000086a00000|100%| O|  |TAMS 0x0000000086900000| PB 0x0000000086900000| Untracked |  0
| 106|0x0000000086a00000, 0x0000000086b00000, 0x0000000086b00000|100%| O|  |TAMS 0x0000000086a00000| PB 0x0000000086a00000| Untracked |  0
| 107|0x0000000086b00000, 0x0000000086c00000, 0x0000000086c00000|100%| O|  |TAMS 0x0000000086b00000| PB 0x0000000086b00000| Untracked |  0
| 108|0x0000000086c00000, 0x0000000086d00000, 0x0000000086d00000|100%| O|  |TAMS 0x0000000086c00000| PB 0x0000000086c00000| Untracked |  0
| 109|0x0000000086d00000, 0x0000000086e00000, 0x0000000086e00000|100%| O|  |TAMS 0x0000000086d00000| PB 0x0000000086d00000| Untracked |  0
| 110|0x0000000086e00000, 0x0000000086f00000, 0x0000000086f00000|100%| O|  |TAMS 0x0000000086e00000| PB 0x0000000086e00000| Untracked |  0
| 111|0x0000000086f00000, 0x0000000087000000, 0x0000000087000000|100%| O|  |TAMS 0x0000000086f00000| PB 0x0000000086f00000| Untracked |  0
| 112|0x0000000087000000, 0x0000000087100000, 0x0000000087100000|100%| O|  |TAMS 0x0000000087000000| PB 0x0000000087000000| Untracked |  0
| 113|0x0000000087100000, 0x0000000087200000, 0x0000000087200000|100%| O|  |TAMS 0x0000000087100000| PB 0x0000000087100000| Untracked |  0
| 114|0x0000000087200000, 0x0000000087300000, 0x0000000087300000|100%| O|  |TAMS 0x0000000087200000| PB 0x0000000087200000| Untracked |  0
| 115|0x0000000087300000, 0x0000000087400000, 0x0000000087400000|100%| O|  |TAMS 0x0000000087300000| PB 0x0000000087300000| Untracked |  0
| 116|0x0000000087400000, 0x0000000087500000, 0x0000000087500000|100%| O|  |TAMS 0x0000000087400000| PB 0x0000000087400000| Untracked |  0
| 117|0x0000000087500000, 0x0000000087600000, 0x0000000087600000|100%| O|  |TAMS 0x0000000087500000| PB 0x0000000087500000| Untracked |  0
| 118|0x0000000087600000, 0x0000000087700000, 0x0000000087700000|100%| O|  |TAMS 0x0000000087600000| PB 0x0000000087600000| Untracked |  0
| 119|0x0000000087700000, 0x0000000087800000, 0x0000000087800000|100%| O|  |TAMS 0x0000000087700000| PB 0x0000000087700000| Untracked |  0
| 120|0x0000000087800000, 0x0000000087900000, 0x0000000087900000|100%| O|  |TAMS 0x0000000087800000| PB 0x0000000087800000| Untracked |  0
| 121|0x0000000087900000, 0x0000000087a00000, 0x0000000087a00000|100%| O|  |TAMS 0x0000000087900000| PB 0x0000000087900000| Untracked |  0
| 122|0x0000000087a00000, 0x0000000087b00000, 0x0000000087b00000|100%| O|  |TAMS 0x0000000087a00000| PB 0x0000000087a00000| Untracked |  0
| 123|0x0000000087b00000, 0x0000000087c00000, 0x0000000087c00000|100%| O|  |TAMS 0x0000000087b00000| PB 0x0000000087b00000| Untracked |  0
| 124|0x0000000087c00000, 0x0000000087d00000, 0x0000000087d00000|100%| O|Cm|TAMS 0x0000000087c00000| PB 0x0000000087c00000| Complete |  0
| 125|0x0000000087d00000, 0x0000000087e00000, 0x0000000087e00000|100%| O|  |TAMS 0x0000000087d00000| PB 0x0000000087d00000| Untracked |  0
| 126|0x0000000087e00000, 0x0000000087f00000, 0x0000000087f00000|100%| O|  |TAMS 0x0000000087e00000| PB 0x0000000087e00000| Untracked |  0
| 127|0x0000000087f00000, 0x0000000088000000, 0x0000000088000000|100%|HS|  |TAMS 0x0000000087f00000| PB 0x0000000087f00000| Complete |  0
| 128|0x0000000088000000, 0x0000000088100000, 0x0000000088100000|100%|HS|  |TAMS 0x0000000088000000| PB 0x0000000088000000| Complete |  0
| 129|0x0000000088100000, 0x0000000088200000, 0x0000000088200000|100%|HS|  |TAMS 0x0000000088100000| PB 0x0000000088100000| Complete |  0
| 130|0x0000000088200000, 0x0000000088300000, 0x0000000088300000|100%|HS|  |TAMS 0x0000000088200000| PB 0x0000000088200000| Complete |  0
| 131|0x0000000088300000, 0x0000000088400000, 0x0000000088400000|100%|HC|  |TAMS 0x0000000088300000| PB 0x0000000088300000| Complete |  0
| 132|0x0000000088400000, 0x0000000088500000, 0x0000000088500000|100%|HS|  |TAMS 0x0000000088400000| PB 0x0000000088400000| Complete |  0
| 133|0x0000000088500000, 0x0000000088600000, 0x0000000088600000|100%|HS|  |TAMS 0x0000000088500000| PB 0x0000000088500000| Complete |  0
| 134|0x0000000088600000, 0x0000000088700000, 0x0000000088700000|100%|HS|  |TAMS 0x0000000088600000| PB 0x0000000088600000| Complete |  0
| 135|0x0000000088700000, 0x0000000088800000, 0x0000000088800000|100%| O|  |TAMS 0x0000000088700000| PB 0x0000000088700000| Untracked |  0
| 136|0x0000000088800000, 0x0000000088900000, 0x0000000088900000|100%|HS|  |TAMS 0x0000000088800000| PB 0x0000000088800000| Complete |  0
| 137|0x0000000088900000, 0x0000000088a00000, 0x0000000088a00000|100%| O|  |TAMS 0x0000000088900000| PB 0x0000000088900000| Untracked |  0
| 138|0x0000000088a00000, 0x0000000088b00000, 0x0000000088b00000|100%| O|Cm|TAMS 0x0000000088a00000| PB 0x0000000088a00000| Complete |  0
| 139|0x0000000088b00000, 0x0000000088c00000, 0x0000000088c00000|100%| O|  |TAMS 0x0000000088b00000| PB 0x0000000088b00000| Untracked |  0
| 140|0x0000000088c00000, 0x0000000088d00000, 0x0000000088d00000|100%| O|  |TAMS 0x0000000088c00000| PB 0x0000000088c00000| Untracked |  0
| 141|0x0000000088d00000, 0x0000000088e00000, 0x0000000088e00000|100%| O|  |TAMS 0x0000000088d00000| PB 0x0000000088d00000| Untracked |  0
| 142|0x0000000088e00000, 0x0000000088f00000, 0x0000000088f00000|100%| O|  |TAMS 0x0000000088e00000| PB 0x0000000088e00000| Untracked |  0
| 143|0x0000000088f00000, 0x0000000089000000, 0x0000000089000000|100%| O|  |TAMS 0x0000000088f00000| PB 0x0000000088f00000| Untracked |  0
| 144|0x0000000089000000, 0x0000000089100000, 0x0000000089100000|100%|HS|  |TAMS 0x0000000089000000| PB 0x0000000089000000| Complete |  0
| 145|0x0000000089100000, 0x000000008912ac70, 0x0000000089200000| 16%| O|  |TAMS 0x0000000089100000| PB 0x0000000089100000| Untracked |  0
| 146|0x0000000089200000, 0x0000000089300000, 0x0000000089300000|100%|HS|  |TAMS 0x0000000089200000| PB 0x0000000089200000| Complete |  0
| 147|0x0000000089300000, 0x0000000089400000, 0x0000000089400000|100%|HC|  |TAMS 0x0000000089300000| PB 0x0000000089300000| Complete |  0
| 148|0x0000000089400000, 0x0000000089500000, 0x0000000089500000|100%| O|  |TAMS 0x0000000089400000| PB 0x0000000089400000| Untracked |  0
| 149|0x0000000089500000, 0x0000000089600000, 0x0000000089600000|100%| O|Cm|TAMS 0x0000000089500000| PB 0x0000000089500000| Complete |  0
| 150|0x0000000089600000, 0x0000000089700000, 0x0000000089700000|100%| O|  |TAMS 0x0000000089600000| PB 0x0000000089600000| Untracked |  0
| 151|0x0000000089700000, 0x0000000089800000, 0x0000000089800000|100%| O|  |TAMS 0x0000000089700000| PB 0x0000000089700000| Untracked |  0
| 152|0x0000000089800000, 0x0000000089800000, 0x0000000089900000|  0%| F|  |TAMS 0x0000000089800000| PB 0x0000000089800000| Untracked |  0
| 153|0x0000000089900000, 0x0000000089900000, 0x0000000089a00000|  0%| F|  |TAMS 0x0000000089900000| PB 0x0000000089900000| Untracked |  0
| 154|0x0000000089a00000, 0x0000000089b00000, 0x0000000089b00000|100%| O|  |TAMS 0x0000000089a00000| PB 0x0000000089a00000| Untracked |  0
| 155|0x0000000089b00000, 0x0000000089c00000, 0x0000000089c00000|100%| O|  |TAMS 0x0000000089b00000| PB 0x0000000089b00000| Untracked |  0
| 156|0x0000000089c00000, 0x0000000089d00000, 0x0000000089d00000|100%| O|  |TAMS 0x0000000089c00000| PB 0x0000000089c00000| Untracked |  0
| 157|0x0000000089d00000, 0x0000000089e00000, 0x0000000089e00000|100%| O|  |TAMS 0x0000000089d00000| PB 0x0000000089d00000| Untracked |  0
| 158|0x0000000089e00000, 0x0000000089f00000, 0x0000000089f00000|100%| O|  |TAMS 0x0000000089e00000| PB 0x0000000089e00000| Untracked |  0
| 159|0x0000000089f00000, 0x000000008a000000, 0x000000008a000000|100%| O|  |TAMS 0x0000000089f00000| PB 0x0000000089f00000| Untracked |  0
| 160|0x000000008a000000, 0x000000008a100000, 0x000000008a100000|100%| O|  |TAMS 0x000000008a000000| PB 0x000000008a000000| Untracked |  0
| 161|0x000000008a100000, 0x000000008a200000, 0x000000008a200000|100%| O|  |TAMS 0x000000008a100000| PB 0x000000008a100000| Untracked |  0
| 162|0x000000008a200000, 0x000000008a300000, 0x000000008a300000|100%| O|  |TAMS 0x000000008a200000| PB 0x000000008a200000| Untracked |  0
| 163|0x000000008a300000, 0x000000008a400000, 0x000000008a400000|100%| O|  |TAMS 0x000000008a300000| PB 0x000000008a300000| Untracked |  0
| 164|0x000000008a400000, 0x000000008a500000, 0x000000008a500000|100%| O|  |TAMS 0x000000008a400000| PB 0x000000008a400000| Untracked |  0
| 165|0x000000008a500000, 0x000000008a600000, 0x000000008a600000|100%| O|  |TAMS 0x000000008a500000| PB 0x000000008a500000| Untracked |  0
| 166|0x000000008a600000, 0x000000008a700000, 0x000000008a700000|100%| O|  |TAMS 0x000000008a600000| PB 0x000000008a600000| Untracked |  0
| 167|0x000000008a700000, 0x000000008a800000, 0x000000008a800000|100%| O|  |TAMS 0x000000008a700000| PB 0x000000008a700000| Untracked |  0
| 168|0x000000008a800000, 0x000000008a800000, 0x000000008a900000|  0%| F|  |TAMS 0x000000008a800000| PB 0x000000008a800000| Untracked |  0
| 169|0x000000008a900000, 0x000000008a900000, 0x000000008aa00000|  0%| F|  |TAMS 0x000000008a900000| PB 0x000000008a900000| Untracked |  0
| 170|0x000000008aa00000, 0x000000008aa00000, 0x000000008ab00000|  0%| F|  |TAMS 0x000000008aa00000| PB 0x000000008aa00000| Untracked |  0
| 171|0x000000008ab00000, 0x000000008ac00000, 0x000000008ac00000|100%| O|  |TAMS 0x000000008ab00000| PB 0x000000008ab00000| Untracked |  0
| 172|0x000000008ac00000, 0x000000008ad00000, 0x000000008ad00000|100%| O|  |TAMS 0x000000008ac00000| PB 0x000000008ac00000| Untracked |  0
| 173|0x000000008ad00000, 0x000000008ae00000, 0x000000008ae00000|100%| O|  |TAMS 0x000000008ad00000| PB 0x000000008ad00000| Untracked |  0
| 174|0x000000008ae00000, 0x000000008af00000, 0x000000008af00000|100%| O|  |TAMS 0x000000008ae00000| PB 0x000000008ae00000| Untracked |  0
| 175|0x000000008af00000, 0x000000008b000000, 0x000000008b000000|100%| O|  |TAMS 0x000000008af00000| PB 0x000000008af00000| Untracked |  0
| 176|0x000000008b000000, 0x000000008b100000, 0x000000008b100000|100%| O|  |TAMS 0x000000008b000000| PB 0x000000008b000000| Untracked |  0
| 177|0x000000008b100000, 0x000000008b200000, 0x000000008b200000|100%| O|  |TAMS 0x000000008b100000| PB 0x000000008b100000| Untracked |  0
| 178|0x000000008b200000, 0x000000008b300000, 0x000000008b300000|100%| O|  |TAMS 0x000000008b200000| PB 0x000000008b200000| Untracked |  0
| 179|0x000000008b300000, 0x000000008b400000, 0x000000008b400000|100%| O|  |TAMS 0x000000008b300000| PB 0x000000008b300000| Untracked |  0
| 180|0x000000008b400000, 0x000000008b500000, 0x000000008b500000|100%| O|  |TAMS 0x000000008b400000| PB 0x000000008b400000| Untracked |  0
| 181|0x000000008b500000, 0x000000008b600000, 0x000000008b600000|100%| O|  |TAMS 0x000000008b500000| PB 0x000000008b500000| Untracked |  0
| 182|0x000000008b600000, 0x000000008b700000, 0x000000008b700000|100%| O|  |TAMS 0x000000008b600000| PB 0x000000008b600000| Untracked |  0
| 183|0x000000008b700000, 0x000000008b800000, 0x000000008b800000|100%| O|  |TAMS 0x000000008b700000| PB 0x000000008b700000| Untracked |  0
| 184|0x000000008b800000, 0x000000008b900000, 0x000000008b900000|100%| O|  |TAMS 0x000000008b800000| PB 0x000000008b800000| Untracked |  0
| 185|0x000000008b900000, 0x000000008ba00000, 0x000000008ba00000|100%| O|  |TAMS 0x000000008b900000| PB 0x000000008b900000| Untracked |  0
| 186|0x000000008ba00000, 0x000000008bb00000, 0x000000008bb00000|100%| O|  |TAMS 0x000000008ba00000| PB 0x000000008ba00000| Untracked |  0
| 187|0x000000008bb00000, 0x000000008bb00000, 0x000000008bc00000|  0%| F|  |TAMS 0x000000008bb00000| PB 0x000000008bb00000| Untracked |  0
| 188|0x000000008bc00000, 0x000000008bd00000, 0x000000008bd00000|100%| O|  |TAMS 0x000000008bc00000| PB 0x000000008bc00000| Untracked |  0
| 189|0x000000008bd00000, 0x000000008be00000, 0x000000008be00000|100%| O|  |TAMS 0x000000008bd00000| PB 0x000000008bd00000| Untracked |  0
| 190|0x000000008be00000, 0x000000008bf00000, 0x000000008bf00000|100%| O|  |TAMS 0x000000008be00000| PB 0x000000008be00000| Untracked |  0
| 191|0x000000008bf00000, 0x000000008c000000, 0x000000008c000000|100%| O|  |TAMS 0x000000008bf00000| PB 0x000000008bf00000| Untracked |  0
| 192|0x000000008c000000, 0x000000008c100000, 0x000000008c100000|100%| O|  |TAMS 0x000000008c000000| PB 0x000000008c000000| Untracked |  0
| 193|0x000000008c100000, 0x000000008c200000, 0x000000008c200000|100%| O|  |TAMS 0x000000008c100000| PB 0x000000008c100000| Untracked |  0
| 194|0x000000008c200000, 0x000000008c300000, 0x000000008c300000|100%| O|  |TAMS 0x000000008c200000| PB 0x000000008c200000| Untracked |  0
| 195|0x000000008c300000, 0x000000008c400000, 0x000000008c400000|100%| O|  |TAMS 0x000000008c300000| PB 0x000000008c300000| Untracked |  0
| 196|0x000000008c400000, 0x000000008c500000, 0x000000008c500000|100%| O|  |TAMS 0x000000008c400000| PB 0x000000008c400000| Untracked |  0
| 197|0x000000008c500000, 0x000000008c600000, 0x000000008c600000|100%| O|  |TAMS 0x000000008c500000| PB 0x000000008c500000| Untracked |  0
| 198|0x000000008c600000, 0x000000008c700000, 0x000000008c700000|100%| O|  |TAMS 0x000000008c600000| PB 0x000000008c600000| Untracked |  0
| 199|0x000000008c700000, 0x000000008c800000, 0x000000008c800000|100%| O|  |TAMS 0x000000008c700000| PB 0x000000008c700000| Untracked |  0
| 200|0x000000008c800000, 0x000000008c900000, 0x000000008c900000|100%| O|  |TAMS 0x000000008c800000| PB 0x000000008c800000| Untracked |  0
| 201|0x000000008c900000, 0x000000008ca00000, 0x000000008ca00000|100%| O|  |TAMS 0x000000008c900000| PB 0x000000008c900000| Untracked |  0
| 202|0x000000008ca00000, 0x000000008cb00000, 0x000000008cb00000|100%| O|  |TAMS 0x000000008ca00000| PB 0x000000008ca00000| Untracked |  0
| 203|0x000000008cb00000, 0x000000008cc00000, 0x000000008cc00000|100%| O|  |TAMS 0x000000008cb00000| PB 0x000000008cb00000| Untracked |  0
| 204|0x000000008cc00000, 0x000000008cd00000, 0x000000008cd00000|100%| O|  |TAMS 0x000000008cc00000| PB 0x000000008cc00000| Untracked |  0
| 205|0x000000008cd00000, 0x000000008ce00000, 0x000000008ce00000|100%| O|  |TAMS 0x000000008cd00000| PB 0x000000008cd00000| Untracked |  0
| 206|0x000000008ce00000, 0x000000008cf00000, 0x000000008cf00000|100%|HS|  |TAMS 0x000000008ce00000| PB 0x000000008ce00000| Complete |  0
| 207|0x000000008cf00000, 0x000000008d000000, 0x000000008d000000|100%|HC|  |TAMS 0x000000008cf00000| PB 0x000000008cf00000| Complete |  0
| 208|0x000000008d000000, 0x000000008d100000, 0x000000008d100000|100%|HC|  |TAMS 0x000000008d000000| PB 0x000000008d000000| Complete |  0
| 209|0x000000008d100000, 0x000000008d200000, 0x000000008d200000|100%| O|  |TAMS 0x000000008d100000| PB 0x000000008d100000| Untracked |  0
| 210|0x000000008d200000, 0x000000008d300000, 0x000000008d300000|100%| O|  |TAMS 0x000000008d200000| PB 0x000000008d200000| Untracked |  0
| 211|0x000000008d300000, 0x000000008d400000, 0x000000008d400000|100%| O|  |TAMS 0x000000008d300000| PB 0x000000008d300000| Untracked |  0
| 212|0x000000008d400000, 0x000000008d500000, 0x000000008d500000|100%| O|  |TAMS 0x000000008d400000| PB 0x000000008d400000| Untracked |  0
| 213|0x000000008d500000, 0x000000008d600000, 0x000000008d600000|100%| O|  |TAMS 0x000000008d500000| PB 0x000000008d500000| Untracked |  0
| 214|0x000000008d600000, 0x000000008d700000, 0x000000008d700000|100%| O|  |TAMS 0x000000008d600000| PB 0x000000008d600000| Untracked |  0
| 215|0x000000008d700000, 0x000000008d800000, 0x000000008d800000|100%| O|  |TAMS 0x000000008d700000| PB 0x000000008d700000| Untracked |  0
| 216|0x000000008d800000, 0x000000008d900000, 0x000000008d900000|100%| O|  |TAMS 0x000000008d800000| PB 0x000000008d800000| Untracked |  0
| 217|0x000000008d900000, 0x000000008da00000, 0x000000008da00000|100%| O|  |TAMS 0x000000008d900000| PB 0x000000008d900000| Untracked |  0
| 218|0x000000008da00000, 0x000000008db00000, 0x000000008db00000|100%| O|Cm|TAMS 0x000000008da00000| PB 0x000000008da00000| Complete |  0
| 219|0x000000008db00000, 0x000000008dc00000, 0x000000008dc00000|100%| O|  |TAMS 0x000000008db00000| PB 0x000000008db00000| Untracked |  0
| 220|0x000000008dc00000, 0x000000008dd00000, 0x000000008dd00000|100%| O|  |TAMS 0x000000008dc00000| PB 0x000000008dc00000| Untracked |  0
| 221|0x000000008dd00000, 0x000000008de00000, 0x000000008de00000|100%| O|  |TAMS 0x000000008dd00000| PB 0x000000008dd00000| Untracked |  0
| 222|0x000000008de00000, 0x000000008df00000, 0x000000008df00000|100%| O|  |TAMS 0x000000008de00000| PB 0x000000008de00000| Untracked |  0
| 223|0x000000008df00000, 0x000000008e000000, 0x000000008e000000|100%| O|  |TAMS 0x000000008df00000| PB 0x000000008df00000| Untracked |  0
| 224|0x000000008e000000, 0x000000008e100000, 0x000000008e100000|100%| O|  |TAMS 0x000000008e000000| PB 0x000000008e000000| Untracked |  0
| 225|0x000000008e100000, 0x000000008e200000, 0x000000008e200000|100%| O|  |TAMS 0x000000008e100000| PB 0x000000008e100000| Untracked |  0
| 226|0x000000008e200000, 0x000000008e300000, 0x000000008e300000|100%| O|  |TAMS 0x000000008e200000| PB 0x000000008e200000| Untracked |  0
| 227|0x000000008e300000, 0x000000008e400000, 0x000000008e400000|100%| O|  |TAMS 0x000000008e300000| PB 0x000000008e300000| Untracked |  0
| 228|0x000000008e400000, 0x000000008e500000, 0x000000008e500000|100%| O|  |TAMS 0x000000008e400000| PB 0x000000008e400000| Untracked |  0
| 229|0x000000008e500000, 0x000000008e500000, 0x000000008e600000|  0%| F|  |TAMS 0x000000008e500000| PB 0x000000008e500000| Untracked |  0
| 230|0x000000008e600000, 0x000000008e700000, 0x000000008e700000|100%| O|  |TAMS 0x000000008e600000| PB 0x000000008e600000| Untracked |  0
| 231|0x000000008e700000, 0x000000008e800000, 0x000000008e800000|100%| O|  |TAMS 0x000000008e700000| PB 0x000000008e700000| Untracked |  0
| 232|0x000000008e800000, 0x000000008e900000, 0x000000008e900000|100%| O|Cm|TAMS 0x000000008e800000| PB 0x000000008e800000| Complete |  0
| 233|0x000000008e900000, 0x000000008ea00000, 0x000000008ea00000|100%| O|Cm|TAMS 0x000000008e900000| PB 0x000000008e900000| Complete |  0
| 234|0x000000008ea00000, 0x000000008eb00000, 0x000000008eb00000|100%| O|  |TAMS 0x000000008ea00000| PB 0x000000008ea00000| Untracked |  0
| 235|0x000000008eb00000, 0x000000008ec00000, 0x000000008ec00000|100%| O|Cm|TAMS 0x000000008eb00000| PB 0x000000008eb00000| Complete |  0
| 236|0x000000008ec00000, 0x000000008ed00000, 0x000000008ed00000|100%| O|  |TAMS 0x000000008ec00000| PB 0x000000008ec00000| Untracked |  0
| 237|0x000000008ed00000, 0x000000008ed00000, 0x000000008ee00000|  0%| F|  |TAMS 0x000000008ed00000| PB 0x000000008ed00000| Untracked |  0
| 238|0x000000008ee00000, 0x000000008ee00000, 0x000000008ef00000|  0%| F|  |TAMS 0x000000008ee00000| PB 0x000000008ee00000| Untracked |  0
| 239|0x000000008ef00000, 0x000000008ef00000, 0x000000008f000000|  0%| F|  |TAMS 0x000000008ef00000| PB 0x000000008ef00000| Untracked |  0
| 240|0x000000008f000000, 0x000000008f000000, 0x000000008f100000|  0%| F|  |TAMS 0x000000008f000000| PB 0x000000008f000000| Untracked |  0
| 241|0x000000008f100000, 0x000000008f100000, 0x000000008f200000|  0%| F|  |TAMS 0x000000008f100000| PB 0x000000008f100000| Untracked |  0
| 242|0x000000008f200000, 0x000000008f200000, 0x000000008f300000|  0%| F|  |TAMS 0x000000008f200000| PB 0x000000008f200000| Untracked |  0
| 243|0x000000008f300000, 0x000000008f300000, 0x000000008f400000|  0%| F|  |TAMS 0x000000008f300000| PB 0x000000008f300000| Untracked |  0
| 244|0x000000008f400000, 0x000000008f400000, 0x000000008f500000|  0%| F|  |TAMS 0x000000008f400000| PB 0x000000008f400000| Untracked |  0
| 245|0x000000008f500000, 0x000000008f500000, 0x000000008f600000|  0%| F|  |TAMS 0x000000008f500000| PB 0x000000008f500000| Untracked |  0
| 246|0x000000008f600000, 0x000000008f600000, 0x000000008f700000|  0%| F|  |TAMS 0x000000008f600000| PB 0x000000008f600000| Untracked |  0
| 247|0x000000008f700000, 0x000000008f700000, 0x000000008f800000|  0%| F|  |TAMS 0x000000008f700000| PB 0x000000008f700000| Untracked |  0
| 248|0x000000008f800000, 0x000000008f800000, 0x000000008f900000|  0%| F|  |TAMS 0x000000008f800000| PB 0x000000008f800000| Untracked |  0
| 249|0x000000008f900000, 0x000000008f900000, 0x000000008fa00000|  0%| F|  |TAMS 0x000000008f900000| PB 0x000000008f900000| Untracked |  0
| 250|0x000000008fa00000, 0x000000008fa00000, 0x000000008fb00000|  0%| F|  |TAMS 0x000000008fa00000| PB 0x000000008fa00000| Untracked |  0
| 251|0x000000008fb00000, 0x000000008fb00000, 0x000000008fc00000|  0%| F|  |TAMS 0x000000008fb00000| PB 0x000000008fb00000| Untracked |  0
| 252|0x000000008fc00000, 0x000000008fc00000, 0x000000008fd00000|  0%| F|  |TAMS 0x000000008fc00000| PB 0x000000008fc00000| Untracked |  0
| 253|0x000000008fd00000, 0x000000008fd00000, 0x000000008fe00000|  0%| F|  |TAMS 0x000000008fd00000| PB 0x000000008fd00000| Untracked |  0
| 254|0x000000008fe00000, 0x000000008fe00000, 0x000000008ff00000|  0%| F|  |TAMS 0x000000008fe00000| PB 0x000000008fe00000| Untracked |  0
| 255|0x000000008ff00000, 0x000000008ff00000, 0x0000000090000000|  0%| F|  |TAMS 0x000000008ff00000| PB 0x000000008ff00000| Untracked |  0
| 256|0x0000000090000000, 0x0000000090000000, 0x0000000090100000|  0%| F|  |TAMS 0x0000000090000000| PB 0x0000000090000000| Untracked |  0
| 257|0x0000000090100000, 0x0000000090100000, 0x0000000090200000|  0%| F|  |TAMS 0x0000000090100000| PB 0x0000000090100000| Untracked |  0
| 258|0x0000000090200000, 0x0000000090200000, 0x0000000090300000|  0%| F|  |TAMS 0x0000000090200000| PB 0x0000000090200000| Untracked |  0
| 259|0x0000000090300000, 0x0000000090300000, 0x0000000090400000|  0%| F|  |TAMS 0x0000000090300000| PB 0x0000000090300000| Untracked |  0
| 260|0x0000000090400000, 0x0000000090400000, 0x0000000090500000|  0%| F|  |TAMS 0x0000000090400000| PB 0x0000000090400000| Untracked |  0
| 261|0x0000000090500000, 0x0000000090500000, 0x0000000090600000|  0%| F|  |TAMS 0x0000000090500000| PB 0x0000000090500000| Untracked |  0
| 262|0x0000000090600000, 0x0000000090600000, 0x0000000090700000|  0%| F|  |TAMS 0x0000000090600000| PB 0x0000000090600000| Untracked |  0
| 263|0x0000000090700000, 0x0000000090700000, 0x0000000090800000|  0%| F|  |TAMS 0x0000000090700000| PB 0x0000000090700000| Untracked |  0
| 264|0x0000000090800000, 0x0000000090800000, 0x0000000090900000|  0%| F|  |TAMS 0x0000000090800000| PB 0x0000000090800000| Untracked |  0
| 265|0x0000000090900000, 0x0000000090900000, 0x0000000090a00000|  0%| F|  |TAMS 0x0000000090900000| PB 0x0000000090900000| Untracked |  0
| 266|0x0000000090a00000, 0x0000000090b00000, 0x0000000090b00000|100%| O|  |TAMS 0x0000000090a00000| PB 0x0000000090a00000| Untracked |  0
| 267|0x0000000090b00000, 0x0000000090c00000, 0x0000000090c00000|100%| O|  |TAMS 0x0000000090b00000| PB 0x0000000090b00000| Untracked |  0
| 268|0x0000000090c00000, 0x0000000090d00000, 0x0000000090d00000|100%| O|  |TAMS 0x0000000090c00000| PB 0x0000000090c00000| Untracked |  0
| 269|0x0000000090d00000, 0x0000000090e00000, 0x0000000090e00000|100%| O|  |TAMS 0x0000000090d00000| PB 0x0000000090d00000| Untracked |  0
| 270|0x0000000090e00000, 0x0000000090f00000, 0x0000000090f00000|100%| O|  |TAMS 0x0000000090e00000| PB 0x0000000090e00000| Untracked |  0
| 271|0x0000000090f00000, 0x0000000090f00000, 0x0000000091000000|  0%| F|  |TAMS 0x0000000090f00000| PB 0x0000000090f00000| Untracked |  0
| 272|0x0000000091000000, 0x0000000091000000, 0x0000000091100000|  0%| F|  |TAMS 0x0000000091000000| PB 0x0000000091000000| Untracked |  0
| 273|0x0000000091100000, 0x0000000091100000, 0x0000000091200000|  0%| F|  |TAMS 0x0000000091100000| PB 0x0000000091100000| Untracked |  0
| 274|0x0000000091200000, 0x0000000091200000, 0x0000000091300000|  0%| F|  |TAMS 0x0000000091200000| PB 0x0000000091200000| Untracked |  0
| 275|0x0000000091300000, 0x0000000091300000, 0x0000000091400000|  0%| F|  |TAMS 0x0000000091300000| PB 0x0000000091300000| Untracked |  0
| 276|0x0000000091400000, 0x0000000091400000, 0x0000000091500000|  0%| F|  |TAMS 0x0000000091400000| PB 0x0000000091400000| Untracked |  0
| 277|0x0000000091500000, 0x0000000091600000, 0x0000000091600000|100%| O|  |TAMS 0x0000000091500000| PB 0x0000000091500000| Untracked |  0
| 278|0x0000000091600000, 0x0000000091700000, 0x0000000091700000|100%| O|  |TAMS 0x0000000091600000| PB 0x0000000091600000| Untracked |  0
| 279|0x0000000091700000, 0x0000000091700000, 0x0000000091800000|  0%| F|  |TAMS 0x0000000091700000| PB 0x0000000091700000| Untracked |  0
| 280|0x0000000091800000, 0x0000000091800000, 0x0000000091900000|  0%| F|  |TAMS 0x0000000091800000| PB 0x0000000091800000| Untracked |  0
| 281|0x0000000091900000, 0x0000000091a00000, 0x0000000091a00000|100%| O|  |TAMS 0x0000000091900000| PB 0x0000000091900000| Untracked |  0
| 282|0x0000000091a00000, 0x0000000091b00000, 0x0000000091b00000|100%| O|  |TAMS 0x0000000091a00000| PB 0x0000000091a00000| Untracked |  0
| 283|0x0000000091b00000, 0x0000000091c00000, 0x0000000091c00000|100%| O|  |TAMS 0x0000000091b00000| PB 0x0000000091b00000| Untracked |  0
| 284|0x0000000091c00000, 0x0000000091d00000, 0x0000000091d00000|100%| O|  |TAMS 0x0000000091c00000| PB 0x0000000091c00000| Untracked |  0
| 285|0x0000000091d00000, 0x0000000091e00000, 0x0000000091e00000|100%| O|  |TAMS 0x0000000091d00000| PB 0x0000000091d00000| Untracked |  0
| 286|0x0000000091e00000, 0x0000000091f00000, 0x0000000091f00000|100%| O|  |TAMS 0x0000000091e00000| PB 0x0000000091e00000| Untracked |  0
| 287|0x0000000091f00000, 0x0000000092000000, 0x0000000092000000|100%| O|  |TAMS 0x0000000091f00000| PB 0x0000000091f00000| Untracked |  0
| 288|0x0000000092000000, 0x0000000092100000, 0x0000000092100000|100%| O|  |TAMS 0x0000000092000000| PB 0x0000000092000000| Untracked |  0
| 289|0x0000000092100000, 0x0000000092200000, 0x0000000092200000|100%| O|Cm|TAMS 0x0000000092100000| PB 0x0000000092100000| Complete |  0
| 290|0x0000000092200000, 0x0000000092300000, 0x0000000092300000|100%| O|Cm|TAMS 0x0000000092200000| PB 0x0000000092200000| Complete |  0
| 291|0x0000000092300000, 0x0000000092300000, 0x0000000092400000|  0%| F|  |TAMS 0x0000000092300000| PB 0x0000000092300000| Untracked |  0
| 292|0x0000000092400000, 0x0000000092400000, 0x0000000092500000|  0%| F|  |TAMS 0x0000000092400000| PB 0x0000000092400000| Untracked |  0
| 293|0x0000000092500000, 0x0000000092500000, 0x0000000092600000|  0%| F|  |TAMS 0x0000000092500000| PB 0x0000000092500000| Untracked |  0
| 294|0x0000000092600000, 0x0000000092600000, 0x0000000092700000|  0%| F|  |TAMS 0x0000000092600000| PB 0x0000000092600000| Untracked |  0
| 295|0x0000000092700000, 0x0000000092700000, 0x0000000092800000|  0%| F|  |TAMS 0x0000000092700000| PB 0x0000000092700000| Untracked |  0
| 296|0x0000000092800000, 0x0000000092900000, 0x0000000092900000|100%| O|Cm|TAMS 0x0000000092800000| PB 0x0000000092800000| Complete |  0
| 297|0x0000000092900000, 0x0000000092900000, 0x0000000092a00000|  0%| F|  |TAMS 0x0000000092900000| PB 0x0000000092900000| Untracked |  0
| 298|0x0000000092a00000, 0x0000000092b00000, 0x0000000092b00000|100%| O|Cm|TAMS 0x0000000092a00000| PB 0x0000000092a00000| Complete |  0
| 299|0x0000000092b00000, 0x0000000092c00000, 0x0000000092c00000|100%| O|  |TAMS 0x0000000092b00000| PB 0x0000000092b00000| Untracked |  0
| 300|0x0000000092c00000, 0x0000000092d00000, 0x0000000092d00000|100%| O|  |TAMS 0x0000000092c00000| PB 0x0000000092c00000| Untracked |  0
| 301|0x0000000092d00000, 0x0000000092e00000, 0x0000000092e00000|100%| O|  |TAMS 0x0000000092d00000| PB 0x0000000092d00000| Untracked |  0
| 302|0x0000000092e00000, 0x0000000092f00000, 0x0000000092f00000|100%|HS|  |TAMS 0x0000000092e00000| PB 0x0000000092e00000| Complete |  0
| 303|0x0000000092f00000, 0x0000000093000000, 0x0000000093000000|100%| O|  |TAMS 0x0000000092f00000| PB 0x0000000092f00000| Untracked |  0
| 304|0x0000000093000000, 0x0000000093100000, 0x0000000093100000|100%|HS|  |TAMS 0x0000000093000000| PB 0x0000000093000000| Complete |  0
| 305|0x0000000093100000, 0x0000000093200000, 0x0000000093200000|100%| O|  |TAMS 0x0000000093100000| PB 0x0000000093100000| Untracked |  0
| 306|0x0000000093200000, 0x0000000093300000, 0x0000000093300000|100%|HS|  |TAMS 0x0000000093200000| PB 0x0000000093200000| Complete |  0
| 307|0x0000000093300000, 0x0000000093400000, 0x0000000093400000|100%|HS|  |TAMS 0x0000000093300000| PB 0x0000000093300000| Complete |  0
| 308|0x0000000093400000, 0x0000000093500000, 0x0000000093500000|100%|HC|  |TAMS 0x0000000093400000| PB 0x0000000093400000| Complete |  0
| 309|0x0000000093500000, 0x0000000093600000, 0x0000000093600000|100%| O|  |TAMS 0x0000000093500000| PB 0x0000000093500000| Untracked |  0
| 310|0x0000000093600000, 0x0000000093600000, 0x0000000093700000|  0%| F|  |TAMS 0x0000000093600000| PB 0x0000000093600000| Untracked |  0
| 311|0x0000000093700000, 0x0000000093800000, 0x0000000093800000|100%| O|  |TAMS 0x0000000093700000| PB 0x0000000093700000| Untracked |  0
| 312|0x0000000093800000, 0x0000000093900000, 0x0000000093900000|100%| O|  |TAMS 0x0000000093800000| PB 0x0000000093800000| Untracked |  0
| 313|0x0000000093900000, 0x0000000093a00000, 0x0000000093a00000|100%| O|  |TAMS 0x0000000093900000| PB 0x0000000093900000| Untracked |  0
| 314|0x0000000093a00000, 0x0000000093a00000, 0x0000000093b00000|  0%| F|  |TAMS 0x0000000093a00000| PB 0x0000000093a00000| Untracked |  0
| 315|0x0000000093b00000, 0x0000000093c00000, 0x0000000093c00000|100%|HS|  |TAMS 0x0000000093b00000| PB 0x0000000093b00000| Complete |  0
| 316|0x0000000093c00000, 0x0000000093d00000, 0x0000000093d00000|100%| O|  |TAMS 0x0000000093c00000| PB 0x0000000093c00000| Untracked |  0
| 317|0x0000000093d00000, 0x0000000093e00000, 0x0000000093e00000|100%| O|  |TAMS 0x0000000093d00000| PB 0x0000000093d00000| Untracked |  0
| 318|0x0000000093e00000, 0x0000000093f00000, 0x0000000093f00000|100%| O|  |TAMS 0x0000000093e00000| PB 0x0000000093e00000| Untracked |  0
| 319|0x0000000093f00000, 0x0000000094000000, 0x0000000094000000|100%| O|  |TAMS 0x0000000093f00000| PB 0x0000000093f00000| Untracked |  0
| 320|0x0000000094000000, 0x0000000094100000, 0x0000000094100000|100%| O|  |TAMS 0x0000000094000000| PB 0x0000000094000000| Untracked |  0
| 321|0x0000000094100000, 0x0000000094200000, 0x0000000094200000|100%| O|  |TAMS 0x0000000094100000| PB 0x0000000094100000| Untracked |  0
| 322|0x0000000094200000, 0x0000000094200000, 0x0000000094300000|  0%| F|  |TAMS 0x0000000094200000| PB 0x0000000094200000| Untracked |  0
| 323|0x0000000094300000, 0x0000000094300000, 0x0000000094400000|  0%| F|  |TAMS 0x0000000094300000| PB 0x0000000094300000| Untracked |  0
| 324|0x0000000094400000, 0x0000000094500000, 0x0000000094500000|100%| O|Cm|TAMS 0x0000000094400000| PB 0x0000000094400000| Complete |  0
| 325|0x0000000094500000, 0x0000000094600000, 0x0000000094600000|100%|HS|  |TAMS 0x0000000094500000| PB 0x0000000094500000| Complete |  0
| 326|0x0000000094600000, 0x0000000094700000, 0x0000000094700000|100%| O|  |TAMS 0x0000000094600000| PB 0x0000000094600000| Untracked |  0
| 327|0x0000000094700000, 0x0000000094800000, 0x0000000094800000|100%| O|  |TAMS 0x0000000094700000| PB 0x0000000094700000| Untracked |  0
| 328|0x0000000094800000, 0x0000000094900000, 0x0000000094900000|100%| O|  |TAMS 0x0000000094800000| PB 0x0000000094800000| Untracked |  0
| 329|0x0000000094900000, 0x0000000094a00000, 0x0000000094a00000|100%|HS|  |TAMS 0x0000000094900000| PB 0x0000000094900000| Complete |  0
| 330|0x0000000094a00000, 0x0000000094b00000, 0x0000000094b00000|100%| O|  |TAMS 0x0000000094a00000| PB 0x0000000094a00000| Untracked |  0
| 331|0x0000000094b00000, 0x0000000094c00000, 0x0000000094c00000|100%| O|  |TAMS 0x0000000094b00000| PB 0x0000000094b00000| Untracked |  0
| 332|0x0000000094c00000, 0x0000000094d00000, 0x0000000094d00000|100%| O|  |TAMS 0x0000000094c00000| PB 0x0000000094c00000| Untracked |  0
| 333|0x0000000094d00000, 0x0000000094e00000, 0x0000000094e00000|100%| O|  |TAMS 0x0000000094d00000| PB 0x0000000094d00000| Untracked |  0
| 334|0x0000000094e00000, 0x0000000094f00000, 0x0000000094f00000|100%|HS|  |TAMS 0x0000000094e00000| PB 0x0000000094e00000| Complete |  0
| 335|0x0000000094f00000, 0x0000000095000000, 0x0000000095000000|100%|HC|  |TAMS 0x0000000094f00000| PB 0x0000000094f00000| Complete |  0
| 336|0x0000000095000000, 0x0000000095100000, 0x0000000095100000|100%| O|Cm|TAMS 0x0000000095000000| PB 0x0000000095000000| Complete |  0
| 337|0x0000000095100000, 0x0000000095200000, 0x0000000095200000|100%| O|  |TAMS 0x0000000095100000| PB 0x0000000095100000| Untracked |  0
| 338|0x0000000095200000, 0x0000000095300000, 0x0000000095300000|100%| O|Cm|TAMS 0x0000000095200000| PB 0x0000000095200000| Complete |  0
| 339|0x0000000095300000, 0x0000000095400000, 0x0000000095400000|100%| O|Cm|TAMS 0x0000000095300000| PB 0x0000000095300000| Complete |  0
| 340|0x0000000095400000, 0x0000000095500000, 0x0000000095500000|100%| O|Cm|TAMS 0x0000000095400000| PB 0x0000000095400000| Complete |  0
| 341|0x0000000095500000, 0x0000000095600000, 0x0000000095600000|100%| O|Cm|TAMS 0x0000000095500000| PB 0x0000000095500000| Complete |  0
| 342|0x0000000095600000, 0x0000000095700000, 0x0000000095700000|100%| O|  |TAMS 0x0000000095600000| PB 0x0000000095600000| Untracked |  0
| 343|0x0000000095700000, 0x0000000095800000, 0x0000000095800000|100%| O|  |TAMS 0x0000000095700000| PB 0x0000000095700000| Untracked |  0
| 344|0x0000000095800000, 0x0000000095900000, 0x0000000095900000|100%| O|  |TAMS 0x0000000095800000| PB 0x0000000095800000| Untracked |  0
| 345|0x0000000095900000, 0x0000000095a00000, 0x0000000095a00000|100%| O|Cm|TAMS 0x0000000095900000| PB 0x0000000095900000| Complete |  0
| 346|0x0000000095a00000, 0x0000000095b00000, 0x0000000095b00000|100%| O|Cm|TAMS 0x0000000095a00000| PB 0x0000000095a00000| Complete |  0
| 347|0x0000000095b00000, 0x0000000095c00000, 0x0000000095c00000|100%| O|Cm|TAMS 0x0000000095b00000| PB 0x0000000095b00000| Complete |  0
| 348|0x0000000095c00000, 0x0000000095d00000, 0x0000000095d00000|100%| O|Cm|TAMS 0x0000000095c00000| PB 0x0000000095c00000| Complete |  0
| 349|0x0000000095d00000, 0x0000000095e00000, 0x0000000095e00000|100%| O|Cm|TAMS 0x0000000095d00000| PB 0x0000000095d00000| Complete |  0
| 350|0x0000000095e00000, 0x0000000095f00000, 0x0000000095f00000|100%| O|Cm|TAMS 0x0000000095e00000| PB 0x0000000095e00000| Complete |  0
| 351|0x0000000095f00000, 0x0000000096000000, 0x0000000096000000|100%| O|Cm|TAMS 0x0000000095f00000| PB 0x0000000095f00000| Complete |  0
| 352|0x0000000096000000, 0x0000000096100000, 0x0000000096100000|100%| O|Cm|TAMS 0x0000000096000000| PB 0x0000000096000000| Complete |  0
| 353|0x0000000096100000, 0x0000000096200000, 0x0000000096200000|100%| O|Cm|TAMS 0x0000000096100000| PB 0x0000000096100000| Complete |  0
| 354|0x0000000096200000, 0x0000000096300000, 0x0000000096300000|100%| O|Cm|TAMS 0x0000000096200000| PB 0x0000000096200000| Complete |  0
| 355|0x0000000096300000, 0x0000000096400000, 0x0000000096400000|100%| O|Cm|TAMS 0x0000000096300000| PB 0x0000000096300000| Complete |  0
| 356|0x0000000096400000, 0x0000000096500000, 0x0000000096500000|100%| O|Cm|TAMS 0x0000000096400000| PB 0x0000000096400000| Complete |  0
| 357|0x0000000096500000, 0x0000000096600000, 0x0000000096600000|100%| O|Cm|TAMS 0x0000000096500000| PB 0x0000000096500000| Complete |  0
| 358|0x0000000096600000, 0x0000000096700000, 0x0000000096700000|100%| O|Cm|TAMS 0x0000000096600000| PB 0x0000000096600000| Complete |  0
| 359|0x0000000096700000, 0x0000000096800000, 0x0000000096800000|100%| O|Cm|TAMS 0x0000000096700000| PB 0x0000000096700000| Complete |  0
| 360|0x0000000096800000, 0x0000000096900000, 0x0000000096900000|100%| O|Cm|TAMS 0x0000000096800000| PB 0x0000000096800000| Complete |  0
| 361|0x0000000096900000, 0x0000000096a00000, 0x0000000096a00000|100%| O|Cm|TAMS 0x0000000096900000| PB 0x0000000096900000| Complete |  0
| 362|0x0000000096a00000, 0x0000000096b00000, 0x0000000096b00000|100%| O|Cm|TAMS 0x0000000096a00000| PB 0x0000000096a00000| Complete |  0
| 363|0x0000000096b00000, 0x0000000096c00000, 0x0000000096c00000|100%| O|Cm|TAMS 0x0000000096b00000| PB 0x0000000096b00000| Complete |  0
| 364|0x0000000096c00000, 0x0000000096d00000, 0x0000000096d00000|100%| O|Cm|TAMS 0x0000000096c00000| PB 0x0000000096c00000| Complete |  0
| 365|0x0000000096d00000, 0x0000000096e00000, 0x0000000096e00000|100%| O|Cm|TAMS 0x0000000096d00000| PB 0x0000000096d00000| Complete |  0
| 366|0x0000000096e00000, 0x0000000096f00000, 0x0000000096f00000|100%| O|Cm|TAMS 0x0000000096e00000| PB 0x0000000096e00000| Complete |  0
| 367|0x0000000096f00000, 0x0000000097000000, 0x0000000097000000|100%| O|  |TAMS 0x0000000096f00000| PB 0x0000000096f00000| Untracked |  0
| 368|0x0000000097000000, 0x0000000097100000, 0x0000000097100000|100%|HS|  |TAMS 0x0000000097000000| PB 0x0000000097000000| Complete |  0
| 369|0x0000000097100000, 0x0000000097200000, 0x0000000097200000|100%| O|  |TAMS 0x0000000097100000| PB 0x0000000097100000| Untracked |  0
| 370|0x0000000097200000, 0x0000000097300000, 0x0000000097300000|100%| O|  |TAMS 0x0000000097200000| PB 0x0000000097200000| Untracked |  0
| 371|0x0000000097300000, 0x0000000097400000, 0x0000000097400000|100%| O|  |TAMS 0x0000000097300000| PB 0x0000000097300000| Untracked |  0
| 372|0x0000000097400000, 0x0000000097500000, 0x0000000097500000|100%| O|Cm|TAMS 0x0000000097400000| PB 0x0000000097400000| Complete |  0
| 373|0x0000000097500000, 0x0000000097600000, 0x0000000097600000|100%| O|  |TAMS 0x0000000097500000| PB 0x0000000097500000| Untracked |  0
| 374|0x0000000097600000, 0x0000000097700000, 0x0000000097700000|100%| O|Cm|TAMS 0x0000000097600000| PB 0x0000000097600000| Complete |  0
| 375|0x0000000097700000, 0x0000000097800000, 0x0000000097800000|100%| O|  |TAMS 0x0000000097700000| PB 0x0000000097700000| Untracked |  0
| 376|0x0000000097800000, 0x0000000097900000, 0x0000000097900000|100%| O|Cm|TAMS 0x0000000097800000| PB 0x0000000097800000| Complete |  0
| 377|0x0000000097900000, 0x0000000097a00000, 0x0000000097a00000|100%| O|Cm|TAMS 0x0000000097900000| PB 0x0000000097900000| Complete |  0
| 378|0x0000000097a00000, 0x0000000097b00000, 0x0000000097b00000|100%| O|Cm|TAMS 0x0000000097a00000| PB 0x0000000097a00000| Complete |  0
| 379|0x0000000097b00000, 0x0000000097c00000, 0x0000000097c00000|100%| O|Cm|TAMS 0x0000000097b00000| PB 0x0000000097b00000| Complete |  0
| 380|0x0000000097c00000, 0x0000000097d00000, 0x0000000097d00000|100%| O|Cm|TAMS 0x0000000097c00000| PB 0x0000000097c00000| Complete |  0
| 381|0x0000000097d00000, 0x0000000097e00000, 0x0000000097e00000|100%| O|Cm|TAMS 0x0000000097d00000| PB 0x0000000097d00000| Complete |  0
| 382|0x0000000097e00000, 0x0000000097f00000, 0x0000000097f00000|100%| O|Cm|TAMS 0x0000000097e00000| PB 0x0000000097e00000| Complete |  0
| 383|0x0000000097f00000, 0x0000000098000000, 0x0000000098000000|100%| O|Cm|TAMS 0x0000000097f00000| PB 0x0000000097f00000| Complete |  0
| 384|0x0000000098000000, 0x0000000098100000, 0x0000000098100000|100%| O|Cm|TAMS 0x0000000098000000| PB 0x0000000098000000| Complete |  0
| 385|0x0000000098100000, 0x0000000098200000, 0x0000000098200000|100%| O|Cm|TAMS 0x0000000098100000| PB 0x0000000098100000| Complete |  0
| 386|0x0000000098200000, 0x0000000098300000, 0x0000000098300000|100%| O|Cm|TAMS 0x0000000098200000| PB 0x0000000098200000| Complete |  0
| 387|0x0000000098300000, 0x0000000098400000, 0x0000000098400000|100%| O|Cm|TAMS 0x0000000098300000| PB 0x0000000098300000| Complete |  0
| 388|0x0000000098400000, 0x0000000098500000, 0x0000000098500000|100%| O|Cm|TAMS 0x0000000098400000| PB 0x0000000098400000| Complete |  0
| 389|0x0000000098500000, 0x0000000098600000, 0x0000000098600000|100%| O|Cm|TAMS 0x0000000098500000| PB 0x0000000098500000| Complete |  0
| 390|0x0000000098600000, 0x0000000098700000, 0x0000000098700000|100%| O|Cm|TAMS 0x0000000098600000| PB 0x0000000098600000| Complete |  0
| 391|0x0000000098700000, 0x0000000098800000, 0x0000000098800000|100%| O|Cm|TAMS 0x0000000098700000| PB 0x0000000098700000| Complete |  0
| 392|0x0000000098800000, 0x0000000098900000, 0x0000000098900000|100%| O|Cm|TAMS 0x0000000098800000| PB 0x0000000098800000| Complete |  0
| 393|0x0000000098900000, 0x0000000098a00000, 0x0000000098a00000|100%| O|Cm|TAMS 0x0000000098900000| PB 0x0000000098900000| Complete |  0
| 394|0x0000000098a00000, 0x0000000098b00000, 0x0000000098b00000|100%| O|Cm|TAMS 0x0000000098a00000| PB 0x0000000098a00000| Complete |  0
| 395|0x0000000098b00000, 0x0000000098c00000, 0x0000000098c00000|100%| O|Cm|TAMS 0x0000000098b00000| PB 0x0000000098b00000| Complete |  0
| 396|0x0000000098c00000, 0x0000000098d00000, 0x0000000098d00000|100%| O|  |TAMS 0x0000000098c00000| PB 0x0000000098c00000| Untracked |  0
| 397|0x0000000098d00000, 0x0000000098e00000, 0x0000000098e00000|100%| O|  |TAMS 0x0000000098d00000| PB 0x0000000098d00000| Untracked |  0
| 398|0x0000000098e00000, 0x0000000098f00000, 0x0000000098f00000|100%| O|  |TAMS 0x0000000098e00000| PB 0x0000000098e00000| Untracked |  0
| 399|0x0000000098f00000, 0x0000000099000000, 0x0000000099000000|100%| O|  |TAMS 0x0000000098f00000| PB 0x0000000098f00000| Untracked |  0
| 400|0x0000000099000000, 0x0000000099100000, 0x0000000099100000|100%| O|  |TAMS 0x0000000099000000| PB 0x0000000099000000| Untracked |  0
| 401|0x0000000099100000, 0x0000000099200000, 0x0000000099200000|100%| O|  |TAMS 0x0000000099100000| PB 0x0000000099100000| Untracked |  0
| 402|0x0000000099200000, 0x0000000099300000, 0x0000000099300000|100%| O|Cm|TAMS 0x0000000099200000| PB 0x0000000099200000| Complete |  0
| 403|0x0000000099300000, 0x0000000099400000, 0x0000000099400000|100%| O|Cm|TAMS 0x0000000099300000| PB 0x0000000099300000| Complete |  0
| 404|0x0000000099400000, 0x0000000099500000, 0x0000000099500000|100%| O|  |TAMS 0x0000000099400000| PB 0x0000000099400000| Untracked |  0
| 405|0x0000000099500000, 0x0000000099600000, 0x0000000099600000|100%| O|Cm|TAMS 0x0000000099500000| PB 0x0000000099500000| Complete |  0
| 406|0x0000000099600000, 0x0000000099700000, 0x0000000099700000|100%| O|  |TAMS 0x0000000099600000| PB 0x0000000099600000| Untracked |  0
| 407|0x0000000099700000, 0x0000000099800000, 0x0000000099800000|100%| O|  |TAMS 0x0000000099700000| PB 0x0000000099700000| Untracked |  0
| 408|0x0000000099800000, 0x0000000099900000, 0x0000000099900000|100%| O|Cm|TAMS 0x0000000099800000| PB 0x0000000099800000| Complete |  0
| 409|0x0000000099900000, 0x0000000099a00000, 0x0000000099a00000|100%| O|Cm|TAMS 0x0000000099900000| PB 0x0000000099900000| Complete |  0
| 410|0x0000000099a00000, 0x0000000099b00000, 0x0000000099b00000|100%| O|Cm|TAMS 0x0000000099a00000| PB 0x0000000099a00000| Complete |  0
| 411|0x0000000099b00000, 0x0000000099c00000, 0x0000000099c00000|100%| O|Cm|TAMS 0x0000000099b00000| PB 0x0000000099b00000| Complete |  0
| 412|0x0000000099c00000, 0x0000000099d00000, 0x0000000099d00000|100%| O|Cm|TAMS 0x0000000099c00000| PB 0x0000000099c00000| Complete |  0
| 413|0x0000000099d00000, 0x0000000099e00000, 0x0000000099e00000|100%| O|Cm|TAMS 0x0000000099d00000| PB 0x0000000099d00000| Complete |  0
| 414|0x0000000099e00000, 0x0000000099f00000, 0x0000000099f00000|100%| O|  |TAMS 0x0000000099e00000| PB 0x0000000099e00000| Untracked |  0
| 415|0x0000000099f00000, 0x000000009a000000, 0x000000009a000000|100%| O|Cm|TAMS 0x0000000099f00000| PB 0x0000000099f00000| Complete |  0
| 416|0x000000009a000000, 0x000000009a100000, 0x000000009a100000|100%| O|Cm|TAMS 0x000000009a000000| PB 0x000000009a000000| Complete |  0
| 417|0x000000009a100000, 0x000000009a200000, 0x000000009a200000|100%| O|Cm|TAMS 0x000000009a100000| PB 0x000000009a100000| Complete |  0
| 418|0x000000009a200000, 0x000000009a300000, 0x000000009a300000|100%| O|Cm|TAMS 0x000000009a200000| PB 0x000000009a200000| Complete |  0
| 419|0x000000009a300000, 0x000000009a400000, 0x000000009a400000|100%| O|Cm|TAMS 0x000000009a300000| PB 0x000000009a300000| Complete |  0
| 420|0x000000009a400000, 0x000000009a500000, 0x000000009a500000|100%| O|Cm|TAMS 0x000000009a400000| PB 0x000000009a400000| Complete |  0
| 421|0x000000009a500000, 0x000000009a600000, 0x000000009a600000|100%| O|Cm|TAMS 0x000000009a500000| PB 0x000000009a500000| Complete |  0
| 422|0x000000009a600000, 0x000000009a700000, 0x000000009a700000|100%| O|Cm|TAMS 0x000000009a600000| PB 0x000000009a600000| Complete |  0
| 423|0x000000009a700000, 0x000000009a800000, 0x000000009a800000|100%| O|Cm|TAMS 0x000000009a700000| PB 0x000000009a700000| Complete |  0
| 424|0x000000009a800000, 0x000000009a900000, 0x000000009a900000|100%| O|Cm|TAMS 0x000000009a800000| PB 0x000000009a800000| Complete |  0
| 425|0x000000009a900000, 0x000000009aa00000, 0x000000009aa00000|100%| O|Cm|TAMS 0x000000009a900000| PB 0x000000009a900000| Complete |  0
| 426|0x000000009aa00000, 0x000000009ab00000, 0x000000009ab00000|100%| O|Cm|TAMS 0x000000009aa00000| PB 0x000000009aa00000| Complete |  0
| 427|0x000000009ab00000, 0x000000009ac00000, 0x000000009ac00000|100%| O|Cm|TAMS 0x000000009ab00000| PB 0x000000009ab00000| Complete |  0
| 428|0x000000009ac00000, 0x000000009ad00000, 0x000000009ad00000|100%| O|Cm|TAMS 0x000000009ac00000| PB 0x000000009ac00000| Complete |  0
| 429|0x000000009ad00000, 0x000000009ae00000, 0x000000009ae00000|100%| O|Cm|TAMS 0x000000009ad00000| PB 0x000000009ad00000| Complete |  0
| 430|0x000000009ae00000, 0x000000009ae00000, 0x000000009af00000|  0%| F|  |TAMS 0x000000009ae00000| PB 0x000000009ae00000| Untracked |  0
| 431|0x000000009af00000, 0x000000009af00000, 0x000000009b000000|  0%| F|  |TAMS 0x000000009af00000| PB 0x000000009af00000| Untracked |  0
| 432|0x000000009b000000, 0x000000009b000000, 0x000000009b100000|  0%| F|  |TAMS 0x000000009b000000| PB 0x000000009b000000| Untracked |  0
| 433|0x000000009b100000, 0x000000009b100000, 0x000000009b200000|  0%| F|  |TAMS 0x000000009b100000| PB 0x000000009b100000| Untracked |  0
| 434|0x000000009b200000, 0x000000009b300000, 0x000000009b300000|100%| O|  |TAMS 0x000000009b200000| PB 0x000000009b200000| Untracked |  0
| 435|0x000000009b300000, 0x000000009b400000, 0x000000009b400000|100%| O|  |TAMS 0x000000009b300000| PB 0x000000009b300000| Untracked |  0
| 436|0x000000009b400000, 0x000000009b400000, 0x000000009b500000|  0%| F|  |TAMS 0x000000009b400000| PB 0x000000009b400000| Untracked |  0
| 437|0x000000009b500000, 0x000000009b600000, 0x000000009b600000|100%| O|  |TAMS 0x000000009b500000| PB 0x000000009b500000| Untracked |  0
| 438|0x000000009b600000, 0x000000009b700000, 0x000000009b700000|100%| O|  |TAMS 0x000000009b600000| PB 0x000000009b600000| Untracked |  0
| 439|0x000000009b700000, 0x000000009b800000, 0x000000009b800000|100%| O|  |TAMS 0x000000009b700000| PB 0x000000009b700000| Untracked |  0
| 440|0x000000009b800000, 0x000000009b800000, 0x000000009b900000|  0%| F|  |TAMS 0x000000009b800000| PB 0x000000009b800000| Untracked |  0
| 441|0x000000009b900000, 0x000000009b900000, 0x000000009ba00000|  0%| F|  |TAMS 0x000000009b900000| PB 0x000000009b900000| Untracked |  0
| 442|0x000000009ba00000, 0x000000009ba00000, 0x000000009bb00000|  0%| F|  |TAMS 0x000000009ba00000| PB 0x000000009ba00000| Untracked |  0
| 443|0x000000009bb00000, 0x000000009bc00000, 0x000000009bc00000|100%| O|Cm|TAMS 0x000000009bb00000| PB 0x000000009bb00000| Complete |  0
| 444|0x000000009bc00000, 0x000000009bd00000, 0x000000009bd00000|100%| O|Cm|TAMS 0x000000009bc00000| PB 0x000000009bc00000| Complete |  0
| 445|0x000000009bd00000, 0x000000009be00000, 0x000000009be00000|100%| O|Cm|TAMS 0x000000009bd00000| PB 0x000000009bd00000| Complete |  0
| 446|0x000000009be00000, 0x000000009bf00000, 0x000000009bf00000|100%| O|Cm|TAMS 0x000000009be00000| PB 0x000000009be00000| Complete |  0
| 447|0x000000009bf00000, 0x000000009c000000, 0x000000009c000000|100%| O|Cm|TAMS 0x000000009bf00000| PB 0x000000009bf00000| Complete |  0
| 448|0x000000009c000000, 0x000000009c100000, 0x000000009c100000|100%| O|Cm|TAMS 0x000000009c000000| PB 0x000000009c000000| Complete |  0
| 449|0x000000009c100000, 0x000000009c200000, 0x000000009c200000|100%| O|Cm|TAMS 0x000000009c100000| PB 0x000000009c100000| Complete |  0
| 450|0x000000009c200000, 0x000000009c300000, 0x000000009c300000|100%| O|Cm|TAMS 0x000000009c200000| PB 0x000000009c200000| Complete |  0
| 451|0x000000009c300000, 0x000000009c400000, 0x000000009c400000|100%| O|Cm|TAMS 0x000000009c300000| PB 0x000000009c300000| Complete |  0
| 452|0x000000009c400000, 0x000000009c400000, 0x000000009c500000|  0%| F|  |TAMS 0x000000009c400000| PB 0x000000009c400000| Untracked |  0
| 453|0x000000009c500000, 0x000000009c500000, 0x000000009c600000|  0%| F|  |TAMS 0x000000009c500000| PB 0x000000009c500000| Untracked |  0
| 454|0x000000009c600000, 0x000000009c600000, 0x000000009c700000|  0%| F|  |TAMS 0x000000009c600000| PB 0x000000009c600000| Untracked |  0
| 455|0x000000009c700000, 0x000000009c700000, 0x000000009c800000|  0%| F|  |TAMS 0x000000009c700000| PB 0x000000009c700000| Untracked |  0
| 456|0x000000009c800000, 0x000000009c900000, 0x000000009c900000|100%| O|Cm|TAMS 0x000000009c800000| PB 0x000000009c800000| Complete |  0
| 457|0x000000009c900000, 0x000000009c900000, 0x000000009ca00000|  0%| F|  |TAMS 0x000000009c900000| PB 0x000000009c900000| Untracked |  0
| 458|0x000000009ca00000, 0x000000009ca00000, 0x000000009cb00000|  0%| F|  |TAMS 0x000000009ca00000| PB 0x000000009ca00000| Untracked |  0
| 459|0x000000009cb00000, 0x000000009cb00000, 0x000000009cc00000|  0%| F|  |TAMS 0x000000009cb00000| PB 0x000000009cb00000| Untracked |  0
| 460|0x000000009cc00000, 0x000000009cc00000, 0x000000009cd00000|  0%| F|  |TAMS 0x000000009cc00000| PB 0x000000009cc00000| Untracked |  0
| 461|0x000000009cd00000, 0x000000009ce00000, 0x000000009ce00000|100%| O|Cm|TAMS 0x000000009cd00000| PB 0x000000009cd00000| Complete |  0
| 462|0x000000009ce00000, 0x000000009ce00000, 0x000000009cf00000|  0%| F|  |TAMS 0x000000009ce00000| PB 0x000000009ce00000| Untracked |  0
| 463|0x000000009cf00000, 0x000000009cf00000, 0x000000009d000000|  0%| F|  |TAMS 0x000000009cf00000| PB 0x000000009cf00000| Untracked |  0
| 464|0x000000009d000000, 0x000000009d100000, 0x000000009d100000|100%| O|Cm|TAMS 0x000000009d000000| PB 0x000000009d000000| Complete |  0
| 465|0x000000009d100000, 0x000000009d200000, 0x000000009d200000|100%| O|  |TAMS 0x000000009d100000| PB 0x000000009d100000| Untracked |  0
| 466|0x000000009d200000, 0x000000009d300000, 0x000000009d300000|100%| O|Cm|TAMS 0x000000009d200000| PB 0x000000009d200000| Complete |  0
| 467|0x000000009d300000, 0x000000009d300000, 0x000000009d400000|  0%| F|  |TAMS 0x000000009d300000| PB 0x000000009d300000| Untracked |  0
| 468|0x000000009d400000, 0x000000009d500000, 0x000000009d500000|100%| O|  |TAMS 0x000000009d400000| PB 0x000000009d400000| Untracked |  0
| 469|0x000000009d500000, 0x000000009d600000, 0x000000009d600000|100%| O|  |TAMS 0x000000009d500000| PB 0x000000009d500000| Untracked |  0
| 470|0x000000009d600000, 0x000000009d700000, 0x000000009d700000|100%| O|  |TAMS 0x000000009d600000| PB 0x000000009d600000| Untracked |  0
| 471|0x000000009d700000, 0x000000009d700000, 0x000000009d800000|  0%| F|  |TAMS 0x000000009d700000| PB 0x000000009d700000| Untracked |  0
| 472|0x000000009d800000, 0x000000009d800000, 0x000000009d900000|  0%| F|  |TAMS 0x000000009d800000| PB 0x000000009d800000| Untracked |  0
| 473|0x000000009d900000, 0x000000009d900000, 0x000000009da00000|  0%| F|  |TAMS 0x000000009d900000| PB 0x000000009d900000| Untracked |  0
| 474|0x000000009da00000, 0x000000009da00000, 0x000000009db00000|  0%| F|  |TAMS 0x000000009da00000| PB 0x000000009da00000| Untracked |  0
| 475|0x000000009db00000, 0x000000009db00000, 0x000000009dc00000|  0%| F|  |TAMS 0x000000009db00000| PB 0x000000009db00000| Untracked |  0
| 476|0x000000009dc00000, 0x000000009dc00000, 0x000000009dd00000|  0%| F|  |TAMS 0x000000009dc00000| PB 0x000000009dc00000| Untracked |  0
| 477|0x000000009dd00000, 0x000000009dd00000, 0x000000009de00000|  0%| F|  |TAMS 0x000000009dd00000| PB 0x000000009dd00000| Untracked |  0
| 478|0x000000009de00000, 0x000000009de00000, 0x000000009df00000|  0%| F|  |TAMS 0x000000009de00000| PB 0x000000009de00000| Untracked |  0
| 479|0x000000009df00000, 0x000000009df00000, 0x000000009e000000|  0%| F|  |TAMS 0x000000009df00000| PB 0x000000009df00000| Untracked |  0
| 480|0x000000009e000000, 0x000000009e100000, 0x000000009e100000|100%| O|  |TAMS 0x000000009e000000| PB 0x000000009e000000| Untracked |  0
| 481|0x000000009e100000, 0x000000009e200000, 0x000000009e200000|100%| O|  |TAMS 0x000000009e100000| PB 0x000000009e100000| Untracked |  0
| 482|0x000000009e200000, 0x000000009e300000, 0x000000009e300000|100%| O|  |TAMS 0x000000009e200000| PB 0x000000009e200000| Untracked |  0
| 483|0x000000009e300000, 0x000000009e400000, 0x000000009e400000|100%| O|  |TAMS 0x000000009e300000| PB 0x000000009e300000| Untracked |  0
| 484|0x000000009e400000, 0x000000009e500000, 0x000000009e500000|100%| O|Cm|TAMS 0x000000009e400000| PB 0x000000009e400000| Complete |  0
| 485|0x000000009e500000, 0x000000009e600000, 0x000000009e600000|100%| O|Cm|TAMS 0x000000009e500000| PB 0x000000009e500000| Complete |  0
| 486|0x000000009e600000, 0x000000009e700000, 0x000000009e700000|100%| O|Cm|TAMS 0x000000009e600000| PB 0x000000009e600000| Complete |  0
| 487|0x000000009e700000, 0x000000009e800000, 0x000000009e800000|100%| O|Cm|TAMS 0x000000009e700000| PB 0x000000009e700000| Complete |  0
| 488|0x000000009e800000, 0x000000009e900000, 0x000000009e900000|100%| O|Cm|TAMS 0x000000009e800000| PB 0x000000009e800000| Complete |  0
| 489|0x000000009e900000, 0x000000009ea00000, 0x000000009ea00000|100%| O|Cm|TAMS 0x000000009e900000| PB 0x000000009e900000| Complete |  0
| 490|0x000000009ea00000, 0x000000009eb00000, 0x000000009eb00000|100%| O|Cm|TAMS 0x000000009ea00000| PB 0x000000009ea00000| Complete |  0
| 491|0x000000009eb00000, 0x000000009ec00000, 0x000000009ec00000|100%| O|Cm|TAMS 0x000000009eb00000| PB 0x000000009eb00000| Complete |  0
| 492|0x000000009ec00000, 0x000000009ed00000, 0x000000009ed00000|100%| O|  |TAMS 0x000000009ec00000| PB 0x000000009ec00000| Untracked |  0
| 493|0x000000009ed00000, 0x000000009ee00000, 0x000000009ee00000|100%| O|Cm|TAMS 0x000000009ed00000| PB 0x000000009ed00000| Complete |  0
| 494|0x000000009ee00000, 0x000000009ef00000, 0x000000009ef00000|100%| O|Cm|TAMS 0x000000009ee00000| PB 0x000000009ee00000| Complete |  0
| 495|0x000000009ef00000, 0x000000009f000000, 0x000000009f000000|100%| O|Cm|TAMS 0x000000009ef00000| PB 0x000000009ef00000| Complete |  0
| 496|0x000000009f000000, 0x000000009f100000, 0x000000009f100000|100%| O|Cm|TAMS 0x000000009f000000| PB 0x000000009f000000| Complete |  0
| 497|0x000000009f100000, 0x000000009f200000, 0x000000009f200000|100%| O|Cm|TAMS 0x000000009f100000| PB 0x000000009f100000| Complete |  0
| 498|0x000000009f200000, 0x000000009f300000, 0x000000009f300000|100%| O|Cm|TAMS 0x000000009f200000| PB 0x000000009f200000| Complete |  0
| 499|0x000000009f300000, 0x000000009f400000, 0x000000009f400000|100%| O|Cm|TAMS 0x000000009f300000| PB 0x000000009f300000| Complete |  0
| 500|0x000000009f400000, 0x000000009f500000, 0x000000009f500000|100%| O|Cm|TAMS 0x000000009f400000| PB 0x000000009f400000| Complete |  0
| 501|0x000000009f500000, 0x000000009f600000, 0x000000009f600000|100%| O|Cm|TAMS 0x000000009f500000| PB 0x000000009f500000| Complete |  0
| 502|0x000000009f600000, 0x000000009f700000, 0x000000009f700000|100%| O|Cm|TAMS 0x000000009f600000| PB 0x000000009f600000| Complete |  0
| 503|0x000000009f700000, 0x000000009f800000, 0x000000009f800000|100%| O|Cm|TAMS 0x000000009f700000| PB 0x000000009f700000| Complete |  0
| 504|0x000000009f800000, 0x000000009f900000, 0x000000009f900000|100%| O|Cm|TAMS 0x000000009f800000| PB 0x000000009f800000| Complete |  0
| 505|0x000000009f900000, 0x000000009f900000, 0x000000009fa00000|  0%| F|  |TAMS 0x000000009f900000| PB 0x000000009f900000| Untracked |  0
| 506|0x000000009fa00000, 0x000000009fa00000, 0x000000009fb00000|  0%| F|  |TAMS 0x000000009fa00000| PB 0x000000009fa00000| Untracked |  0
| 507|0x000000009fb00000, 0x000000009fc00000, 0x000000009fc00000|100%| O|  |TAMS 0x000000009fb00000| PB 0x000000009fb00000| Untracked |  0
| 508|0x000000009fc00000, 0x000000009fd00000, 0x000000009fd00000|100%| O|Cm|TAMS 0x000000009fc00000| PB 0x000000009fc00000| Complete |  0
| 509|0x000000009fd00000, 0x000000009fe00000, 0x000000009fe00000|100%| O|Cm|TAMS 0x000000009fd00000| PB 0x000000009fd00000| Complete |  0
| 510|0x000000009fe00000, 0x000000009ff00000, 0x000000009ff00000|100%| O|Cm|TAMS 0x000000009fe00000| PB 0x000000009fe00000| Complete |  0
| 511|0x000000009ff00000, 0x00000000a0000000, 0x00000000a0000000|100%| O|Cm|TAMS 0x000000009ff00000| PB 0x000000009ff00000| Complete |  0
| 512|0x00000000a0000000, 0x00000000a0100000, 0x00000000a0100000|100%| O|Cm|TAMS 0x00000000a0000000| PB 0x00000000a0000000| Complete |  0
| 513|0x00000000a0100000, 0x00000000a0200000, 0x00000000a0200000|100%| O|Cm|TAMS 0x00000000a0100000| PB 0x00000000a0100000| Complete |  0
| 514|0x00000000a0200000, 0x00000000a0300000, 0x00000000a0300000|100%| O|Cm|TAMS 0x00000000a0200000| PB 0x00000000a0200000| Complete |  0
| 515|0x00000000a0300000, 0x00000000a0400000, 0x00000000a0400000|100%| O|  |TAMS 0x00000000a0300000| PB 0x00000000a0300000| Untracked |  0
| 516|0x00000000a0400000, 0x00000000a0500000, 0x00000000a0500000|100%| O|  |TAMS 0x00000000a0400000| PB 0x00000000a0400000| Untracked |  0
| 517|0x00000000a0500000, 0x00000000a0600000, 0x00000000a0600000|100%| O|Cm|TAMS 0x00000000a0500000| PB 0x00000000a0500000| Complete |  0
| 518|0x00000000a0600000, 0x00000000a0700000, 0x00000000a0700000|100%| O|Cm|TAMS 0x00000000a0600000| PB 0x00000000a0600000| Complete |  0
| 519|0x00000000a0700000, 0x00000000a0700000, 0x00000000a0800000|  0%| F|  |TAMS 0x00000000a0700000| PB 0x00000000a0700000| Untracked |  0
| 520|0x00000000a0800000, 0x00000000a0900000, 0x00000000a0900000|100%| O|Cm|TAMS 0x00000000a0800000| PB 0x00000000a0800000| Complete |  0
| 521|0x00000000a0900000, 0x00000000a0a00000, 0x00000000a0a00000|100%| O|Cm|TAMS 0x00000000a0900000| PB 0x00000000a0900000| Complete |  0
| 522|0x00000000a0a00000, 0x00000000a0b00000, 0x00000000a0b00000|100%| O|Cm|TAMS 0x00000000a0a00000| PB 0x00000000a0a00000| Complete |  0
| 523|0x00000000a0b00000, 0x00000000a0c00000, 0x00000000a0c00000|100%| O|Cm|TAMS 0x00000000a0b00000| PB 0x00000000a0b00000| Complete |  0
| 524|0x00000000a0c00000, 0x00000000a0d00000, 0x00000000a0d00000|100%| O|Cm|TAMS 0x00000000a0c00000| PB 0x00000000a0c00000| Complete |  0
| 525|0x00000000a0d00000, 0x00000000a0e00000, 0x00000000a0e00000|100%| O|Cm|TAMS 0x00000000a0d00000| PB 0x00000000a0d00000| Complete |  0
| 526|0x00000000a0e00000, 0x00000000a0e00000, 0x00000000a0f00000|  0%| F|  |TAMS 0x00000000a0e00000| PB 0x00000000a0e00000| Untracked |  0
| 527|0x00000000a0f00000, 0x00000000a0f00000, 0x00000000a1000000|  0%| F|  |TAMS 0x00000000a0f00000| PB 0x00000000a0f00000| Untracked |  0
| 528|0x00000000a1000000, 0x00000000a1000000, 0x00000000a1100000|  0%| F|  |TAMS 0x00000000a1000000| PB 0x00000000a1000000| Untracked |  0
| 529|0x00000000a1100000, 0x00000000a1100000, 0x00000000a1200000|  0%| F|  |TAMS 0x00000000a1100000| PB 0x00000000a1100000| Untracked |  0
| 530|0x00000000a1200000, 0x00000000a1200000, 0x00000000a1300000|  0%| F|  |TAMS 0x00000000a1200000| PB 0x00000000a1200000| Untracked |  0
| 531|0x00000000a1300000, 0x00000000a1300000, 0x00000000a1400000|  0%| F|  |TAMS 0x00000000a1300000| PB 0x00000000a1300000| Untracked |  0
| 532|0x00000000a1400000, 0x00000000a1400000, 0x00000000a1500000|  0%| F|  |TAMS 0x00000000a1400000| PB 0x00000000a1400000| Untracked |  0
| 533|0x00000000a1500000, 0x00000000a1500000, 0x00000000a1600000|  0%| F|  |TAMS 0x00000000a1500000| PB 0x00000000a1500000| Untracked |  0
| 534|0x00000000a1600000, 0x00000000a1700000, 0x00000000a1700000|100%| O|Cm|TAMS 0x00000000a1600000| PB 0x00000000a1600000| Complete |  0
| 535|0x00000000a1700000, 0x00000000a1800000, 0x00000000a1800000|100%| O|Cm|TAMS 0x00000000a1700000| PB 0x00000000a1700000| Complete |  0
| 536|0x00000000a1800000, 0x00000000a1800000, 0x00000000a1900000|  0%| F|  |TAMS 0x00000000a1800000| PB 0x00000000a1800000| Untracked |  0
| 537|0x00000000a1900000, 0x00000000a1900000, 0x00000000a1a00000|  0%| F|  |TAMS 0x00000000a1900000| PB 0x00000000a1900000| Untracked |  0
| 538|0x00000000a1a00000, 0x00000000a1b00000, 0x00000000a1b00000|100%| O|  |TAMS 0x00000000a1a00000| PB 0x00000000a1a00000| Untracked |  0
| 539|0x00000000a1b00000, 0x00000000a1b00000, 0x00000000a1c00000|  0%| F|  |TAMS 0x00000000a1b00000| PB 0x00000000a1b00000| Untracked |  0
| 540|0x00000000a1c00000, 0x00000000a1c00000, 0x00000000a1d00000|  0%| F|  |TAMS 0x00000000a1c00000| PB 0x00000000a1c00000| Untracked |  0
| 541|0x00000000a1d00000, 0x00000000a1d00000, 0x00000000a1e00000|  0%| F|  |TAMS 0x00000000a1d00000| PB 0x00000000a1d00000| Untracked |  0
| 542|0x00000000a1e00000, 0x00000000a1e00000, 0x00000000a1f00000|  0%| F|  |TAMS 0x00000000a1e00000| PB 0x00000000a1e00000| Untracked |  0
| 543|0x00000000a1f00000, 0x00000000a1f00000, 0x00000000a2000000|  0%| F|  |TAMS 0x00000000a1f00000| PB 0x00000000a1f00000| Untracked |  0
| 544|0x00000000a2000000, 0x00000000a2000000, 0x00000000a2100000|  0%| F|  |TAMS 0x00000000a2000000| PB 0x00000000a2000000| Untracked |  0
| 545|0x00000000a2100000, 0x00000000a2100000, 0x00000000a2200000|  0%| F|  |TAMS 0x00000000a2100000| PB 0x00000000a2100000| Untracked |  0
| 546|0x00000000a2200000, 0x00000000a2200000, 0x00000000a2300000|  0%| F|  |TAMS 0x00000000a2200000| PB 0x00000000a2200000| Untracked |  0
| 547|0x00000000a2300000, 0x00000000a2300000, 0x00000000a2400000|  0%| F|  |TAMS 0x00000000a2300000| PB 0x00000000a2300000| Untracked |  0
| 548|0x00000000a2400000, 0x00000000a2400000, 0x00000000a2500000|  0%| F|  |TAMS 0x00000000a2400000| PB 0x00000000a2400000| Untracked |  0
| 549|0x00000000a2500000, 0x00000000a2500000, 0x00000000a2600000|  0%| F|  |TAMS 0x00000000a2500000| PB 0x00000000a2500000| Untracked |  0
| 550|0x00000000a2600000, 0x00000000a2600000, 0x00000000a2700000|  0%| F|  |TAMS 0x00000000a2600000| PB 0x00000000a2600000| Untracked |  0
| 551|0x00000000a2700000, 0x00000000a2700000, 0x00000000a2800000|  0%| F|  |TAMS 0x00000000a2700000| PB 0x00000000a2700000| Untracked |  0
| 552|0x00000000a2800000, 0x00000000a2800000, 0x00000000a2900000|  0%| F|  |TAMS 0x00000000a2800000| PB 0x00000000a2800000| Untracked |  0
| 553|0x00000000a2900000, 0x00000000a2900000, 0x00000000a2a00000|  0%| F|  |TAMS 0x00000000a2900000| PB 0x00000000a2900000| Untracked |  0
| 554|0x00000000a2a00000, 0x00000000a2a00000, 0x00000000a2b00000|  0%| F|  |TAMS 0x00000000a2a00000| PB 0x00000000a2a00000| Untracked |  0
| 555|0x00000000a2b00000, 0x00000000a2b00000, 0x00000000a2c00000|  0%| F|  |TAMS 0x00000000a2b00000| PB 0x00000000a2b00000| Untracked |  0
| 556|0x00000000a2c00000, 0x00000000a2c00000, 0x00000000a2d00000|  0%| F|  |TAMS 0x00000000a2c00000| PB 0x00000000a2c00000| Untracked |  0
| 557|0x00000000a2d00000, 0x00000000a2d00000, 0x00000000a2e00000|  0%| F|  |TAMS 0x00000000a2d00000| PB 0x00000000a2d00000| Untracked |  0
| 558|0x00000000a2e00000, 0x00000000a2e00000, 0x00000000a2f00000|  0%| F|  |TAMS 0x00000000a2e00000| PB 0x00000000a2e00000| Untracked |  0
| 559|0x00000000a2f00000, 0x00000000a2f00000, 0x00000000a3000000|  0%| F|  |TAMS 0x00000000a2f00000| PB 0x00000000a2f00000| Untracked |  0
| 560|0x00000000a3000000, 0x00000000a3000000, 0x00000000a3100000|  0%| F|  |TAMS 0x00000000a3000000| PB 0x00000000a3000000| Untracked |  0
| 561|0x00000000a3100000, 0x00000000a3100000, 0x00000000a3200000|  0%| F|  |TAMS 0x00000000a3100000| PB 0x00000000a3100000| Untracked |  0
| 562|0x00000000a3200000, 0x00000000a3200000, 0x00000000a3300000|  0%| F|  |TAMS 0x00000000a3200000| PB 0x00000000a3200000| Untracked |  0
| 563|0x00000000a3300000, 0x00000000a3300000, 0x00000000a3400000|  0%| F|  |TAMS 0x00000000a3300000| PB 0x00000000a3300000| Untracked |  0
| 564|0x00000000a3400000, 0x00000000a3400000, 0x00000000a3500000|  0%| F|  |TAMS 0x00000000a3400000| PB 0x00000000a3400000| Untracked |  0
| 565|0x00000000a3500000, 0x00000000a3500000, 0x00000000a3600000|  0%| F|  |TAMS 0x00000000a3500000| PB 0x00000000a3500000| Untracked |  0
| 566|0x00000000a3600000, 0x00000000a3600000, 0x00000000a3700000|  0%| F|  |TAMS 0x00000000a3600000| PB 0x00000000a3600000| Untracked |  0
| 567|0x00000000a3700000, 0x00000000a3700000, 0x00000000a3800000|  0%| F|  |TAMS 0x00000000a3700000| PB 0x00000000a3700000| Untracked |  0
| 568|0x00000000a3800000, 0x00000000a3800000, 0x00000000a3900000|  0%| F|  |TAMS 0x00000000a3800000| PB 0x00000000a3800000| Untracked |  0
| 569|0x00000000a3900000, 0x00000000a3900000, 0x00000000a3a00000|  0%| F|  |TAMS 0x00000000a3900000| PB 0x00000000a3900000| Untracked |  0
| 570|0x00000000a3a00000, 0x00000000a3a00000, 0x00000000a3b00000|  0%| F|  |TAMS 0x00000000a3a00000| PB 0x00000000a3a00000| Untracked |  0
| 571|0x00000000a3b00000, 0x00000000a3b00000, 0x00000000a3c00000|  0%| F|  |TAMS 0x00000000a3b00000| PB 0x00000000a3b00000| Untracked |  0
| 572|0x00000000a3c00000, 0x00000000a3c00000, 0x00000000a3d00000|  0%| F|  |TAMS 0x00000000a3c00000| PB 0x00000000a3c00000| Untracked |  0
| 573|0x00000000a3d00000, 0x00000000a3d00000, 0x00000000a3e00000|  0%| F|  |TAMS 0x00000000a3d00000| PB 0x00000000a3d00000| Untracked |  0
| 574|0x00000000a3e00000, 0x00000000a3e00000, 0x00000000a3f00000|  0%| F|  |TAMS 0x00000000a3e00000| PB 0x00000000a3e00000| Untracked |  0
| 575|0x00000000a3f00000, 0x00000000a3f00000, 0x00000000a4000000|  0%| F|  |TAMS 0x00000000a3f00000| PB 0x00000000a3f00000| Untracked |  0
| 576|0x00000000a4000000, 0x00000000a4000000, 0x00000000a4100000|  0%| F|  |TAMS 0x00000000a4000000| PB 0x00000000a4000000| Untracked |  0
| 577|0x00000000a4100000, 0x00000000a4100000, 0x00000000a4200000|  0%| F|  |TAMS 0x00000000a4100000| PB 0x00000000a4100000| Untracked |  0
| 578|0x00000000a4200000, 0x00000000a4200000, 0x00000000a4300000|  0%| F|  |TAMS 0x00000000a4200000| PB 0x00000000a4200000| Untracked |  0
| 579|0x00000000a4300000, 0x00000000a4300000, 0x00000000a4400000|  0%| F|  |TAMS 0x00000000a4300000| PB 0x00000000a4300000| Untracked |  0
| 580|0x00000000a4400000, 0x00000000a4400000, 0x00000000a4500000|  0%| F|  |TAMS 0x00000000a4400000| PB 0x00000000a4400000| Untracked |  0
| 581|0x00000000a4500000, 0x00000000a4500000, 0x00000000a4600000|  0%| F|  |TAMS 0x00000000a4500000| PB 0x00000000a4500000| Untracked |  0
| 582|0x00000000a4600000, 0x00000000a4600000, 0x00000000a4700000|  0%| F|  |TAMS 0x00000000a4600000| PB 0x00000000a4600000| Untracked |  0
| 583|0x00000000a4700000, 0x00000000a4700000, 0x00000000a4800000|  0%| F|  |TAMS 0x00000000a4700000| PB 0x00000000a4700000| Untracked |  0
| 584|0x00000000a4800000, 0x00000000a4900000, 0x00000000a4900000|100%| S|CS|TAMS 0x00000000a4800000| PB 0x00000000a4800000| Complete |  0
| 585|0x00000000a4900000, 0x00000000a4a00000, 0x00000000a4a00000|100%| S|CS|TAMS 0x00000000a4900000| PB 0x00000000a4900000| Complete |  0
| 586|0x00000000a4a00000, 0x00000000a4b00000, 0x00000000a4b00000|100%| S|CS|TAMS 0x00000000a4a00000| PB 0x00000000a4a00000| Complete |  0
| 587|0x00000000a4b00000, 0x00000000a4c00000, 0x00000000a4c00000|100%| S|CS|TAMS 0x00000000a4b00000| PB 0x00000000a4b00000| Complete |  0
| 588|0x00000000a4c00000, 0x00000000a4d00000, 0x00000000a4d00000|100%| S|CS|TAMS 0x00000000a4c00000| PB 0x00000000a4c00000| Complete |  0
| 589|0x00000000a4d00000, 0x00000000a4e00000, 0x00000000a4e00000|100%| S|CS|TAMS 0x00000000a4d00000| PB 0x00000000a4d00000| Complete |  0
| 590|0x00000000a4e00000, 0x00000000a4f00000, 0x00000000a4f00000|100%| S|CS|TAMS 0x00000000a4e00000| PB 0x00000000a4e00000| Complete |  0
| 591|0x00000000a4f00000, 0x00000000a5000000, 0x00000000a5000000|100%| S|CS|TAMS 0x00000000a4f00000| PB 0x00000000a4f00000| Complete |  0
| 592|0x00000000a5000000, 0x00000000a5100000, 0x00000000a5100000|100%| S|CS|TAMS 0x00000000a5000000| PB 0x00000000a5000000| Complete |  0
| 593|0x00000000a5100000, 0x00000000a5200000, 0x00000000a5200000|100%| S|CS|TAMS 0x00000000a5100000| PB 0x00000000a5100000| Complete |  0
| 594|0x00000000a5200000, 0x00000000a5300000, 0x00000000a5300000|100%| S|CS|TAMS 0x00000000a5200000| PB 0x00000000a5200000| Complete |  0
| 595|0x00000000a5300000, 0x00000000a5400000, 0x00000000a5400000|100%| S|CS|TAMS 0x00000000a5300000| PB 0x00000000a5300000| Complete |  0
| 596|0x00000000a5400000, 0x00000000a5500000, 0x00000000a5500000|100%| S|CS|TAMS 0x00000000a5400000| PB 0x00000000a5400000| Complete |  0
| 597|0x00000000a5500000, 0x00000000a5600000, 0x00000000a5600000|100%| S|CS|TAMS 0x00000000a5500000| PB 0x00000000a5500000| Complete |  0
| 598|0x00000000a5600000, 0x00000000a5700000, 0x00000000a5700000|100%| S|CS|TAMS 0x00000000a5600000| PB 0x00000000a5600000| Complete |  0
| 599|0x00000000a5700000, 0x00000000a5800000, 0x00000000a5800000|100%| S|CS|TAMS 0x00000000a5700000| PB 0x00000000a5700000| Complete |  0
| 600|0x00000000a5800000, 0x00000000a5900000, 0x00000000a5900000|100%| S|CS|TAMS 0x00000000a5800000| PB 0x00000000a5800000| Complete |  0
| 601|0x00000000a5900000, 0x00000000a5a00000, 0x00000000a5a00000|100%| S|CS|TAMS 0x00000000a5900000| PB 0x00000000a5900000| Complete |  0
| 602|0x00000000a5a00000, 0x00000000a5b00000, 0x00000000a5b00000|100%| S|CS|TAMS 0x00000000a5a00000| PB 0x00000000a5a00000| Complete |  0
| 603|0x00000000a5b00000, 0x00000000a5c00000, 0x00000000a5c00000|100%| S|CS|TAMS 0x00000000a5b00000| PB 0x00000000a5b00000| Complete |  0
| 604|0x00000000a5c00000, 0x00000000a5d00000, 0x00000000a5d00000|100%| S|CS|TAMS 0x00000000a5c00000| PB 0x00000000a5c00000| Complete |  0
| 605|0x00000000a5d00000, 0x00000000a5e00000, 0x00000000a5e00000|100%| S|CS|TAMS 0x00000000a5d00000| PB 0x00000000a5d00000| Complete |  0
| 606|0x00000000a5e00000, 0x00000000a5f00000, 0x00000000a5f00000|100%| S|CS|TAMS 0x00000000a5e00000| PB 0x00000000a5e00000| Complete |  0
| 607|0x00000000a5f00000, 0x00000000a6000000, 0x00000000a6000000|100%| S|CS|TAMS 0x00000000a5f00000| PB 0x00000000a5f00000| Complete |  0
| 608|0x00000000a6000000, 0x00000000a6100000, 0x00000000a6100000|100%| S|CS|TAMS 0x00000000a6000000| PB 0x00000000a6000000| Complete |  0
| 609|0x00000000a6100000, 0x00000000a6200000, 0x00000000a6200000|100%| S|CS|TAMS 0x00000000a6100000| PB 0x00000000a6100000| Complete |  0
| 610|0x00000000a6200000, 0x00000000a6300000, 0x00000000a6300000|100%| S|CS|TAMS 0x00000000a6200000| PB 0x00000000a6200000| Complete |  0
| 611|0x00000000a6300000, 0x00000000a6400000, 0x00000000a6400000|100%| S|CS|TAMS 0x00000000a6300000| PB 0x00000000a6300000| Complete |  0
| 612|0x00000000a6400000, 0x00000000a6500000, 0x00000000a6500000|100%| S|CS|TAMS 0x00000000a6400000| PB 0x00000000a6400000| Complete |  0
| 613|0x00000000a6500000, 0x00000000a6600000, 0x00000000a6600000|100%| S|CS|TAMS 0x00000000a6500000| PB 0x00000000a6500000| Complete |  0
| 614|0x00000000a6600000, 0x00000000a6700000, 0x00000000a6700000|100%| S|CS|TAMS 0x00000000a6600000| PB 0x00000000a6600000| Complete |  0
| 615|0x00000000a6700000, 0x00000000a6700000, 0x00000000a6800000|  0%| F|  |TAMS 0x00000000a6700000| PB 0x00000000a6700000| Untracked |  0
| 616|0x00000000a6800000, 0x00000000a6800000, 0x00000000a6900000|  0%| F|  |TAMS 0x00000000a6800000| PB 0x00000000a6800000| Untracked |  0
| 617|0x00000000a6900000, 0x00000000a6900000, 0x00000000a6a00000|  0%| F|  |TAMS 0x00000000a6900000| PB 0x00000000a6900000| Untracked |  0
| 618|0x00000000a6a00000, 0x00000000a6a00000, 0x00000000a6b00000|  0%| F|  |TAMS 0x00000000a6a00000| PB 0x00000000a6a00000| Untracked |  0
| 619|0x00000000a6b00000, 0x00000000a6b00000, 0x00000000a6c00000|  0%| F|  |TAMS 0x00000000a6b00000| PB 0x00000000a6b00000| Untracked |  0
| 620|0x00000000a6c00000, 0x00000000a6c00000, 0x00000000a6d00000|  0%| F|  |TAMS 0x00000000a6c00000| PB 0x00000000a6c00000| Untracked |  0
| 621|0x00000000a6d00000, 0x00000000a6d00000, 0x00000000a6e00000|  0%| F|  |TAMS 0x00000000a6d00000| PB 0x00000000a6d00000| Untracked |  0
| 622|0x00000000a6e00000, 0x00000000a6e00000, 0x00000000a6f00000|  0%| F|  |TAMS 0x00000000a6e00000| PB 0x00000000a6e00000| Untracked |  0
| 623|0x00000000a6f00000, 0x00000000a6f00000, 0x00000000a7000000|  0%| F|  |TAMS 0x00000000a6f00000| PB 0x00000000a6f00000| Untracked |  0
| 624|0x00000000a7000000, 0x00000000a7000000, 0x00000000a7100000|  0%| F|  |TAMS 0x00000000a7000000| PB 0x00000000a7000000| Untracked |  0
| 625|0x00000000a7100000, 0x00000000a7100000, 0x00000000a7200000|  0%| F|  |TAMS 0x00000000a7100000| PB 0x00000000a7100000| Untracked |  0
| 626|0x00000000a7200000, 0x00000000a7200000, 0x00000000a7300000|  0%| F|  |TAMS 0x00000000a7200000| PB 0x00000000a7200000| Untracked |  0
| 627|0x00000000a7300000, 0x00000000a7300000, 0x00000000a7400000|  0%| F|  |TAMS 0x00000000a7300000| PB 0x00000000a7300000| Untracked |  0
| 628|0x00000000a7400000, 0x00000000a7400000, 0x00000000a7500000|  0%| F|  |TAMS 0x00000000a7400000| PB 0x00000000a7400000| Untracked |  0
| 629|0x00000000a7500000, 0x00000000a7500000, 0x00000000a7600000|  0%| F|  |TAMS 0x00000000a7500000| PB 0x00000000a7500000| Untracked |  0
| 630|0x00000000a7600000, 0x00000000a7600000, 0x00000000a7700000|  0%| F|  |TAMS 0x00000000a7600000| PB 0x00000000a7600000| Untracked |  0
| 631|0x00000000a7700000, 0x00000000a7700000, 0x00000000a7800000|  0%| F|  |TAMS 0x00000000a7700000| PB 0x00000000a7700000| Untracked |  0
| 632|0x00000000a7800000, 0x00000000a7800000, 0x00000000a7900000|  0%| F|  |TAMS 0x00000000a7800000| PB 0x00000000a7800000| Untracked |  0
| 633|0x00000000a7900000, 0x00000000a7900000, 0x00000000a7a00000|  0%| F|  |TAMS 0x00000000a7900000| PB 0x00000000a7900000| Untracked |  0
| 634|0x00000000a7a00000, 0x00000000a7a00000, 0x00000000a7b00000|  0%| F|  |TAMS 0x00000000a7a00000| PB 0x00000000a7a00000| Untracked |  0
| 635|0x00000000a7b00000, 0x00000000a7b00000, 0x00000000a7c00000|  0%| F|  |TAMS 0x00000000a7b00000| PB 0x00000000a7b00000| Untracked |  0
| 636|0x00000000a7c00000, 0x00000000a7c00000, 0x00000000a7d00000|  0%| F|  |TAMS 0x00000000a7c00000| PB 0x00000000a7c00000| Untracked |  0
| 637|0x00000000a7d00000, 0x00000000a7d00000, 0x00000000a7e00000|  0%| F|  |TAMS 0x00000000a7d00000| PB 0x00000000a7d00000| Untracked |  0
| 638|0x00000000a7e00000, 0x00000000a7e00000, 0x00000000a7f00000|  0%| F|  |TAMS 0x00000000a7e00000| PB 0x00000000a7e00000| Untracked |  0
| 639|0x00000000a7f00000, 0x00000000a7f00000, 0x00000000a8000000|  0%| F|  |TAMS 0x00000000a7f00000| PB 0x00000000a7f00000| Untracked |  0
| 640|0x00000000a8000000, 0x00000000a8000000, 0x00000000a8100000|  0%| F|  |TAMS 0x00000000a8000000| PB 0x00000000a8000000| Untracked |  0
| 641|0x00000000a8100000, 0x00000000a8100000, 0x00000000a8200000|  0%| F|  |TAMS 0x00000000a8100000| PB 0x00000000a8100000| Untracked |  0
| 642|0x00000000a8200000, 0x00000000a8200000, 0x00000000a8300000|  0%| F|  |TAMS 0x00000000a8200000| PB 0x00000000a8200000| Untracked |  0
| 643|0x00000000a8300000, 0x00000000a8300000, 0x00000000a8400000|  0%| F|  |TAMS 0x00000000a8300000| PB 0x00000000a8300000| Untracked |  0
| 644|0x00000000a8400000, 0x00000000a8400000, 0x00000000a8500000|  0%| F|  |TAMS 0x00000000a8400000| PB 0x00000000a8400000| Untracked |  0
| 645|0x00000000a8500000, 0x00000000a8500000, 0x00000000a8600000|  0%| F|  |TAMS 0x00000000a8500000| PB 0x00000000a8500000| Untracked |  0
| 646|0x00000000a8600000, 0x00000000a8600000, 0x00000000a8700000|  0%| F|  |TAMS 0x00000000a8600000| PB 0x00000000a8600000| Untracked |  0
| 647|0x00000000a8700000, 0x00000000a8700000, 0x00000000a8800000|  0%| F|  |TAMS 0x00000000a8700000| PB 0x00000000a8700000| Untracked |  0
| 648|0x00000000a8800000, 0x00000000a8800000, 0x00000000a8900000|  0%| F|  |TAMS 0x00000000a8800000| PB 0x00000000a8800000| Untracked |  0
| 649|0x00000000a8900000, 0x00000000a8900000, 0x00000000a8a00000|  0%| F|  |TAMS 0x00000000a8900000| PB 0x00000000a8900000| Untracked |  0
| 650|0x00000000a8a00000, 0x00000000a8a00000, 0x00000000a8b00000|  0%| F|  |TAMS 0x00000000a8a00000| PB 0x00000000a8a00000| Untracked |  0
| 651|0x00000000a8b00000, 0x00000000a8b00000, 0x00000000a8c00000|  0%| F|  |TAMS 0x00000000a8b00000| PB 0x00000000a8b00000| Untracked |  0
| 652|0x00000000a8c00000, 0x00000000a8c00000, 0x00000000a8d00000|  0%| F|  |TAMS 0x00000000a8c00000| PB 0x00000000a8c00000| Untracked |  0
| 653|0x00000000a8d00000, 0x00000000a8d00000, 0x00000000a8e00000|  0%| F|  |TAMS 0x00000000a8d00000| PB 0x00000000a8d00000| Untracked |  0
| 654|0x00000000a8e00000, 0x00000000a8e00000, 0x00000000a8f00000|  0%| F|  |TAMS 0x00000000a8e00000| PB 0x00000000a8e00000| Untracked |  0
| 655|0x00000000a8f00000, 0x00000000a8f00000, 0x00000000a9000000|  0%| F|  |TAMS 0x00000000a8f00000| PB 0x00000000a8f00000| Untracked |  0
| 656|0x00000000a9000000, 0x00000000a9000000, 0x00000000a9100000|  0%| F|  |TAMS 0x00000000a9000000| PB 0x00000000a9000000| Untracked |  0
| 657|0x00000000a9100000, 0x00000000a9100000, 0x00000000a9200000|  0%| F|  |TAMS 0x00000000a9100000| PB 0x00000000a9100000| Untracked |  0
| 658|0x00000000a9200000, 0x00000000a9200000, 0x00000000a9300000|  0%| F|  |TAMS 0x00000000a9200000| PB 0x00000000a9200000| Untracked |  0
| 659|0x00000000a9300000, 0x00000000a9300000, 0x00000000a9400000|  0%| F|  |TAMS 0x00000000a9300000| PB 0x00000000a9300000| Untracked |  0
| 660|0x00000000a9400000, 0x00000000a9400000, 0x00000000a9500000|  0%| F|  |TAMS 0x00000000a9400000| PB 0x00000000a9400000| Untracked |  0
| 661|0x00000000a9500000, 0x00000000a9500000, 0x00000000a9600000|  0%| F|  |TAMS 0x00000000a9500000| PB 0x00000000a9500000| Untracked |  0
| 662|0x00000000a9600000, 0x00000000a9600000, 0x00000000a9700000|  0%| F|  |TAMS 0x00000000a9600000| PB 0x00000000a9600000| Untracked |  0
| 663|0x00000000a9700000, 0x00000000a9700000, 0x00000000a9800000|  0%| F|  |TAMS 0x00000000a9700000| PB 0x00000000a9700000| Untracked |  0
| 664|0x00000000a9800000, 0x00000000a9800000, 0x00000000a9900000|  0%| F|  |TAMS 0x00000000a9800000| PB 0x00000000a9800000| Untracked |  0
| 665|0x00000000a9900000, 0x00000000a9900000, 0x00000000a9a00000|  0%| F|  |TAMS 0x00000000a9900000| PB 0x00000000a9900000| Untracked |  0
| 666|0x00000000a9a00000, 0x00000000a9a00000, 0x00000000a9b00000|  0%| F|  |TAMS 0x00000000a9a00000| PB 0x00000000a9a00000| Untracked |  0
| 667|0x00000000a9b00000, 0x00000000a9b00000, 0x00000000a9c00000|  0%| F|  |TAMS 0x00000000a9b00000| PB 0x00000000a9b00000| Untracked |  0
| 668|0x00000000a9c00000, 0x00000000a9c00000, 0x00000000a9d00000|  0%| F|  |TAMS 0x00000000a9c00000| PB 0x00000000a9c00000| Untracked |  0
| 669|0x00000000a9d00000, 0x00000000a9d00000, 0x00000000a9e00000|  0%| F|  |TAMS 0x00000000a9d00000| PB 0x00000000a9d00000| Untracked |  0
| 670|0x00000000a9e00000, 0x00000000a9e00000, 0x00000000a9f00000|  0%| F|  |TAMS 0x00000000a9e00000| PB 0x00000000a9e00000| Untracked |  0
| 671|0x00000000a9f00000, 0x00000000a9f00000, 0x00000000aa000000|  0%| F|  |TAMS 0x00000000a9f00000| PB 0x00000000a9f00000| Untracked |  0
| 672|0x00000000aa000000, 0x00000000aa000000, 0x00000000aa100000|  0%| F|  |TAMS 0x00000000aa000000| PB 0x00000000aa000000| Untracked |  0
| 673|0x00000000aa100000, 0x00000000aa100000, 0x00000000aa200000|  0%| F|  |TAMS 0x00000000aa100000| PB 0x00000000aa100000| Untracked |  0
| 674|0x00000000aa200000, 0x00000000aa200000, 0x00000000aa300000|  0%| F|  |TAMS 0x00000000aa200000| PB 0x00000000aa200000| Untracked |  0
| 675|0x00000000aa300000, 0x00000000aa300000, 0x00000000aa400000|  0%| F|  |TAMS 0x00000000aa300000| PB 0x00000000aa300000| Untracked |  0
| 676|0x00000000aa400000, 0x00000000aa400000, 0x00000000aa500000|  0%| F|  |TAMS 0x00000000aa400000| PB 0x00000000aa400000| Untracked |  0
| 677|0x00000000aa500000, 0x00000000aa500000, 0x00000000aa600000|  0%| F|  |TAMS 0x00000000aa500000| PB 0x00000000aa500000| Untracked |  0
| 678|0x00000000aa600000, 0x00000000aa600000, 0x00000000aa700000|  0%| F|  |TAMS 0x00000000aa600000| PB 0x00000000aa600000| Untracked |  0
| 679|0x00000000aa700000, 0x00000000aa700000, 0x00000000aa800000|  0%| F|  |TAMS 0x00000000aa700000| PB 0x00000000aa700000| Untracked |  0
| 680|0x00000000aa800000, 0x00000000aa800000, 0x00000000aa900000|  0%| F|  |TAMS 0x00000000aa800000| PB 0x00000000aa800000| Untracked |  0
| 681|0x00000000aa900000, 0x00000000aa900000, 0x00000000aaa00000|  0%| F|  |TAMS 0x00000000aa900000| PB 0x00000000aa900000| Untracked |  0
| 682|0x00000000aaa00000, 0x00000000aaa00000, 0x00000000aab00000|  0%| F|  |TAMS 0x00000000aaa00000| PB 0x00000000aaa00000| Untracked |  0
| 683|0x00000000aab00000, 0x00000000aab00000, 0x00000000aac00000|  0%| F|  |TAMS 0x00000000aab00000| PB 0x00000000aab00000| Untracked |  0
| 684|0x00000000aac00000, 0x00000000aac00000, 0x00000000aad00000|  0%| F|  |TAMS 0x00000000aac00000| PB 0x00000000aac00000| Untracked |  0
| 685|0x00000000aad00000, 0x00000000aad00000, 0x00000000aae00000|  0%| F|  |TAMS 0x00000000aad00000| PB 0x00000000aad00000| Untracked |  0
| 686|0x00000000aae00000, 0x00000000aae00000, 0x00000000aaf00000|  0%| F|  |TAMS 0x00000000aae00000| PB 0x00000000aae00000| Untracked |  0
| 687|0x00000000aaf00000, 0x00000000aaf00000, 0x00000000ab000000|  0%| F|  |TAMS 0x00000000aaf00000| PB 0x00000000aaf00000| Untracked |  0
| 688|0x00000000ab000000, 0x00000000ab000000, 0x00000000ab100000|  0%| F|  |TAMS 0x00000000ab000000| PB 0x00000000ab000000| Untracked |  0
| 689|0x00000000ab100000, 0x00000000ab100000, 0x00000000ab200000|  0%| F|  |TAMS 0x00000000ab100000| PB 0x00000000ab100000| Untracked |  0
| 690|0x00000000ab200000, 0x00000000ab200000, 0x00000000ab300000|  0%| F|  |TAMS 0x00000000ab200000| PB 0x00000000ab200000| Untracked |  0
| 691|0x00000000ab300000, 0x00000000ab300000, 0x00000000ab400000|  0%| F|  |TAMS 0x00000000ab300000| PB 0x00000000ab300000| Untracked |  0
| 692|0x00000000ab400000, 0x00000000ab400000, 0x00000000ab500000|  0%| F|  |TAMS 0x00000000ab400000| PB 0x00000000ab400000| Untracked |  0
| 693|0x00000000ab500000, 0x00000000ab500000, 0x00000000ab600000|  0%| F|  |TAMS 0x00000000ab500000| PB 0x00000000ab500000| Untracked |  0
| 694|0x00000000ab600000, 0x00000000ab600000, 0x00000000ab700000|  0%| F|  |TAMS 0x00000000ab600000| PB 0x00000000ab600000| Untracked |  0
| 695|0x00000000ab700000, 0x00000000ab700000, 0x00000000ab800000|  0%| F|  |TAMS 0x00000000ab700000| PB 0x00000000ab700000| Untracked |  0
| 696|0x00000000ab800000, 0x00000000ab800000, 0x00000000ab900000|  0%| F|  |TAMS 0x00000000ab800000| PB 0x00000000ab800000| Untracked |  0
| 697|0x00000000ab900000, 0x00000000ab900000, 0x00000000aba00000|  0%| F|  |TAMS 0x00000000ab900000| PB 0x00000000ab900000| Untracked |  0
| 698|0x00000000aba00000, 0x00000000aba00000, 0x00000000abb00000|  0%| F|  |TAMS 0x00000000aba00000| PB 0x00000000aba00000| Untracked |  0
| 699|0x00000000abb00000, 0x00000000abb00000, 0x00000000abc00000|  0%| F|  |TAMS 0x00000000abb00000| PB 0x00000000abb00000| Untracked |  0
| 700|0x00000000abc00000, 0x00000000abc00000, 0x00000000abd00000|  0%| F|  |TAMS 0x00000000abc00000| PB 0x00000000abc00000| Untracked |  0
| 701|0x00000000abd00000, 0x00000000abd00000, 0x00000000abe00000|  0%| F|  |TAMS 0x00000000abd00000| PB 0x00000000abd00000| Untracked |  0
| 702|0x00000000abe00000, 0x00000000abe00000, 0x00000000abf00000|  0%| F|  |TAMS 0x00000000abe00000| PB 0x00000000abe00000| Untracked |  0
| 703|0x00000000abf00000, 0x00000000abf00000, 0x00000000ac000000|  0%| F|  |TAMS 0x00000000abf00000| PB 0x00000000abf00000| Untracked |  0
| 704|0x00000000ac000000, 0x00000000ac000000, 0x00000000ac100000|  0%| F|  |TAMS 0x00000000ac000000| PB 0x00000000ac000000| Untracked |  0
| 705|0x00000000ac100000, 0x00000000ac100000, 0x00000000ac200000|  0%| F|  |TAMS 0x00000000ac100000| PB 0x00000000ac100000| Untracked |  0
| 706|0x00000000ac200000, 0x00000000ac200000, 0x00000000ac300000|  0%| F|  |TAMS 0x00000000ac200000| PB 0x00000000ac200000| Untracked |  0
| 707|0x00000000ac300000, 0x00000000ac300000, 0x00000000ac400000|  0%| F|  |TAMS 0x00000000ac300000| PB 0x00000000ac300000| Untracked |  0
| 708|0x00000000ac400000, 0x00000000ac400000, 0x00000000ac500000|  0%| F|  |TAMS 0x00000000ac400000| PB 0x00000000ac400000| Untracked |  0
| 709|0x00000000ac500000, 0x00000000ac500000, 0x00000000ac600000|  0%| F|  |TAMS 0x00000000ac500000| PB 0x00000000ac500000| Untracked |  0
| 710|0x00000000ac600000, 0x00000000ac600000, 0x00000000ac700000|  0%| F|  |TAMS 0x00000000ac600000| PB 0x00000000ac600000| Untracked |  0
| 711|0x00000000ac700000, 0x00000000ac700000, 0x00000000ac800000|  0%| F|  |TAMS 0x00000000ac700000| PB 0x00000000ac700000| Untracked |  0
| 712|0x00000000ac800000, 0x00000000ac800000, 0x00000000ac900000|  0%| F|  |TAMS 0x00000000ac800000| PB 0x00000000ac800000| Untracked |  0
| 713|0x00000000ac900000, 0x00000000ac900000, 0x00000000aca00000|  0%| F|  |TAMS 0x00000000ac900000| PB 0x00000000ac900000| Untracked |  0
| 714|0x00000000aca00000, 0x00000000aca00000, 0x00000000acb00000|  0%| F|  |TAMS 0x00000000aca00000| PB 0x00000000aca00000| Untracked |  0
| 715|0x00000000acb00000, 0x00000000acb00000, 0x00000000acc00000|  0%| F|  |TAMS 0x00000000acb00000| PB 0x00000000acb00000| Untracked |  0
| 716|0x00000000acc00000, 0x00000000acc00000, 0x00000000acd00000|  0%| F|  |TAMS 0x00000000acc00000| PB 0x00000000acc00000| Untracked |  0
| 717|0x00000000acd00000, 0x00000000acd00000, 0x00000000ace00000|  0%| F|  |TAMS 0x00000000acd00000| PB 0x00000000acd00000| Untracked |  0
| 718|0x00000000ace00000, 0x00000000ace00000, 0x00000000acf00000|  0%| F|  |TAMS 0x00000000ace00000| PB 0x00000000ace00000| Untracked |  0
| 719|0x00000000acf00000, 0x00000000acf00000, 0x00000000ad000000|  0%| F|  |TAMS 0x00000000acf00000| PB 0x00000000acf00000| Untracked |  0
| 720|0x00000000ad000000, 0x00000000ad000000, 0x00000000ad100000|  0%| F|  |TAMS 0x00000000ad000000| PB 0x00000000ad000000| Untracked |  0
| 721|0x00000000ad100000, 0x00000000ad100000, 0x00000000ad200000|  0%| F|  |TAMS 0x00000000ad100000| PB 0x00000000ad100000| Untracked |  0
| 722|0x00000000ad200000, 0x00000000ad200000, 0x00000000ad300000|  0%| F|  |TAMS 0x00000000ad200000| PB 0x00000000ad200000| Untracked |  0
| 723|0x00000000ad300000, 0x00000000ad300000, 0x00000000ad400000|  0%| F|  |TAMS 0x00000000ad300000| PB 0x00000000ad300000| Untracked |  0
| 724|0x00000000ad400000, 0x00000000ad400000, 0x00000000ad500000|  0%| F|  |TAMS 0x00000000ad400000| PB 0x00000000ad400000| Untracked |  0
| 725|0x00000000ad500000, 0x00000000ad500000, 0x00000000ad600000|  0%| F|  |TAMS 0x00000000ad500000| PB 0x00000000ad500000| Untracked |  0
| 726|0x00000000ad600000, 0x00000000ad600000, 0x00000000ad700000|  0%| F|  |TAMS 0x00000000ad600000| PB 0x00000000ad600000| Untracked |  0
| 727|0x00000000ad700000, 0x00000000ad700000, 0x00000000ad800000|  0%| F|  |TAMS 0x00000000ad700000| PB 0x00000000ad700000| Untracked |  0
| 728|0x00000000ad800000, 0x00000000ad800000, 0x00000000ad900000|  0%| F|  |TAMS 0x00000000ad800000| PB 0x00000000ad800000| Untracked |  0
| 729|0x00000000ad900000, 0x00000000ad900000, 0x00000000ada00000|  0%| F|  |TAMS 0x00000000ad900000| PB 0x00000000ad900000| Untracked |  0
| 730|0x00000000ada00000, 0x00000000ada00000, 0x00000000adb00000|  0%| F|  |TAMS 0x00000000ada00000| PB 0x00000000ada00000| Untracked |  0
| 731|0x00000000adb00000, 0x00000000adb00000, 0x00000000adc00000|  0%| F|  |TAMS 0x00000000adb00000| PB 0x00000000adb00000| Untracked |  0
| 732|0x00000000adc00000, 0x00000000adc00000, 0x00000000add00000|  0%| F|  |TAMS 0x00000000adc00000| PB 0x00000000adc00000| Untracked |  0
| 733|0x00000000add00000, 0x00000000add00000, 0x00000000ade00000|  0%| F|  |TAMS 0x00000000add00000| PB 0x00000000add00000| Untracked |  0
| 734|0x00000000ade00000, 0x00000000ade00000, 0x00000000adf00000|  0%| F|  |TAMS 0x00000000ade00000| PB 0x00000000ade00000| Untracked |  0
| 735|0x00000000adf00000, 0x00000000adf00000, 0x00000000ae000000|  0%| F|  |TAMS 0x00000000adf00000| PB 0x00000000adf00000| Untracked |  0
| 736|0x00000000ae000000, 0x00000000ae000000, 0x00000000ae100000|  0%| F|  |TAMS 0x00000000ae000000| PB 0x00000000ae000000| Untracked |  0
| 737|0x00000000ae100000, 0x00000000ae100000, 0x00000000ae200000|  0%| F|  |TAMS 0x00000000ae100000| PB 0x00000000ae100000| Untracked |  0
| 738|0x00000000ae200000, 0x00000000ae200000, 0x00000000ae300000|  0%| F|  |TAMS 0x00000000ae200000| PB 0x00000000ae200000| Untracked |  0
| 739|0x00000000ae300000, 0x00000000ae300000, 0x00000000ae400000|  0%| F|  |TAMS 0x00000000ae300000| PB 0x00000000ae300000| Untracked |  0
| 740|0x00000000ae400000, 0x00000000ae400000, 0x00000000ae500000|  0%| F|  |TAMS 0x00000000ae400000| PB 0x00000000ae400000| Untracked |  0
| 741|0x00000000ae500000, 0x00000000ae500000, 0x00000000ae600000|  0%| F|  |TAMS 0x00000000ae500000| PB 0x00000000ae500000| Untracked |  0
| 742|0x00000000ae600000, 0x00000000ae600000, 0x00000000ae700000|  0%| F|  |TAMS 0x00000000ae600000| PB 0x00000000ae600000| Untracked |  0
| 743|0x00000000ae700000, 0x00000000ae700000, 0x00000000ae800000|  0%| F|  |TAMS 0x00000000ae700000| PB 0x00000000ae700000| Untracked |  0
| 744|0x00000000ae800000, 0x00000000ae800000, 0x00000000ae900000|  0%| F|  |TAMS 0x00000000ae800000| PB 0x00000000ae800000| Untracked |  0
| 745|0x00000000ae900000, 0x00000000ae900000, 0x00000000aea00000|  0%| F|  |TAMS 0x00000000ae900000| PB 0x00000000ae900000| Untracked |  0
| 746|0x00000000aea00000, 0x00000000aea00000, 0x00000000aeb00000|  0%| F|  |TAMS 0x00000000aea00000| PB 0x00000000aea00000| Untracked |  0
| 747|0x00000000aeb00000, 0x00000000aeb00000, 0x00000000aec00000|  0%| F|  |TAMS 0x00000000aeb00000| PB 0x00000000aeb00000| Untracked |  0
| 748|0x00000000aec00000, 0x00000000aec00000, 0x00000000aed00000|  0%| F|  |TAMS 0x00000000aec00000| PB 0x00000000aec00000| Untracked |  0
| 749|0x00000000aed00000, 0x00000000aed00000, 0x00000000aee00000|  0%| F|  |TAMS 0x00000000aed00000| PB 0x00000000aed00000| Untracked |  0
| 750|0x00000000aee00000, 0x00000000aee00000, 0x00000000aef00000|  0%| F|  |TAMS 0x00000000aee00000| PB 0x00000000aee00000| Untracked |  0
| 751|0x00000000aef00000, 0x00000000aef00000, 0x00000000af000000|  0%| F|  |TAMS 0x00000000aef00000| PB 0x00000000aef00000| Untracked |  0
| 752|0x00000000af000000, 0x00000000af000000, 0x00000000af100000|  0%| F|  |TAMS 0x00000000af000000| PB 0x00000000af000000| Untracked |  0
| 753|0x00000000af100000, 0x00000000af100000, 0x00000000af200000|  0%| F|  |TAMS 0x00000000af100000| PB 0x00000000af100000| Untracked |  0
| 754|0x00000000af200000, 0x00000000af200000, 0x00000000af300000|  0%| F|  |TAMS 0x00000000af200000| PB 0x00000000af200000| Untracked |  0
| 755|0x00000000af300000, 0x00000000af300000, 0x00000000af400000|  0%| F|  |TAMS 0x00000000af300000| PB 0x00000000af300000| Untracked |  0
| 756|0x00000000af400000, 0x00000000af400000, 0x00000000af500000|  0%| F|  |TAMS 0x00000000af400000| PB 0x00000000af400000| Untracked |  0
| 757|0x00000000af500000, 0x00000000af500000, 0x00000000af600000|  0%| F|  |TAMS 0x00000000af500000| PB 0x00000000af500000| Untracked |  0
| 758|0x00000000af600000, 0x00000000af600000, 0x00000000af700000|  0%| F|  |TAMS 0x00000000af600000| PB 0x00000000af600000| Untracked |  0
| 759|0x00000000af700000, 0x00000000af700000, 0x00000000af800000|  0%| F|  |TAMS 0x00000000af700000| PB 0x00000000af700000| Untracked |  0
| 760|0x00000000af800000, 0x00000000af800000, 0x00000000af900000|  0%| F|  |TAMS 0x00000000af800000| PB 0x00000000af800000| Untracked |  0
| 761|0x00000000af900000, 0x00000000af900000, 0x00000000afa00000|  0%| F|  |TAMS 0x00000000af900000| PB 0x00000000af900000| Untracked |  0
| 762|0x00000000afa00000, 0x00000000afa00000, 0x00000000afb00000|  0%| F|  |TAMS 0x00000000afa00000| PB 0x00000000afa00000| Untracked |  0
| 763|0x00000000afb00000, 0x00000000afb00000, 0x00000000afc00000|  0%| F|  |TAMS 0x00000000afb00000| PB 0x00000000afb00000| Untracked |  0
| 764|0x00000000afc00000, 0x00000000afc00000, 0x00000000afd00000|  0%| F|  |TAMS 0x00000000afc00000| PB 0x00000000afc00000| Untracked |  0
| 765|0x00000000afd00000, 0x00000000afd00000, 0x00000000afe00000|  0%| F|  |TAMS 0x00000000afd00000| PB 0x00000000afd00000| Untracked |  0
| 766|0x00000000afe00000, 0x00000000afe00000, 0x00000000aff00000|  0%| F|  |TAMS 0x00000000afe00000| PB 0x00000000afe00000| Untracked |  0
| 767|0x00000000aff00000, 0x00000000aff00000, 0x00000000b0000000|  0%| F|  |TAMS 0x00000000aff00000| PB 0x00000000aff00000| Untracked |  0
| 768|0x00000000b0000000, 0x00000000b0000000, 0x00000000b0100000|  0%| F|  |TAMS 0x00000000b0000000| PB 0x00000000b0000000| Untracked |  0
| 769|0x00000000b0100000, 0x00000000b0100000, 0x00000000b0200000|  0%| F|  |TAMS 0x00000000b0100000| PB 0x00000000b0100000| Untracked |  0
| 770|0x00000000b0200000, 0x00000000b0200000, 0x00000000b0300000|  0%| F|  |TAMS 0x00000000b0200000| PB 0x00000000b0200000| Untracked |  0
| 771|0x00000000b0300000, 0x00000000b0300000, 0x00000000b0400000|  0%| F|  |TAMS 0x00000000b0300000| PB 0x00000000b0300000| Untracked |  0
| 772|0x00000000b0400000, 0x00000000b0400000, 0x00000000b0500000|  0%| F|  |TAMS 0x00000000b0400000| PB 0x00000000b0400000| Untracked |  0
| 773|0x00000000b0500000, 0x00000000b0500000, 0x00000000b0600000|  0%| F|  |TAMS 0x00000000b0500000| PB 0x00000000b0500000| Untracked |  0
| 774|0x00000000b0600000, 0x00000000b0600000, 0x00000000b0700000|  0%| F|  |TAMS 0x00000000b0600000| PB 0x00000000b0600000| Untracked |  0
| 775|0x00000000b0700000, 0x00000000b0700000, 0x00000000b0800000|  0%| F|  |TAMS 0x00000000b0700000| PB 0x00000000b0700000| Untracked |  0
| 776|0x00000000b0800000, 0x00000000b0800000, 0x00000000b0900000|  0%| F|  |TAMS 0x00000000b0800000| PB 0x00000000b0800000| Untracked |  0
| 777|0x00000000b0900000, 0x00000000b0900000, 0x00000000b0a00000|  0%| F|  |TAMS 0x00000000b0900000| PB 0x00000000b0900000| Untracked |  0
| 778|0x00000000b0a00000, 0x00000000b0a00000, 0x00000000b0b00000|  0%| F|  |TAMS 0x00000000b0a00000| PB 0x00000000b0a00000| Untracked |  0
| 779|0x00000000b0b00000, 0x00000000b0b00000, 0x00000000b0c00000|  0%| F|  |TAMS 0x00000000b0b00000| PB 0x00000000b0b00000| Untracked |  0
| 780|0x00000000b0c00000, 0x00000000b0c00000, 0x00000000b0d00000|  0%| F|  |TAMS 0x00000000b0c00000| PB 0x00000000b0c00000| Untracked |  0
| 781|0x00000000b0d00000, 0x00000000b0d00000, 0x00000000b0e00000|  0%| F|  |TAMS 0x00000000b0d00000| PB 0x00000000b0d00000| Untracked |  0
| 782|0x00000000b0e00000, 0x00000000b0e00000, 0x00000000b0f00000|  0%| F|  |TAMS 0x00000000b0e00000| PB 0x00000000b0e00000| Untracked |  0
| 783|0x00000000b0f00000, 0x00000000b0f00000, 0x00000000b1000000|  0%| F|  |TAMS 0x00000000b0f00000| PB 0x00000000b0f00000| Untracked |  0
| 784|0x00000000b1000000, 0x00000000b1000000, 0x00000000b1100000|  0%| F|  |TAMS 0x00000000b1000000| PB 0x00000000b1000000| Untracked |  0
| 785|0x00000000b1100000, 0x00000000b1100000, 0x00000000b1200000|  0%| F|  |TAMS 0x00000000b1100000| PB 0x00000000b1100000| Untracked |  0
| 786|0x00000000b1200000, 0x00000000b1200000, 0x00000000b1300000|  0%| F|  |TAMS 0x00000000b1200000| PB 0x00000000b1200000| Untracked |  0
| 787|0x00000000b1300000, 0x00000000b1300000, 0x00000000b1400000|  0%| F|  |TAMS 0x00000000b1300000| PB 0x00000000b1300000| Untracked |  0
| 788|0x00000000b1400000, 0x00000000b1400000, 0x00000000b1500000|  0%| F|  |TAMS 0x00000000b1400000| PB 0x00000000b1400000| Untracked |  0
| 789|0x00000000b1500000, 0x00000000b1500000, 0x00000000b1600000|  0%| F|  |TAMS 0x00000000b1500000| PB 0x00000000b1500000| Untracked |  0
| 790|0x00000000b1600000, 0x00000000b1600000, 0x00000000b1700000|  0%| F|  |TAMS 0x00000000b1600000| PB 0x00000000b1600000| Untracked |  0
| 791|0x00000000b1700000, 0x00000000b1700000, 0x00000000b1800000|  0%| F|  |TAMS 0x00000000b1700000| PB 0x00000000b1700000| Untracked |  0
| 792|0x00000000b1800000, 0x00000000b1800000, 0x00000000b1900000|  0%| F|  |TAMS 0x00000000b1800000| PB 0x00000000b1800000| Untracked |  0
| 793|0x00000000b1900000, 0x00000000b1900000, 0x00000000b1a00000|  0%| F|  |TAMS 0x00000000b1900000| PB 0x00000000b1900000| Untracked |  0
| 794|0x00000000b1a00000, 0x00000000b1a00000, 0x00000000b1b00000|  0%| F|  |TAMS 0x00000000b1a00000| PB 0x00000000b1a00000| Untracked |  0
| 795|0x00000000b1b00000, 0x00000000b1b00000, 0x00000000b1c00000|  0%| F|  |TAMS 0x00000000b1b00000| PB 0x00000000b1b00000| Untracked |  0
| 796|0x00000000b1c00000, 0x00000000b1c00000, 0x00000000b1d00000|  0%| F|  |TAMS 0x00000000b1c00000| PB 0x00000000b1c00000| Untracked |  0
| 797|0x00000000b1d00000, 0x00000000b1d00000, 0x00000000b1e00000|  0%| F|  |TAMS 0x00000000b1d00000| PB 0x00000000b1d00000| Untracked |  0
| 798|0x00000000b1e00000, 0x00000000b1e00000, 0x00000000b1f00000|  0%| F|  |TAMS 0x00000000b1e00000| PB 0x00000000b1e00000| Untracked |  0
| 799|0x00000000b1f00000, 0x00000000b1f00000, 0x00000000b2000000|  0%| F|  |TAMS 0x00000000b1f00000| PB 0x00000000b1f00000| Untracked |  0
| 800|0x00000000b2000000, 0x00000000b2000000, 0x00000000b2100000|  0%| F|  |TAMS 0x00000000b2000000| PB 0x00000000b2000000| Untracked |  0
| 801|0x00000000b2100000, 0x00000000b2100000, 0x00000000b2200000|  0%| F|  |TAMS 0x00000000b2100000| PB 0x00000000b2100000| Untracked |  0
| 802|0x00000000b2200000, 0x00000000b2200000, 0x00000000b2300000|  0%| F|  |TAMS 0x00000000b2200000| PB 0x00000000b2200000| Untracked |  0
| 803|0x00000000b2300000, 0x00000000b2300000, 0x00000000b2400000|  0%| F|  |TAMS 0x00000000b2300000| PB 0x00000000b2300000| Untracked |  0
| 804|0x00000000b2400000, 0x00000000b2400000, 0x00000000b2500000|  0%| F|  |TAMS 0x00000000b2400000| PB 0x00000000b2400000| Untracked |  0
| 805|0x00000000b2500000, 0x00000000b2500000, 0x00000000b2600000|  0%| F|  |TAMS 0x00000000b2500000| PB 0x00000000b2500000| Untracked |  0
| 806|0x00000000b2600000, 0x00000000b2600000, 0x00000000b2700000|  0%| F|  |TAMS 0x00000000b2600000| PB 0x00000000b2600000| Untracked |  0
| 807|0x00000000b2700000, 0x00000000b2700000, 0x00000000b2800000|  0%| F|  |TAMS 0x00000000b2700000| PB 0x00000000b2700000| Untracked |  0
| 808|0x00000000b2800000, 0x00000000b2800000, 0x00000000b2900000|  0%| F|  |TAMS 0x00000000b2800000| PB 0x00000000b2800000| Untracked |  0
| 809|0x00000000b2900000, 0x00000000b2900000, 0x00000000b2a00000|  0%| F|  |TAMS 0x00000000b2900000| PB 0x00000000b2900000| Untracked |  0
| 810|0x00000000b2a00000, 0x00000000b2a00000, 0x00000000b2b00000|  0%| F|  |TAMS 0x00000000b2a00000| PB 0x00000000b2a00000| Untracked |  0
| 811|0x00000000b2b00000, 0x00000000b2b00000, 0x00000000b2c00000|  0%| F|  |TAMS 0x00000000b2b00000| PB 0x00000000b2b00000| Untracked |  0
| 812|0x00000000b2c00000, 0x00000000b2c00000, 0x00000000b2d00000|  0%| F|  |TAMS 0x00000000b2c00000| PB 0x00000000b2c00000| Untracked |  0
| 813|0x00000000b2d00000, 0x00000000b2d00000, 0x00000000b2e00000|  0%| F|  |TAMS 0x00000000b2d00000| PB 0x00000000b2d00000| Untracked |  0
| 814|0x00000000b2e00000, 0x00000000b2e00000, 0x00000000b2f00000|  0%| F|  |TAMS 0x00000000b2e00000| PB 0x00000000b2e00000| Untracked |  0
| 815|0x00000000b2f00000, 0x00000000b2f00000, 0x00000000b3000000|  0%| F|  |TAMS 0x00000000b2f00000| PB 0x00000000b2f00000| Untracked |  0
| 816|0x00000000b3000000, 0x00000000b3000000, 0x00000000b3100000|  0%| F|  |TAMS 0x00000000b3000000| PB 0x00000000b3000000| Untracked |  0
| 817|0x00000000b3100000, 0x00000000b3100000, 0x00000000b3200000|  0%| F|  |TAMS 0x00000000b3100000| PB 0x00000000b3100000| Untracked |  0
| 818|0x00000000b3200000, 0x00000000b3200000, 0x00000000b3300000|  0%| F|  |TAMS 0x00000000b3200000| PB 0x00000000b3200000| Untracked |  0
| 819|0x00000000b3300000, 0x00000000b3300000, 0x00000000b3400000|  0%| F|  |TAMS 0x00000000b3300000| PB 0x00000000b3300000| Untracked |  0
| 820|0x00000000b3400000, 0x00000000b3400000, 0x00000000b3500000|  0%| F|  |TAMS 0x00000000b3400000| PB 0x00000000b3400000| Untracked |  0
| 821|0x00000000b3500000, 0x00000000b3500000, 0x00000000b3600000|  0%| F|  |TAMS 0x00000000b3500000| PB 0x00000000b3500000| Untracked |  0
| 822|0x00000000b3600000, 0x00000000b3600000, 0x00000000b3700000|  0%| F|  |TAMS 0x00000000b3600000| PB 0x00000000b3600000| Untracked |  0
| 823|0x00000000b3700000, 0x00000000b3700000, 0x00000000b3800000|  0%| F|  |TAMS 0x00000000b3700000| PB 0x00000000b3700000| Untracked |  0
| 824|0x00000000b3800000, 0x00000000b3800000, 0x00000000b3900000|  0%| F|  |TAMS 0x00000000b3800000| PB 0x00000000b3800000| Untracked |  0
| 825|0x00000000b3900000, 0x00000000b3900000, 0x00000000b3a00000|  0%| F|  |TAMS 0x00000000b3900000| PB 0x00000000b3900000| Untracked |  0
| 826|0x00000000b3a00000, 0x00000000b3a00000, 0x00000000b3b00000|  0%| F|  |TAMS 0x00000000b3a00000| PB 0x00000000b3a00000| Untracked |  0
| 827|0x00000000b3b00000, 0x00000000b3b00000, 0x00000000b3c00000|  0%| F|  |TAMS 0x00000000b3b00000| PB 0x00000000b3b00000| Untracked |  0
| 828|0x00000000b3c00000, 0x00000000b3c00000, 0x00000000b3d00000|  0%| F|  |TAMS 0x00000000b3c00000| PB 0x00000000b3c00000| Untracked |  0
| 829|0x00000000b3d00000, 0x00000000b3d00000, 0x00000000b3e00000|  0%| F|  |TAMS 0x00000000b3d00000| PB 0x00000000b3d00000| Untracked |  0
| 830|0x00000000b3e00000, 0x00000000b3e00000, 0x00000000b3f00000|  0%| F|  |TAMS 0x00000000b3e00000| PB 0x00000000b3e00000| Untracked |  0
| 831|0x00000000b3f00000, 0x00000000b3f00000, 0x00000000b4000000|  0%| F|  |TAMS 0x00000000b3f00000| PB 0x00000000b3f00000| Untracked |  0
| 832|0x00000000b4000000, 0x00000000b4000000, 0x00000000b4100000|  0%| F|  |TAMS 0x00000000b4000000| PB 0x00000000b4000000| Untracked |  0
| 833|0x00000000b4100000, 0x00000000b4100000, 0x00000000b4200000|  0%| F|  |TAMS 0x00000000b4100000| PB 0x00000000b4100000| Untracked |  0
| 834|0x00000000b4200000, 0x00000000b4200000, 0x00000000b4300000|  0%| F|  |TAMS 0x00000000b4200000| PB 0x00000000b4200000| Untracked |  0
| 835|0x00000000b4300000, 0x00000000b4300000, 0x00000000b4400000|  0%| F|  |TAMS 0x00000000b4300000| PB 0x00000000b4300000| Untracked |  0
| 836|0x00000000b4400000, 0x00000000b4400000, 0x00000000b4500000|  0%| F|  |TAMS 0x00000000b4400000| PB 0x00000000b4400000| Untracked |  0
| 837|0x00000000b4500000, 0x00000000b4500000, 0x00000000b4600000|  0%| F|  |TAMS 0x00000000b4500000| PB 0x00000000b4500000| Untracked |  0
| 838|0x00000000b4600000, 0x00000000b4600000, 0x00000000b4700000|  0%| F|  |TAMS 0x00000000b4600000| PB 0x00000000b4600000| Untracked |  0
| 839|0x00000000b4700000, 0x00000000b4700000, 0x00000000b4800000|  0%| F|  |TAMS 0x00000000b4700000| PB 0x00000000b4700000| Untracked |  0
| 840|0x00000000b4800000, 0x00000000b4800000, 0x00000000b4900000|  0%| F|  |TAMS 0x00000000b4800000| PB 0x00000000b4800000| Untracked |  0
| 841|0x00000000b4900000, 0x00000000b4900000, 0x00000000b4a00000|  0%| F|  |TAMS 0x00000000b4900000| PB 0x00000000b4900000| Untracked |  0
| 842|0x00000000b4a00000, 0x00000000b4a00000, 0x00000000b4b00000|  0%| F|  |TAMS 0x00000000b4a00000| PB 0x00000000b4a00000| Untracked |  0
| 843|0x00000000b4b00000, 0x00000000b4b00000, 0x00000000b4c00000|  0%| F|  |TAMS 0x00000000b4b00000| PB 0x00000000b4b00000| Untracked |  0
| 844|0x00000000b4c00000, 0x00000000b4c00000, 0x00000000b4d00000|  0%| F|  |TAMS 0x00000000b4c00000| PB 0x00000000b4c00000| Untracked |  0
| 845|0x00000000b4d00000, 0x00000000b4d00000, 0x00000000b4e00000|  0%| F|  |TAMS 0x00000000b4d00000| PB 0x00000000b4d00000| Untracked |  0
| 846|0x00000000b4e00000, 0x00000000b4e00000, 0x00000000b4f00000|  0%| F|  |TAMS 0x00000000b4e00000| PB 0x00000000b4e00000| Untracked |  0
| 847|0x00000000b4f00000, 0x00000000b4f00000, 0x00000000b5000000|  0%| F|  |TAMS 0x00000000b4f00000| PB 0x00000000b4f00000| Untracked |  0
| 848|0x00000000b5000000, 0x00000000b5000000, 0x00000000b5100000|  0%| F|  |TAMS 0x00000000b5000000| PB 0x00000000b5000000| Untracked |  0
| 849|0x00000000b5100000, 0x00000000b5100000, 0x00000000b5200000|  0%| F|  |TAMS 0x00000000b5100000| PB 0x00000000b5100000| Untracked |  0
| 850|0x00000000b5200000, 0x00000000b5200000, 0x00000000b5300000|  0%| F|  |TAMS 0x00000000b5200000| PB 0x00000000b5200000| Untracked |  0
| 851|0x00000000b5300000, 0x00000000b5300000, 0x00000000b5400000|  0%| F|  |TAMS 0x00000000b5300000| PB 0x00000000b5300000| Untracked |  0
| 852|0x00000000b5400000, 0x00000000b5400000, 0x00000000b5500000|  0%| F|  |TAMS 0x00000000b5400000| PB 0x00000000b5400000| Untracked |  0
| 853|0x00000000b5500000, 0x00000000b5500000, 0x00000000b5600000|  0%| F|  |TAMS 0x00000000b5500000| PB 0x00000000b5500000| Untracked |  0
| 854|0x00000000b5600000, 0x00000000b5600000, 0x00000000b5700000|  0%| F|  |TAMS 0x00000000b5600000| PB 0x00000000b5600000| Untracked |  0
| 855|0x00000000b5700000, 0x00000000b5700000, 0x00000000b5800000|  0%| F|  |TAMS 0x00000000b5700000| PB 0x00000000b5700000| Untracked |  0
| 856|0x00000000b5800000, 0x00000000b5800000, 0x00000000b5900000|  0%| F|  |TAMS 0x00000000b5800000| PB 0x00000000b5800000| Untracked |  0
| 857|0x00000000b5900000, 0x00000000b5900000, 0x00000000b5a00000|  0%| F|  |TAMS 0x00000000b5900000| PB 0x00000000b5900000| Untracked |  0
| 858|0x00000000b5a00000, 0x00000000b5a00000, 0x00000000b5b00000|  0%| F|  |TAMS 0x00000000b5a00000| PB 0x00000000b5a00000| Untracked |  0
| 859|0x00000000b5b00000, 0x00000000b5b00000, 0x00000000b5c00000|  0%| F|  |TAMS 0x00000000b5b00000| PB 0x00000000b5b00000| Untracked |  0
| 860|0x00000000b5c00000, 0x00000000b5c00000, 0x00000000b5d00000|  0%| F|  |TAMS 0x00000000b5c00000| PB 0x00000000b5c00000| Untracked |  0
| 861|0x00000000b5d00000, 0x00000000b5d00000, 0x00000000b5e00000|  0%| F|  |TAMS 0x00000000b5d00000| PB 0x00000000b5d00000| Untracked |  0
| 862|0x00000000b5e00000, 0x00000000b5e00000, 0x00000000b5f00000|  0%| F|  |TAMS 0x00000000b5e00000| PB 0x00000000b5e00000| Untracked |  0
| 863|0x00000000b5f00000, 0x00000000b5f00000, 0x00000000b6000000|  0%| F|  |TAMS 0x00000000b5f00000| PB 0x00000000b5f00000| Untracked |  0
| 864|0x00000000b6000000, 0x00000000b6000000, 0x00000000b6100000|  0%| F|  |TAMS 0x00000000b6000000| PB 0x00000000b6000000| Untracked |  0
| 865|0x00000000b6100000, 0x00000000b6100000, 0x00000000b6200000|  0%| F|  |TAMS 0x00000000b6100000| PB 0x00000000b6100000| Untracked |  0
| 866|0x00000000b6200000, 0x00000000b6200000, 0x00000000b6300000|  0%| F|  |TAMS 0x00000000b6200000| PB 0x00000000b6200000| Untracked |  0
| 867|0x00000000b6300000, 0x00000000b6300000, 0x00000000b6400000|  0%| F|  |TAMS 0x00000000b6300000| PB 0x00000000b6300000| Untracked |  0
| 868|0x00000000b6400000, 0x00000000b6400000, 0x00000000b6500000|  0%| F|  |TAMS 0x00000000b6400000| PB 0x00000000b6400000| Untracked |  0
| 869|0x00000000b6500000, 0x00000000b6500000, 0x00000000b6600000|  0%| F|  |TAMS 0x00000000b6500000| PB 0x00000000b6500000| Untracked |  0
| 870|0x00000000b6600000, 0x00000000b6600000, 0x00000000b6700000|  0%| F|  |TAMS 0x00000000b6600000| PB 0x00000000b6600000| Untracked |  0
| 871|0x00000000b6700000, 0x00000000b6700000, 0x00000000b6800000|  0%| F|  |TAMS 0x00000000b6700000| PB 0x00000000b6700000| Untracked |  0
| 872|0x00000000b6800000, 0x00000000b6800000, 0x00000000b6900000|  0%| F|  |TAMS 0x00000000b6800000| PB 0x00000000b6800000| Untracked |  0
| 873|0x00000000b6900000, 0x00000000b6900000, 0x00000000b6a00000|  0%| F|  |TAMS 0x00000000b6900000| PB 0x00000000b6900000| Untracked |  0
| 874|0x00000000b6a00000, 0x00000000b6a00000, 0x00000000b6b00000|  0%| F|  |TAMS 0x00000000b6a00000| PB 0x00000000b6a00000| Untracked |  0
| 875|0x00000000b6b00000, 0x00000000b6b00000, 0x00000000b6c00000|  0%| F|  |TAMS 0x00000000b6b00000| PB 0x00000000b6b00000| Untracked |  0
| 876|0x00000000b6c00000, 0x00000000b6c00000, 0x00000000b6d00000|  0%| F|  |TAMS 0x00000000b6c00000| PB 0x00000000b6c00000| Untracked |  0
| 877|0x00000000b6d00000, 0x00000000b6d00000, 0x00000000b6e00000|  0%| F|  |TAMS 0x00000000b6d00000| PB 0x00000000b6d00000| Untracked |  0
| 878|0x00000000b6e00000, 0x00000000b6e00000, 0x00000000b6f00000|  0%| F|  |TAMS 0x00000000b6e00000| PB 0x00000000b6e00000| Untracked |  0
| 879|0x00000000b6f00000, 0x00000000b6f00000, 0x00000000b7000000|  0%| F|  |TAMS 0x00000000b6f00000| PB 0x00000000b6f00000| Untracked |  0
| 880|0x00000000b7000000, 0x00000000b7000000, 0x00000000b7100000|  0%| F|  |TAMS 0x00000000b7000000| PB 0x00000000b7000000| Untracked |  0
| 881|0x00000000b7100000, 0x00000000b7100000, 0x00000000b7200000|  0%| F|  |TAMS 0x00000000b7100000| PB 0x00000000b7100000| Untracked |  0
| 882|0x00000000b7200000, 0x00000000b7200000, 0x00000000b7300000|  0%| F|  |TAMS 0x00000000b7200000| PB 0x00000000b7200000| Untracked |  0
| 883|0x00000000b7300000, 0x00000000b7300000, 0x00000000b7400000|  0%| F|  |TAMS 0x00000000b7300000| PB 0x00000000b7300000| Untracked |  0
| 884|0x00000000b7400000, 0x00000000b7400000, 0x00000000b7500000|  0%| F|  |TAMS 0x00000000b7400000| PB 0x00000000b7400000| Untracked |  0
| 885|0x00000000b7500000, 0x00000000b7500000, 0x00000000b7600000|  0%| F|  |TAMS 0x00000000b7500000| PB 0x00000000b7500000| Untracked |  0
| 886|0x00000000b7600000, 0x00000000b7600000, 0x00000000b7700000|  0%| F|  |TAMS 0x00000000b7600000| PB 0x00000000b7600000| Untracked |  0
| 887|0x00000000b7700000, 0x00000000b7700000, 0x00000000b7800000|  0%| F|  |TAMS 0x00000000b7700000| PB 0x00000000b7700000| Untracked |  0
| 888|0x00000000b7800000, 0x00000000b7800000, 0x00000000b7900000|  0%| F|  |TAMS 0x00000000b7800000| PB 0x00000000b7800000| Untracked |  0
| 889|0x00000000b7900000, 0x00000000b7900000, 0x00000000b7a00000|  0%| F|  |TAMS 0x00000000b7900000| PB 0x00000000b7900000| Untracked |  0
| 890|0x00000000b7a00000, 0x00000000b7a00000, 0x00000000b7b00000|  0%| F|  |TAMS 0x00000000b7a00000| PB 0x00000000b7a00000| Untracked |  0
| 891|0x00000000b7b00000, 0x00000000b7b00000, 0x00000000b7c00000|  0%| F|  |TAMS 0x00000000b7b00000| PB 0x00000000b7b00000| Untracked |  0
| 892|0x00000000b7c00000, 0x00000000b7c00000, 0x00000000b7d00000|  0%| F|  |TAMS 0x00000000b7c00000| PB 0x00000000b7c00000| Untracked |  0
| 893|0x00000000b7d00000, 0x00000000b7d00000, 0x00000000b7e00000|  0%| F|  |TAMS 0x00000000b7d00000| PB 0x00000000b7d00000| Untracked |  0
| 894|0x00000000b7e00000, 0x00000000b7e00000, 0x00000000b7f00000|  0%| F|  |TAMS 0x00000000b7e00000| PB 0x00000000b7e00000| Untracked |  0
| 895|0x00000000b7f00000, 0x00000000b7f00000, 0x00000000b8000000|  0%| F|  |TAMS 0x00000000b7f00000| PB 0x00000000b7f00000| Untracked |  0
| 896|0x00000000b8000000, 0x00000000b8000000, 0x00000000b8100000|  0%| F|  |TAMS 0x00000000b8000000| PB 0x00000000b8000000| Untracked |  0
| 897|0x00000000b8100000, 0x00000000b8100000, 0x00000000b8200000|  0%| F|  |TAMS 0x00000000b8100000| PB 0x00000000b8100000| Untracked |  0
| 898|0x00000000b8200000, 0x00000000b8200000, 0x00000000b8300000|  0%| F|  |TAMS 0x00000000b8200000| PB 0x00000000b8200000| Untracked |  0
| 899|0x00000000b8300000, 0x00000000b8300000, 0x00000000b8400000|  0%| F|  |TAMS 0x00000000b8300000| PB 0x00000000b8300000| Untracked |  0
| 900|0x00000000b8400000, 0x00000000b8400000, 0x00000000b8500000|  0%| F|  |TAMS 0x00000000b8400000| PB 0x00000000b8400000| Untracked |  0
| 901|0x00000000b8500000, 0x00000000b8500000, 0x00000000b8600000|  0%| F|  |TAMS 0x00000000b8500000| PB 0x00000000b8500000| Untracked |  0
| 902|0x00000000b8600000, 0x00000000b8600000, 0x00000000b8700000|  0%| F|  |TAMS 0x00000000b8600000| PB 0x00000000b8600000| Untracked |  0
| 903|0x00000000b8700000, 0x00000000b8700000, 0x00000000b8800000|  0%| F|  |TAMS 0x00000000b8700000| PB 0x00000000b8700000| Untracked |  0
| 904|0x00000000b8800000, 0x00000000b8800000, 0x00000000b8900000|  0%| F|  |TAMS 0x00000000b8800000| PB 0x00000000b8800000| Untracked |  0
| 905|0x00000000b8900000, 0x00000000b8900000, 0x00000000b8a00000|  0%| F|  |TAMS 0x00000000b8900000| PB 0x00000000b8900000| Untracked |  0
| 906|0x00000000b8a00000, 0x00000000b8a00000, 0x00000000b8b00000|  0%| F|  |TAMS 0x00000000b8a00000| PB 0x00000000b8a00000| Untracked |  0
| 907|0x00000000b8b00000, 0x00000000b8b00000, 0x00000000b8c00000|  0%| F|  |TAMS 0x00000000b8b00000| PB 0x00000000b8b00000| Untracked |  0
| 908|0x00000000b8c00000, 0x00000000b8c00000, 0x00000000b8d00000|  0%| F|  |TAMS 0x00000000b8c00000| PB 0x00000000b8c00000| Untracked |  0
| 909|0x00000000b8d00000, 0x00000000b8d00000, 0x00000000b8e00000|  0%| F|  |TAMS 0x00000000b8d00000| PB 0x00000000b8d00000| Untracked |  0
| 910|0x00000000b8e00000, 0x00000000b8e00000, 0x00000000b8f00000|  0%| F|  |TAMS 0x00000000b8e00000| PB 0x00000000b8e00000| Untracked |  0
| 911|0x00000000b8f00000, 0x00000000b8f00000, 0x00000000b9000000|  0%| F|  |TAMS 0x00000000b8f00000| PB 0x00000000b8f00000| Untracked |  0
| 912|0x00000000b9000000, 0x00000000b9000000, 0x00000000b9100000|  0%| F|  |TAMS 0x00000000b9000000| PB 0x00000000b9000000| Untracked |  0
| 913|0x00000000b9100000, 0x00000000b9100000, 0x00000000b9200000|  0%| F|  |TAMS 0x00000000b9100000| PB 0x00000000b9100000| Untracked |  0
| 914|0x00000000b9200000, 0x00000000b9200000, 0x00000000b9300000|  0%| F|  |TAMS 0x00000000b9200000| PB 0x00000000b9200000| Untracked |  0
| 915|0x00000000b9300000, 0x00000000b9300000, 0x00000000b9400000|  0%| F|  |TAMS 0x00000000b9300000| PB 0x00000000b9300000| Untracked |  0
| 916|0x00000000b9400000, 0x00000000b9400000, 0x00000000b9500000|  0%| F|  |TAMS 0x00000000b9400000| PB 0x00000000b9400000| Untracked |  0
| 917|0x00000000b9500000, 0x00000000b9500000, 0x00000000b9600000|  0%| F|  |TAMS 0x00000000b9500000| PB 0x00000000b9500000| Untracked |  0
| 918|0x00000000b9600000, 0x00000000b9600000, 0x00000000b9700000|  0%| F|  |TAMS 0x00000000b9600000| PB 0x00000000b9600000| Untracked |  0
| 919|0x00000000b9700000, 0x00000000b9700000, 0x00000000b9800000|  0%| F|  |TAMS 0x00000000b9700000| PB 0x00000000b9700000| Untracked |  0
| 920|0x00000000b9800000, 0x00000000b9800000, 0x00000000b9900000|  0%| F|  |TAMS 0x00000000b9800000| PB 0x00000000b9800000| Untracked |  0
| 921|0x00000000b9900000, 0x00000000b9900000, 0x00000000b9a00000|  0%| F|  |TAMS 0x00000000b9900000| PB 0x00000000b9900000| Untracked |  0
| 922|0x00000000b9a00000, 0x00000000b9a00000, 0x00000000b9b00000|  0%| F|  |TAMS 0x00000000b9a00000| PB 0x00000000b9a00000| Untracked |  0
| 923|0x00000000b9b00000, 0x00000000b9b00000, 0x00000000b9c00000|  0%| F|  |TAMS 0x00000000b9b00000| PB 0x00000000b9b00000| Untracked |  0
| 924|0x00000000b9c00000, 0x00000000b9c00000, 0x00000000b9d00000|  0%| F|  |TAMS 0x00000000b9c00000| PB 0x00000000b9c00000| Untracked |  0
| 925|0x00000000b9d00000, 0x00000000b9d00000, 0x00000000b9e00000|  0%| F|  |TAMS 0x00000000b9d00000| PB 0x00000000b9d00000| Untracked |  0
| 926|0x00000000b9e00000, 0x00000000b9e00000, 0x00000000b9f00000|  0%| F|  |TAMS 0x00000000b9e00000| PB 0x00000000b9e00000| Untracked |  0
| 927|0x00000000b9f00000, 0x00000000b9f00000, 0x00000000ba000000|  0%| F|  |TAMS 0x00000000b9f00000| PB 0x00000000b9f00000| Untracked |  0
| 928|0x00000000ba000000, 0x00000000ba000000, 0x00000000ba100000|  0%| F|  |TAMS 0x00000000ba000000| PB 0x00000000ba000000| Untracked |  0
| 929|0x00000000ba100000, 0x00000000ba100000, 0x00000000ba200000|  0%| F|  |TAMS 0x00000000ba100000| PB 0x00000000ba100000| Untracked |  0
| 930|0x00000000ba200000, 0x00000000ba200000, 0x00000000ba300000|  0%| F|  |TAMS 0x00000000ba200000| PB 0x00000000ba200000| Untracked |  0
| 931|0x00000000ba300000, 0x00000000ba300000, 0x00000000ba400000|  0%| F|  |TAMS 0x00000000ba300000| PB 0x00000000ba300000| Untracked |  0
| 932|0x00000000ba400000, 0x00000000ba400000, 0x00000000ba500000|  0%| F|  |TAMS 0x00000000ba400000| PB 0x00000000ba400000| Untracked |  0
| 933|0x00000000ba500000, 0x00000000ba500000, 0x00000000ba600000|  0%| F|  |TAMS 0x00000000ba500000| PB 0x00000000ba500000| Untracked |  0
| 934|0x00000000ba600000, 0x00000000ba600000, 0x00000000ba700000|  0%| F|  |TAMS 0x00000000ba600000| PB 0x00000000ba600000| Untracked |  0
| 935|0x00000000ba700000, 0x00000000ba700000, 0x00000000ba800000|  0%| F|  |TAMS 0x00000000ba700000| PB 0x00000000ba700000| Untracked |  0
| 936|0x00000000ba800000, 0x00000000ba800000, 0x00000000ba900000|  0%| F|  |TAMS 0x00000000ba800000| PB 0x00000000ba800000| Untracked |  0
| 937|0x00000000ba900000, 0x00000000ba900000, 0x00000000baa00000|  0%| F|  |TAMS 0x00000000ba900000| PB 0x00000000ba900000| Untracked |  0
|1990|0x00000000fc600000, 0x00000000fc700000, 0x00000000fc700000|100%| O|  |TAMS 0x00000000fc600000| PB 0x00000000fc600000| Untracked |  0
|1991|0x00000000fc700000, 0x00000000fc800000, 0x00000000fc800000|100%| O|  |TAMS 0x00000000fc700000| PB 0x00000000fc700000| Untracked |  0
|1992|0x00000000fc800000, 0x00000000fc900000, 0x00000000fc900000|100%| O|Cm|TAMS 0x00000000fc800000| PB 0x00000000fc800000| Complete |  0
|1993|0x00000000fc900000, 0x00000000fca00000, 0x00000000fca00000|100%| O|Cm|TAMS 0x00000000fc900000| PB 0x00000000fc900000| Complete |  0
|1994|0x00000000fca00000, 0x00000000fcb00000, 0x00000000fcb00000|100%| O|  |TAMS 0x00000000fca00000| PB 0x00000000fca00000| Untracked |  0
|1995|0x00000000fcb00000, 0x00000000fcc00000, 0x00000000fcc00000|100%| O|  |TAMS 0x00000000fcb00000| PB 0x00000000fcb00000| Untracked |  0
|1996|0x00000000fcc00000, 0x00000000fcd00000, 0x00000000fcd00000|100%| O|Cm|TAMS 0x00000000fcc00000| PB 0x00000000fcc00000| Complete |  0
|1997|0x00000000fcd00000, 0x00000000fce00000, 0x00000000fce00000|100%| O|Cm|TAMS 0x00000000fcd00000| PB 0x00000000fcd00000| Complete |  0
|1998|0x00000000fce00000, 0x00000000fcf00000, 0x00000000fcf00000|100%| O|Cm|TAMS 0x00000000fce00000| PB 0x00000000fce00000| Complete |  0
|1999|0x00000000fcf00000, 0x00000000fd000000, 0x00000000fd000000|100%| O|Cm|TAMS 0x00000000fcf00000| PB 0x00000000fcf00000| Complete |  0
|2000|0x00000000fd000000, 0x00000000fd100000, 0x00000000fd100000|100%| O|Cm|TAMS 0x00000000fd000000| PB 0x00000000fd000000| Complete |  0
|2001|0x00000000fd100000, 0x00000000fd200000, 0x00000000fd200000|100%| O|  |TAMS 0x00000000fd100000| PB 0x00000000fd100000| Untracked |  0
|2002|0x00000000fd200000, 0x00000000fd300000, 0x00000000fd300000|100%| O|  |TAMS 0x00000000fd200000| PB 0x00000000fd200000| Untracked |  0
|2003|0x00000000fd300000, 0x00000000fd400000, 0x00000000fd400000|100%| O|  |TAMS 0x00000000fd300000| PB 0x00000000fd300000| Untracked |  0
|2004|0x00000000fd400000, 0x00000000fd500000, 0x00000000fd500000|100%| O|  |TAMS 0x00000000fd400000| PB 0x00000000fd400000| Untracked |  0
|2005|0x00000000fd500000, 0x00000000fd600000, 0x00000000fd600000|100%| O|  |TAMS 0x00000000fd500000| PB 0x00000000fd500000| Untracked |  0
|2006|0x00000000fd600000, 0x00000000fd700000, 0x00000000fd700000|100%| O|  |TAMS 0x00000000fd600000| PB 0x00000000fd600000| Untracked |  0
|2007|0x00000000fd700000, 0x00000000fd800000, 0x00000000fd800000|100%| O|  |TAMS 0x00000000fd700000| PB 0x00000000fd700000| Untracked |  0
|2008|0x00000000fd800000, 0x00000000fd900000, 0x00000000fd900000|100%| O|  |TAMS 0x00000000fd800000| PB 0x00000000fd800000| Untracked |  0
|2009|0x00000000fd900000, 0x00000000fda00000, 0x00000000fda00000|100%| O|  |TAMS 0x00000000fd900000| PB 0x00000000fd900000| Untracked |  0
|2010|0x00000000fda00000, 0x00000000fda00000, 0x00000000fdb00000|  0%| F|  |TAMS 0x00000000fda00000| PB 0x00000000fda00000| Untracked |  0
|2011|0x00000000fdb00000, 0x00000000fdb00000, 0x00000000fdc00000|  0%| F|  |TAMS 0x00000000fdb00000| PB 0x00000000fdb00000| Untracked |  0
|2012|0x00000000fdc00000, 0x00000000fdc88240, 0x00000000fdd00000| 53%| E|  |TAMS 0x00000000fdc00000| PB 0x00000000fdc00000| Complete |  0
|2013|0x00000000fdd00000, 0x00000000fde00000, 0x00000000fde00000|100%| E|CS|TAMS 0x00000000fdd00000| PB 0x00000000fdd00000| Complete |  0
|2014|0x00000000fde00000, 0x00000000fdf00000, 0x00000000fdf00000|100%| E|CS|TAMS 0x00000000fde00000| PB 0x00000000fde00000| Complete |  0
|2015|0x00000000fdf00000, 0x00000000fe000000, 0x00000000fe000000|100%| E|CS|TAMS 0x00000000fdf00000| PB 0x00000000fdf00000| Complete |  0
|2016|0x00000000fe000000, 0x00000000fe100000, 0x00000000fe100000|100%| O|  |TAMS 0x00000000fe000000| PB 0x00000000fe000000| Untracked |  0
|2017|0x00000000fe100000, 0x00000000fe200000, 0x00000000fe200000|100%| O|  |TAMS 0x00000000fe100000| PB 0x00000000fe100000| Untracked |  0
|2018|0x00000000fe200000, 0x00000000fe300000, 0x00000000fe300000|100%| O|  |TAMS 0x00000000fe200000| PB 0x00000000fe200000| Untracked |  0
|2019|0x00000000fe300000, 0x00000000fe400000, 0x00000000fe400000|100%| E|CS|TAMS 0x00000000fe300000| PB 0x00000000fe300000| Complete |  0
|2020|0x00000000fe400000, 0x00000000fe500000, 0x00000000fe500000|100%| E|CS|TAMS 0x00000000fe400000| PB 0x00000000fe400000| Complete |  0
|2021|0x00000000fe500000, 0x00000000fe600000, 0x00000000fe600000|100%| O|  |TAMS 0x00000000fe500000| PB 0x00000000fe500000| Untracked |  0
|2022|0x00000000fe600000, 0x00000000fe700000, 0x00000000fe700000|100%| E|CS|TAMS 0x00000000fe600000| PB 0x00000000fe600000| Complete |  0
|2023|0x00000000fe700000, 0x00000000fe800000, 0x00000000fe800000|100%| E|CS|TAMS 0x00000000fe700000| PB 0x00000000fe700000| Complete |  0
|2024|0x00000000fe800000, 0x00000000fe900000, 0x00000000fe900000|100%| E|CS|TAMS 0x00000000fe800000| PB 0x00000000fe800000| Complete |  0
|2025|0x00000000fe900000, 0x00000000fea00000, 0x00000000fea00000|100%| E|CS|TAMS 0x00000000fe900000| PB 0x00000000fe900000| Complete |  0
|2026|0x00000000fea00000, 0x00000000feb00000, 0x00000000feb00000|100%| E|CS|TAMS 0x00000000fea00000| PB 0x00000000fea00000| Complete |  0
|2027|0x00000000feb00000, 0x00000000fec00000, 0x00000000fec00000|100%| E|CS|TAMS 0x00000000feb00000| PB 0x00000000feb00000| Complete |  0
|2028|0x00000000fec00000, 0x00000000fed00000, 0x00000000fed00000|100%| E|CS|TAMS 0x00000000fec00000| PB 0x00000000fec00000| Complete |  0
|2029|0x00000000fed00000, 0x00000000fee00000, 0x00000000fee00000|100%| E|CS|TAMS 0x00000000fed00000| PB 0x00000000fed00000| Complete |  0
|2030|0x00000000fee00000, 0x00000000fef00000, 0x00000000fef00000|100%| E|CS|TAMS 0x00000000fee00000| PB 0x00000000fee00000| Complete |  0
|2031|0x00000000fef00000, 0x00000000ff000000, 0x00000000ff000000|100%| E|CS|TAMS 0x00000000fef00000| PB 0x00000000fef00000| Complete |  0
|2032|0x00000000ff000000, 0x00000000ff100000, 0x00000000ff100000|100%| E|CS|TAMS 0x00000000ff000000| PB 0x00000000ff000000| Complete |  0
|2033|0x00000000ff100000, 0x00000000ff200000, 0x00000000ff200000|100%| E|CS|TAMS 0x00000000ff100000| PB 0x00000000ff100000| Complete |  0
|2034|0x00000000ff200000, 0x00000000ff300000, 0x00000000ff300000|100%| E|CS|TAMS 0x00000000ff200000| PB 0x00000000ff200000| Complete |  0
|2035|0x00000000ff300000, 0x00000000ff400000, 0x00000000ff400000|100%| E|CS|TAMS 0x00000000ff300000| PB 0x00000000ff300000| Complete |  0
|2036|0x00000000ff400000, 0x00000000ff500000, 0x00000000ff500000|100%| E|CS|TAMS 0x00000000ff400000| PB 0x00000000ff400000| Complete |  0
|2037|0x00000000ff500000, 0x00000000ff600000, 0x00000000ff600000|100%| O|  |TAMS 0x00000000ff500000| PB 0x00000000ff500000| Untracked |  0
|2038|0x00000000ff600000, 0x00000000ff700000, 0x00000000ff700000|100%| E|CS|TAMS 0x00000000ff600000| PB 0x00000000ff600000| Complete |  0
|2039|0x00000000ff700000, 0x00000000ff800000, 0x00000000ff800000|100%| O|  |TAMS 0x00000000ff700000| PB 0x00000000ff700000| Untracked |  0
|2040|0x00000000ff800000, 0x00000000ff900000, 0x00000000ff900000|100%| O|  |TAMS 0x00000000ff800000| PB 0x00000000ff800000| Untracked |  0
|2041|0x00000000ff900000, 0x00000000ffa00000, 0x00000000ffa00000|100%| O|  |TAMS 0x00000000ff900000| PB 0x00000000ff900000| Untracked |  0
|2042|0x00000000ffa00000, 0x00000000ffb00000, 0x00000000ffb00000|100%| O|  |TAMS 0x00000000ffa00000| PB 0x00000000ffa00000| Untracked |  0
|2043|0x00000000ffb00000, 0x00000000ffc00000, 0x00000000ffc00000|100%| O|  |TAMS 0x00000000ffb00000| PB 0x00000000ffb00000| Untracked |  0
|2044|0x00000000ffc00000, 0x00000000ffd00000, 0x00000000ffd00000|100%| O|  |TAMS 0x00000000ffc00000| PB 0x00000000ffc00000| Untracked |  0
|2045|0x00000000ffd00000, 0x00000000ffe00000, 0x00000000ffe00000|100%| O|  |TAMS 0x00000000ffd00000| PB 0x00000000ffd00000| Untracked |  0
|2046|0x00000000ffe00000, 0x00000000fff00000, 0x00000000fff00000|100%| O|  |TAMS 0x00000000ffe00000| PB 0x00000000ffe00000| Untracked |  0
|2047|0x00000000fff00000, 0x0000000100000000, 0x0000000100000000|100%| O|  |TAMS 0x00000000fff00000| PB 0x00000000fff00000| Untracked |  0

Card table byte_map: [0x0000019afeef0000,0x0000019aff2f0000] _byte_map_base: 0x0000019afeaf0000

Marking Bits: (CMBitMap*) 0x0000019aebccc540
 Bits: [0x0000019a80000000, 0x0000019a82000000)

Polling page: 0x0000019ae9ae0000

Metaspace:
Metaspace        used 282087K, committed 284864K, reserved 1310720K
 class space     used 37671K, committed 38976K, reserved 1048576K

Usage:
  Non-class:    238.69 MB used.
      Class:     36.79 MB used.
       Both:    275.48 MB used.

Virtual space:
  Non-class space:      256.00 MB reserved,     240.12 MB ( 94%) committed,  4 nodes.
      Class space:        1.00 GB reserved,      38.06 MB (  4%) committed,  1 nodes.
             Both:        1.25 GB reserved,     278.19 MB ( 22%) committed. 

Chunk freelists:
   Non-Class:  15.77 MB
       Class:  9.76 MB
        Both:  25.53 MB

MaxMetaspaceSize: unlimited
CompressedClassSpaceSize: 1.00 GB
Initial GC threshold: 21.00 MB
Current GC threshold: 455.25 MB
CDS: off
 - commit_granule_bytes: 65536.
 - commit_granule_words: 8192.
 - virtual_space_node_default_size: 8388608.
 - enlarge_chunks_in_place: 1.
UseCompressedClassPointers 1, UseCompactObjectHeaders 0
Narrow klass pointer bits 32, Max shift 3
Narrow klass base: 0x0000000000000000, Narrow klass shift: 0
Encoding Range: [0x0000000000000000 - 0x0000000100000000), (4294967296 bytes)
Klass Range:    [0x0000000007000000 - 0x0000000047000000), (1073741824 bytes)
Klass ID Range:  [117440512 - 1191182329) (1073741817)
No protection zone.


Internal statistics:

num_allocs_failed_limit: 6.
num_arena_births: 5360.
num_arena_deaths: 70.
num_vsnodes_births: 5.
num_vsnodes_deaths: 0.
num_space_committed: 4446.
num_space_uncommitted: 0.
num_chunks_returned_to_freelist: 106.
num_chunks_taken_from_freelist: 16441.
num_chunk_merges: 45.
num_chunk_splits: 11839.
num_chunks_enlarged: 8738.
num_inconsistent_stats: 0.

CodeHeap 'non-profiled nmethods': size=119232Kb used=17114Kb max_used=17169Kb free=102117Kb
 bounds [0x0000019af6cf0000, 0x0000019af7dc0000, 0x0000019afe160000]
CodeHeap 'profiled nmethods': size=119104Kb used=35690Kb max_used=47788Kb free=83413Kb
 bounds [0x0000019aef160000, 0x0000019af2100000, 0x0000019af65b0000]
CodeHeap 'non-nmethods': size=7424Kb used=4258Kb max_used=4459Kb free=3165Kb
 bounds [0x0000019af65b0000, 0x0000019af6a30000, 0x0000019af6cf0000]
CodeCache: size=245760Kb, used=57062Kb, max_used=69416Kb, free=188695Kb
 total_blobs=24953, nmethods=23582, adapters=1267, full_count=0
Compilation: enabled, stopped_count=0, restarted_count=0

Compilation events (20 events):
Event: 237.026 Thread 0x0000019a845de5c0 nmethod 46559 0x0000019aeff44b08 code [0x0000019aeff44c00, 0x0000019aeff44df8]
Event: 237.032 Thread 0x0000019aa08b9340 46563       3       com.android.tools.r8.internal.f52::a (2041 bytes)
Event: 237.033 Thread 0x0000019aa08b9b50 46564 %     3       com.android.tools.r8.ir.optimize.k1::a @ 13 (510 bytes)
Event: 237.035 Thread 0x0000019aa08ba360 46565       2       com.android.tools.r8.internal.re::a (154 bytes)
Event: 237.035 Thread 0x0000019aa08ba360 nmethod 46565 0x0000019aeff44388 code [0x0000019aeff44480, 0x0000019aeff44aa0]
Event: 237.035 Thread 0x0000019aa08b9b50 nmethod 46564% 0x0000019af05b4f88 code [0x0000019af05b5080, 0x0000019af05bac10]
Event: 237.037 Thread 0x0000019aa08b9340 nmethod 46563 0x0000019af07c7c08 code [0x0000019af07c7d00, 0x0000019af07d55f0]
Event: 237.038 Thread 0x0000019a845de5c0 46566       2       com.android.tools.r8.internal.w22::a (68 bytes)
Event: 237.038 Thread 0x0000019a845de5c0 nmethod 46566 0x0000019af05b4a88 code [0x0000019af05b4b80, 0x0000019af05b4f18]
Event: 237.045 Thread 0x0000019a845de5c0 46568       2       com.android.tools.r8.internal.y82::a (426 bytes)
Event: 237.045 Thread 0x0000019aa08b9b50 46570       2       com.android.tools.r8.graph.d6::a (41 bytes)
Event: 237.045 Thread 0x0000019aa08b9340 46569       2       com.android.tools.r8.internal.rm::j (2 bytes)
Event: 237.045 Thread 0x0000019aa08b9b50 nmethod 46570 0x0000019af07c7808 code [0x0000019af07c7900, 0x0000019af07c7a80]
Event: 237.045 Thread 0x0000019aa08b9340 nmethod 46569 0x0000019af05b4788 code [0x0000019af05b4880, 0x0000019af05b4988]
Event: 237.046 Thread 0x0000019a845de5c0 nmethod 46568 0x0000019af05b3c88 code [0x0000019af05b3d80, 0x0000019af05b4770]
Event: 237.049 Thread 0x0000019aa08ba360 46572       2       com.android.tools.r8.internal.q41::u2 (36 bytes)
Event: 237.049 Thread 0x0000019aa08ba360 nmethod 46572 0x0000019af05b3988 code [0x0000019af05b3a80, 0x0000019af05b3be8]
Event: 237.050 Thread 0x0000019aa08b9b50 46574       2       com.android.tools.r8.internal.jl1::a (8 bytes)
Event: 237.050 Thread 0x0000019aa08b9b50 nmethod 46574 0x0000019af05b3408 code [0x0000019af05b3500, 0x0000019af05b3688]
Event: 237.054 Thread 0x0000019aa08b9b50 46575 %     3       com.android.tools.r8.ir.optimize.k1::a @ 351 (510 bytes)

GC Heap Usage History (20 events):
Event: 34.808 {heap Before GC invocations=93 (full 0):
 garbage-first heap   total reserved 2097152K, committed 857088K, used 666624K [0x0000000080000000, 0x0000000100000000)
  region size 1024K, 172 young (176128K), 6 survivors (6144K)
}
Event: 34.822 {heap After GC invocations=94 (full 0):
 garbage-first heap   total reserved 2097152K, committed 857088K, used 529082K [0x0000000080000000, 0x0000000100000000)
  region size 1024K, 22 young (22528K), 22 survivors (22528K)
}
Event: 35.491 {heap Before GC invocations=94 (full 0):
 garbage-first heap   total reserved 2097152K, committed 857088K, used 695994K [0x0000000080000000, 0x0000000100000000)
  region size 1024K, 182 young (186368K), 22 survivors (22528K)
}
Event: 35.510 {heap After GC invocations=95 (full 0):
 garbage-first heap   total reserved 2097152K, committed 857088K, used 539199K [0x0000000080000000, 0x0000000100000000)
  region size 1024K, 13 young (13312K), 13 survivors (13312K)
}
Event: 35.522 {heap Before GC invocations=95 (full 0):
 garbage-first heap   total reserved 2097152K, committed 857088K, used 543295K [0x0000000080000000, 0x0000000100000000)
  region size 1024K, 18 young (18432K), 13 survivors (13312K)
}
Event: 35.529 {heap After GC invocations=96 (full 0):
 garbage-first heap   total reserved 2097152K, committed 857088K, used 538175K [0x0000000080000000, 0x0000000100000000)
  region size 1024K, 12 young (12288K), 12 survivors (12288K)
}
Event: 36.194 {heap Before GC invocations=97 (full 0):
 garbage-first heap   total reserved 2097152K, committed 857088K, used 713279K [0x0000000080000000, 0x0000000100000000)
  region size 1024K, 194 young (198656K), 12 survivors (12288K)
}
Event: 36.206 {heap After GC invocations=98 (full 0):
 garbage-first heap   total reserved 2097152K, committed 857088K, used 533546K [0x0000000080000000, 0x0000000100000000)
  region size 1024K, 22 young (22528K), 22 survivors (22528K)
}
Event: 36.591 {heap Before GC invocations=98 (full 0):
 garbage-first heap   total reserved 2097152K, committed 857088K, used 763946K [0x0000000080000000, 0x0000000100000000)
  region size 1024K, 230 young (235520K), 22 survivors (22528K)
}
Event: 36.621 {heap After GC invocations=99 (full 0):
 garbage-first heap   total reserved 2097152K, committed 857088K, used 556954K [0x0000000080000000, 0x0000000100000000)
  region size 1024K, 29 young (29696K), 29 survivors (29696K)
}
Event: 36.643 {heap Before GC invocations=99 (full 0):
 garbage-first heap   total reserved 2097152K, committed 857088K, used 577434K [0x0000000080000000, 0x0000000100000000)
  region size 1024K, 50 young (51200K), 29 survivors (29696K)
}
Event: 36.652 {heap After GC invocations=100 (full 0):
 garbage-first heap   total reserved 2097152K, committed 857088K, used 561152K [0x0000000080000000, 0x0000000100000000)
  region size 1024K, 6 young (6144K), 6 survivors (6144K)
}
Event: 37.012 {heap Before GC invocations=101 (full 0):
 garbage-first heap   total reserved 2097152K, committed 979968K, used 797696K [0x0000000080000000, 0x0000000100000000)
  region size 1024K, 195 young (199680K), 6 survivors (6144K)
}
Event: 37.018 {heap After GC invocations=102 (full 0):
 garbage-first heap   total reserved 2097152K, committed 979968K, used 600195K [0x0000000080000000, 0x0000000100000000)
  region size 1024K, 13 young (13312K), 13 survivors (13312K)
}
Event: 63.231 {heap Before GC invocations=102 (full 0):
 garbage-first heap   total reserved 2097152K, committed 979968K, used 978051K [0x0000000080000000, 0x0000000100000000)
  region size 1024K, 269 young (275456K), 13 survivors (13312K)
}
Event: 63.245 {heap After GC invocations=103 (full 0):
 garbage-first heap   total reserved 2097152K, committed 1019904K, used 570520K [0x0000000080000000, 0x0000000100000000)
  region size 1024K, 23 young (23552K), 23 survivors (23552K)
}
Event: 225.411 {heap Before GC invocations=103 (full 0):
 garbage-first heap   total reserved 2097152K, committed 1019904K, used 812184K [0x0000000080000000, 0x0000000100000000)
  region size 1024K, 261 young (267264K), 23 survivors (23552K)
}
Event: 225.425 {heap After GC invocations=104 (full 0):
 garbage-first heap   total reserved 2097152K, committed 1019904K, used 585931K [0x0000000080000000, 0x0000000100000000)
  region size 1024K, 33 young (33792K), 33 survivors (33792K)
}
Event: 236.974 {heap Before GC invocations=105 (full 0):
 garbage-first heap   total reserved 2097152K, committed 1019904K, used 833739K [0x0000000080000000, 0x0000000100000000)
  region size 1024K, 347 young (355328K), 33 survivors (33792K)
}
Event: 236.988 {heap After GC invocations=106 (full 0):
 garbage-first heap   total reserved 2097152K, committed 1019904K, used 520363K [0x0000000080000000, 0x0000000100000000)
  region size 1024K, 31 young (31744K), 31 survivors (31744K)
}

Metaspace Usage History (20 events):
Event: 34.808 {metaspace Before GC invocations=93 (full 0):
 Metaspace       used 254840K, committed 257472K, reserved 1310720K
  class space    used 34301K, committed 35520K, reserved 1048576K
}
Event: 34.822 {metaspace After GC invocations=94 (full 0):
 Metaspace       used 254840K, committed 257472K, reserved 1310720K
  class space    used 34301K, committed 35520K, reserved 1048576K
}
Event: 35.491 {metaspace Before GC invocations=94 (full 0):
 Metaspace       used 256977K, committed 259648K, reserved 1310720K
  class space    used 34619K, committed 35840K, reserved 1048576K
}
Event: 35.510 {metaspace After GC invocations=95 (full 0):
 Metaspace       used 256977K, committed 259648K, reserved 1310720K
  class space    used 34619K, committed 35840K, reserved 1048576K
}
Event: 35.522 {metaspace Before GC invocations=95 (full 0):
 Metaspace       used 257009K, committed 259648K, reserved 1310720K
  class space    used 34625K, committed 35840K, reserved 1048576K
}
Event: 35.529 {metaspace After GC invocations=96 (full 0):
 Metaspace       used 257009K, committed 259648K, reserved 1310720K
  class space    used 34625K, committed 35840K, reserved 1048576K
}
Event: 36.194 {metaspace Before GC invocations=97 (full 0):
 Metaspace       used 257377K, committed 260032K, reserved 1310720K
  class space    used 34667K, committed 35904K, reserved 1048576K
}
Event: 36.206 {metaspace After GC invocations=98 (full 0):
 Metaspace       used 257377K, committed 260032K, reserved 1310720K
  class space    used 34667K, committed 35904K, reserved 1048576K
}
Event: 36.591 {metaspace Before GC invocations=98 (full 0):
 Metaspace       used 257817K, committed 260544K, reserved 1310720K
  class space    used 34733K, committed 36032K, reserved 1048576K
}
Event: 36.621 {metaspace After GC invocations=99 (full 0):
 Metaspace       used 257817K, committed 260544K, reserved 1310720K
  class space    used 34733K, committed 36032K, reserved 1048576K
}
Event: 36.643 {metaspace Before GC invocations=99 (full 0):
 Metaspace       used 257827K, committed 260544K, reserved 1310720K
  class space    used 34733K, committed 36032K, reserved 1048576K
}
Event: 36.652 {metaspace After GC invocations=100 (full 0):
 Metaspace       used 257827K, committed 260544K, reserved 1310720K
  class space    used 34733K, committed 36032K, reserved 1048576K
}
Event: 37.012 {metaspace Before GC invocations=101 (full 0):
 Metaspace       used 257988K, committed 260672K, reserved 1310720K
  class space    used 34742K, committed 36032K, reserved 1048576K
}
Event: 37.018 {metaspace After GC invocations=102 (full 0):
 Metaspace       used 257988K, committed 260672K, reserved 1310720K
  class space    used 34742K, committed 36032K, reserved 1048576K
}
Event: 63.231 {metaspace Before GC invocations=102 (full 0):
 Metaspace       used 269580K, committed 272384K, reserved 1310720K
  class space    used 36191K, committed 37504K, reserved 1048576K
}
Event: 63.245 {metaspace After GC invocations=103 (full 0):
 Metaspace       used 269580K, committed 272384K, reserved 1310720K
  class space    used 36191K, committed 37504K, reserved 1048576K
}
Event: 225.411 {metaspace Before GC invocations=103 (full 0):
 Metaspace       used 275076K, committed 277888K, reserved 1310720K
  class space    used 36923K, committed 38272K, reserved 1048576K
}
Event: 225.425 {metaspace After GC invocations=104 (full 0):
 Metaspace       used 275076K, committed 277888K, reserved 1310720K
  class space    used 36923K, committed 38272K, reserved 1048576K
}
Event: 236.974 {metaspace Before GC invocations=105 (full 0):
 Metaspace       used 282050K, committed 284864K, reserved 1310720K
  class space    used 37668K, committed 38976K, reserved 1048576K
}
Event: 236.988 {metaspace After GC invocations=106 (full 0):
 Metaspace       used 282050K, committed 284864K, reserved 1310720K
  class space    used 37668K, committed 38976K, reserved 1048576K
}

Dll operation events (3 events):
Event: 0.006 Loaded shared library C:\Program Files\Android\Android Studio\jbr\bin\java.dll
Event: 0.009 Loaded shared library C:\Program Files\Android\Android Studio\jbr\bin\zip.dll
Event: 0.343 Loaded shared library C:\Program Files\Android\Android Studio\jbr\bin\verify.dll

Deoptimization events (20 events):
Event: 237.022 Thread 0x0000019a9fe3a400 Uncommon trap: trap_request=0xffffffde fr.pc=0x0000019af7bda0c8 relative=0x0000000000003ea8
Event: 237.022 Thread 0x0000019a9fe3a400 Uncommon trap: reason=class_check action=maybe_recompile pc=0x0000019af7bda0c8 method=com.android.tools.r8.internal.rj4.a(Lcom/android/tools/r8/internal/hm4;Lcom/android/tools/r8/internal/uf;)Lcom/android/tools/r8/internal/jj4; @ 215 c2
Event: 237.022 Thread 0x0000019a9fe3a400 DEOPT PACKING pc=0x0000019af7bda0c8 sp=0x00000071a49fc7c0
Event: 237.022 Thread 0x0000019a9fe3a400 DEOPT UNPACKING pc=0x0000019af66c8582 sp=0x00000071a49fc778 mode 2
Event: 237.022 Thread 0x0000019a9fe3a400 Uncommon trap: trap_request=0xffffffde fr.pc=0x0000019af7bda0c8 relative=0x0000000000003ea8
Event: 237.022 Thread 0x0000019a9fe3a400 Uncommon trap: reason=class_check action=maybe_recompile pc=0x0000019af7bda0c8 method=com.android.tools.r8.internal.rj4.a(Lcom/android/tools/r8/internal/hm4;Lcom/android/tools/r8/internal/uf;)Lcom/android/tools/r8/internal/jj4; @ 215 c2
Event: 237.022 Thread 0x0000019a9fe3a400 DEOPT PACKING pc=0x0000019af7bda0c8 sp=0x00000071a49fc7c0
Event: 237.022 Thread 0x0000019a9fe3a400 DEOPT UNPACKING pc=0x0000019af66c8582 sp=0x00000071a49fc778 mode 2
Event: 237.033 Thread 0x0000019a9fe3a400 Uncommon trap: trap_request=0xffffff45 fr.pc=0x0000019af7cd5978 relative=0x0000000000004278
Event: 237.033 Thread 0x0000019a9fe3a400 Uncommon trap: reason=unstable_if action=reinterpret pc=0x0000019af7cd5978 method=com.android.tools.r8.ir.optimize.k1.a(Lcom/android/tools/r8/graph/b0;Lcom/android/tools/r8/internal/r31;Lcom/android/tools/r8/internal/f52;)V @ 322 c2
Event: 237.033 Thread 0x0000019a9fe3a400 DEOPT PACKING pc=0x0000019af7cd5978 sp=0x00000071a49fc560
Event: 237.033 Thread 0x0000019a9fe3a400 DEOPT UNPACKING pc=0x0000019af66c8582 sp=0x00000071a49fc550 mode 2
Event: 237.042 Thread 0x0000019a9fe3a400 DEOPT PACKING pc=0x0000019af1f6f8fb sp=0x00000071a49fc330
Event: 237.042 Thread 0x0000019a9fe3a400 DEOPT UNPACKING pc=0x0000019af6601702 sp=0x00000071a49fba28 mode 0
Event: 237.048 Thread 0x0000019a9fe3a400 DEOPT PACKING pc=0x0000019af18ecb6c sp=0x00000071a49fca50
Event: 237.048 Thread 0x0000019a9fe3a400 DEOPT UNPACKING pc=0x0000019af6601702 sp=0x00000071a49fc288 mode 0
Event: 237.051 Thread 0x0000019a9fe3a400 Uncommon trap: trap_request=0xffffff45 fr.pc=0x0000019af7934974 relative=0x0000000000000374
Event: 237.051 Thread 0x0000019a9fe3a400 Uncommon trap: reason=unstable_if action=reinterpret pc=0x0000019af7934974 method=com.android.tools.r8.internal.f52.i(Lcom/android/tools/r8/internal/f82;)Z @ 58 c2
Event: 237.051 Thread 0x0000019a9fe3a400 DEOPT PACKING pc=0x0000019af7934974 sp=0x00000071a49fb700
Event: 237.051 Thread 0x0000019a9fe3a400 DEOPT UNPACKING pc=0x0000019af66c8582 sp=0x00000071a49fb688 mode 2

Classes loaded (20 events):
Event: 37.829 Loading class javax/management/InstanceAlreadyExistsException
Event: 37.829 Loading class javax/management/InstanceAlreadyExistsException done
Event: 37.829 Loading class javax/management/MBeanRegistrationException
Event: 37.829 Loading class javax/management/MBeanException
Event: 37.829 Loading class javax/management/MBeanException done
Event: 37.829 Loading class javax/management/MBeanRegistrationException done
Event: 37.829 Loading class javax/management/NotCompliantMBeanException
Event: 37.829 Loading class javax/management/NotCompliantMBeanException done
Event: 37.829 Loading class javax/management/AttributeNotFoundException
Event: 37.829 Loading class javax/management/AttributeNotFoundException done
Event: 37.829 Loading class javax/management/ReflectionException
Event: 37.829 Loading class javax/management/ReflectionException done
Event: 37.829 Loading class javax/management/InstanceNotFoundException
Event: 37.829 Loading class javax/management/InstanceNotFoundException done
Event: 37.869 Loading class sun/nio/fs/WindowsSecurity$Privilege
Event: 37.869 Loading class sun/nio/fs/WindowsSecurity$Privilege done
Event: 57.932 Loading class java/util/logging/LogRecord
Event: 57.933 Loading class java/util/logging/LogRecord done
Event: 235.193 Loading class java/rmi/server/Unreferenced
Event: 235.193 Loading class java/rmi/server/Unreferenced done

Classes unloaded (20 events):
Event: 28.663 Thread 0x0000019aff6b7f90 Unloading class 0x0000000008e1a800 'java/lang/invoke/LambdaForm$MH+0x0000000008e1a800'
Event: 28.663 Thread 0x0000019aff6b7f90 Unloading class 0x0000000008e1a000 'java/lang/invoke/LambdaForm$MH+0x0000000008e1a000'
Event: 28.663 Thread 0x0000019aff6b7f90 Unloading class 0x0000000008e1a400 'java/lang/invoke/LambdaForm$MH+0x0000000008e1a400'
Event: 28.663 Thread 0x0000019aff6b7f90 Unloading class 0x0000000008e19c00 'java/lang/invoke/LambdaForm$MH+0x0000000008e19c00'
Event: 28.663 Thread 0x0000019aff6b7f90 Unloading class 0x0000000008e19800 'java/lang/invoke/LambdaForm$MH+0x0000000008e19800'
Event: 28.663 Thread 0x0000019aff6b7f90 Unloading class 0x0000000008e18c00 'java/lang/invoke/LambdaForm$MH+0x0000000008e18c00'
Event: 28.663 Thread 0x0000019aff6b7f90 Unloading class 0x0000000008e19000 'java/lang/invoke/LambdaForm$MH+0x0000000008e19000'
Event: 28.663 Thread 0x0000019aff6b7f90 Unloading class 0x0000000008e18800 'java/lang/invoke/LambdaForm$MH+0x0000000008e18800'
Event: 28.663 Thread 0x0000019aff6b7f90 Unloading class 0x0000000008e18400 'java/lang/invoke/LambdaForm$MH+0x0000000008e18400'
Event: 28.663 Thread 0x0000019aff6b7f90 Unloading class 0x0000000008e19400 'java/lang/invoke/LambdaForm$MH+0x0000000008e19400'
Event: 28.663 Thread 0x0000019aff6b7f90 Unloading class 0x0000000008e18000 'java/lang/invoke/LambdaForm$MH+0x0000000008e18000'
Event: 35.756 Thread 0x0000019aff6b7f90 Unloading class 0x0000000009244c00 'java/lang/invoke/LambdaForm$DMH+0x0000000009244c00'
Event: 35.756 Thread 0x0000019aff6b7f90 Unloading class 0x0000000009244800 'java/lang/invoke/LambdaForm$DMH+0x0000000009244800'
Event: 35.756 Thread 0x0000019aff6b7f90 Unloading class 0x0000000009244400 'java/lang/invoke/LambdaForm$DMH+0x0000000009244400'
Event: 35.756 Thread 0x0000019aff6b7f90 Unloading class 0x0000000009244000 'java/lang/invoke/LambdaForm$DMH+0x0000000009244000'
Event: 36.861 Thread 0x0000019aff6b7f90 Unloading class 0x00000000092de000 'java/lang/invoke/LambdaForm$MH+0x00000000092de000'
Event: 36.861 Thread 0x0000019aff6b7f90 Unloading class 0x00000000092ddc00 'java/lang/invoke/LambdaForm$MH+0x00000000092ddc00'
Event: 36.861 Thread 0x0000019aff6b7f90 Unloading class 0x00000000092dd800 'java/lang/invoke/LambdaForm$DMH+0x00000000092dd800'
Event: 36.861 Thread 0x0000019aff6b7f90 Unloading class 0x00000000092dd000 'java/lang/invoke/LambdaForm$DMH+0x00000000092dd000'
Event: 36.861 Thread 0x0000019aff6b7f90 Unloading class 0x00000000092dc400 'java/lang/invoke/LambdaForm$DMH+0x00000000092dc400'

Classes redefined (0 events):
No events

Internal exceptions (20 events):
Event: 236.912 Thread 0x0000019a8b06fe90 Exception <a 'sun/nio/fs/WindowsException'{0x00000000a7fd9e78}> (0x00000000a7fd9e78) 
thrown [s\src\hotspot\share\prims\jni.cpp, line 535]
Event: 236.913 Thread 0x0000019a9ef86be0 Exception <a 'sun/nio/fs/WindowsException'{0x00000000a8111a88}> (0x00000000a8111a88) 
thrown [s\src\hotspot\share\prims\jni.cpp, line 535]
Event: 236.913 Thread 0x0000019aa8a34780 Exception <a 'sun/nio/fs/WindowsException'{0x00000000a7f9b0b0}> (0x00000000a7f9b0b0) 
thrown [s\src\hotspot\share\prims\jni.cpp, line 535]
Event: 236.913 Thread 0x0000019a8bf1db30 Exception <a 'sun/nio/fs/WindowsException'{0x00000000a7e3bfb0}> (0x00000000a7e3bfb0) 
thrown [s\src\hotspot\share\prims\jni.cpp, line 535]
Event: 236.913 Thread 0x0000019a9d4b4000 Exception <a 'sun/nio/fs/WindowsException'{0x00000000a7e1ea98}> (0x00000000a7e1ea98) 
thrown [s\src\hotspot\share\prims\jni.cpp, line 535]
Event: 236.913 Thread 0x0000019aa8a32840 Exception <a 'sun/nio/fs/WindowsException'{0x00000000a7e59240}> (0x00000000a7e59240) 
thrown [s\src\hotspot\share\prims\jni.cpp, line 535]
Event: 236.914 Thread 0x0000019a8bf1d360 Exception <a 'sun/nio/fs/WindowsException'{0x00000000a81f5680}> (0x00000000a81f5680) 
thrown [s\src\hotspot\share\prims\jni.cpp, line 535]
Event: 236.914 Thread 0x0000019aa8b072c0 Exception <a 'sun/nio/fs/WindowsException'{0x00000000a806d1a8}> (0x00000000a806d1a8) 
thrown [s\src\hotspot\share\prims\jni.cpp, line 535]
Event: 236.914 Thread 0x0000019aa8b08260 Exception <a 'sun/nio/fs/WindowsException'{0x00000000a83fc9f8}> (0x00000000a83fc9f8) 
thrown [s\src\hotspot\share\prims\jni.cpp, line 535]
Event: 236.914 Thread 0x0000019aa8a337e0 Exception <a 'sun/nio/fs/WindowsException'{0x00000000a8099f08}> (0x00000000a8099f08) 
thrown [s\src\hotspot\share\prims\jni.cpp, line 535]
Event: 236.914 Thread 0x0000019a9d4b4000 Exception <a 'sun/nio/fs/WindowsException'{0x00000000a7e2c448}> (0x00000000a7e2c448) 
thrown [s\src\hotspot\share\prims\jni.cpp, line 535]
Event: 236.914 Thread 0x0000019aa8b06af0 Exception <a 'sun/nio/fs/WindowsException'{0x00000000a7ece978}> (0x00000000a7ece978) 
thrown [s\src\hotspot\share\prims\jni.cpp, line 535]
Event: 236.914 Thread 0x0000019aa8a34780 Exception <a 'sun/nio/fs/WindowsException'{0x00000000a7fa9318}> (0x00000000a7fa9318) 
thrown [s\src\hotspot\share\prims\jni.cpp, line 535]
Event: 236.915 Thread 0x0000019aa8705310 Exception <a 'sun/nio/fs/WindowsException'{0x00000000a86ef0a0}> (0x00000000a86ef0a0) 
thrown [s\src\hotspot\share\prims\jni.cpp, line 535]
Event: 236.915 Thread 0x0000019aa8a33fb0 Exception <a 'sun/nio/fs/WindowsException'{0x00000000a80eaeb0}> (0x00000000a80eaeb0) 
thrown [s\src\hotspot\share\prims\jni.cpp, line 535]
Event: 236.915 Thread 0x0000019aa8b06af0 Exception <a 'sun/nio/fs/WindowsException'{0x00000000a7edbfa0}> (0x00000000a7edbfa0) 
thrown [s\src\hotspot\share\prims\jni.cpp, line 535]
Event: 236.915 Thread 0x0000019aa8a32840 Exception <a 'sun/nio/fs/WindowsException'{0x00000000a7e66c70}> (0x00000000a7e66c70) 
thrown [s\src\hotspot\share\prims\jni.cpp, line 535]
Event: 236.936 Thread 0x0000019a9fe3a400 Exception <a 'sun/nio/fs/WindowsException'{0x00000000a7154e68}> (0x00000000a7154e68) 
thrown [s\src\hotspot\share\prims\jni.cpp, line 535]
Event: 236.936 Thread 0x0000019a9fe3abd0 Exception <a 'sun/nio/fs/WindowsException'{0x00000000a724d170}> (0x00000000a724d170) 
thrown [s\src\hotspot\share\prims\jni.cpp, line 535]
Event: 236.995 Thread 0x0000019aa1210c80 Exception <a 'sun/nio/fs/WindowsException'{0x00000000ff4b65f0}> (0x00000000ff4b65f0) 
thrown [s\src\hotspot\share\prims\jni.cpp, line 535]

VM Operations (20 events):
Event: 120.214 Executing non-safepoint VM operation: RendezvousGCThreads
Event: 120.214 Executing non-safepoint VM operation: RendezvousGCThreads done
Event: 180.335 Executing non-safepoint VM operation: HandshakeAllThreads (HandshakeForDeflation)
Event: 180.335 Executing non-safepoint VM operation: HandshakeAllThreads (HandshakeForDeflation) done
Event: 180.335 Executing non-safepoint VM operation: RendezvousGCThreads
Event: 180.335 Executing non-safepoint VM operation: RendezvousGCThreads done
Event: 220.467 Executing non-safepoint VM operation: HandshakeAllThreads (Deoptimize)
Event: 220.467 Executing non-safepoint VM operation: HandshakeAllThreads (Deoptimize) done
Event: 225.411 Executing safepoint VM operation: G1TryInitiateConcMark (G1 Humongous Allocation)
Event: 225.425 Executing safepoint VM operation: G1TryInitiateConcMark (G1 Humongous Allocation) done
Event: 225.664 Executing safepoint VM operation: G1PauseRemark
Event: 225.675 Executing safepoint VM operation: G1PauseRemark done
Event: 225.770 Executing safepoint VM operation: G1PauseCleanup
Event: 225.770 Executing safepoint VM operation: G1PauseCleanup done
Event: 236.941 Executing non-safepoint VM operation: HandshakeAllThreads (Deoptimize)
Event: 236.941 Executing non-safepoint VM operation: HandshakeAllThreads (Deoptimize) done
Event: 236.944 Executing non-safepoint VM operation: HandshakeAllThreads (Deoptimize)
Event: 236.944 Executing non-safepoint VM operation: HandshakeAllThreads (Deoptimize) done
Event: 236.974 Executing safepoint VM operation: G1CollectForAllocation (G1 Evacuation Pause)
Event: 236.988 Executing safepoint VM operation: G1CollectForAllocation (G1 Evacuation Pause) done

Memory protections (0 events):
No events

Nmethod flushes (20 events):
Event: 225.673 Thread 0x0000019aff6b7f90 flushing  nmethod 0x0000019af1e18b88
Event: 225.673 Thread 0x0000019aff6b7f90 flushing  nmethod 0x0000019af1e19908
Event: 225.673 Thread 0x0000019aff6b7f90 flushing  nmethod 0x0000019af1fd4808
Event: 225.673 Thread 0x0000019aff6b7f90 flushing  nmethod 0x0000019af1fd4e88
Event: 225.673 Thread 0x0000019aff6b7f90 flushing  nmethod 0x0000019af1fd5488
Event: 225.673 Thread 0x0000019aff6b7f90 flushing  nmethod 0x0000019af1fd5808
Event: 225.673 Thread 0x0000019aff6b7f90 flushing  nmethod 0x0000019af1fd5c88
Event: 225.673 Thread 0x0000019aff6b7f90 flushing  nmethod 0x0000019af1fd6188
Event: 225.673 Thread 0x0000019aff6b7f90 flushing  nmethod 0x0000019af1fd6808
Event: 225.673 Thread 0x0000019aff6b7f90 flushing  nmethod 0x0000019af7241708
Event: 225.673 Thread 0x0000019aff6b7f90 flushing  nmethod 0x0000019af7967208
Event: 225.673 Thread 0x0000019aff6b7f90 flushing  nmethod 0x0000019af7d0be08
Event: 225.673 Thread 0x0000019aff6b7f90 flushing  nmethod 0x0000019aef285188
Event: 225.673 Thread 0x0000019aff6b7f90 flushing  nmethod 0x0000019aef3ed088
Event: 225.673 Thread 0x0000019aff6b7f90 flushing  nmethod 0x0000019aef4c0508
Event: 225.673 Thread 0x0000019aff6b7f90 flushing  nmethod 0x0000019aef591208
Event: 225.673 Thread 0x0000019aff6b7f90 flushing  nmethod 0x0000019aef937f88
Event: 225.673 Thread 0x0000019aff6b7f90 flushing osr nmethod 0x0000019aef986608
Event: 225.673 Thread 0x0000019aff6b7f90 flushing  nmethod 0x0000019aefa6f008
Event: 225.673 Thread 0x0000019aff6b7f90 flushing  nmethod 0x0000019aefa6f608

Events (20 events):
Event: 233.411 Thread 0x0000019aa8705310 Thread added: 0x0000019a8dd43ab0
Event: 233.429 Thread 0x0000019aa8707250 Thread added: 0x0000019a8e524bf0
Event: 235.191 Thread 0x0000019aa8707250 Thread added: 0x0000019a8e526360
Event: 236.897 Thread 0x0000019aa08bab70 Thread exited: 0x0000019aa08bab70
Event: 236.913 Thread 0x0000019a8dc153b0 Thread added: 0x0000019a9e6f73f0
Event: 236.914 Thread 0x0000019a8dc153b0 Thread added: 0x0000019aa3c243b0
Event: 236.915 Thread 0x0000019a8dc153b0 Thread added: 0x0000019aa1210c80
Event: 236.916 Thread 0x0000019a8dc153b0 Thread added: 0x0000019a9de762e0
Event: 236.916 Thread 0x0000019a8dc153b0 Thread added: 0x0000019a9fe3a400
Event: 236.917 Thread 0x0000019a8dc153b0 Thread added: 0x0000019a9fe39c30
Event: 236.917 Thread 0x0000019a8dc153b0 Thread added: 0x0000019a9fe3abd0
Event: 236.917 Thread 0x0000019a8dc153b0 Thread added: 0x0000019a9fe38c90
Event: 236.918 Thread 0x0000019a8dc153b0 Thread added: 0x0000019a9de76ab0
Event: 236.919 Thread 0x0000019a8dc153b0 Thread added: 0x0000019aa0d379d0
Event: 236.919 Thread 0x0000019a8dc153b0 Thread added: 0x0000019a8bdff880
Event: 236.920 Thread 0x0000019a8dc153b0 Thread added: 0x0000019a9fbae790
Event: 236.920 Thread 0x0000019a8dc153b0 Thread added: 0x0000019a9fbad020
Event: 236.921 Thread 0x0000019a8dc153b0 Thread added: 0x0000019aa0d381a0
Event: 236.922 Thread 0x0000019a8dc153b0 Thread added: 0x0000019aa0d34af0
Event: 236.990 Thread 0x0000019a8dd43ab0 Thread exited: 0x0000019a8dd43ab0


Dynamic libraries:
0x00007ff69dac0000 - 0x00007ff69daca000 	C:\Program Files\Android\Android Studio\jbr\bin\java.exe
0x00007ffd4ce40000 - 0x00007ffd4d0a7000 	C:\WINDOWS\SYSTEM32\ntdll.dll
0x00007ffd4b710000 - 0x00007ffd4b7db000 	C:\WINDOWS\System32\KERNEL32.DLL
0x00007ffd4a560000 - 0x00007ffd4a962000 	C:\WINDOWS\System32\KERNELBASE.dll
0x00007ffd4a040000 - 0x00007ffd4a18c000 	C:\WINDOWS\System32\ucrtbase.dll
0x00007ffd20c70000 - 0x00007ffd20c86000 	C:\Program Files\Android\Android Studio\jbr\bin\jli.dll
0x00007ffd436d0000 - 0x00007ffd436eb000 	C:\Program Files\Android\Android Studio\jbr\bin\VCRUNTIME140.dll
0x00007ffd4b9b0000 - 0x00007ffd4bb7f000 	C:\WINDOWS\System32\USER32.dll
0x00007ffd4a3e0000 - 0x00007ffd4a407000 	C:\WINDOWS\System32\win32u.dll
0x00007ffd29b20000 - 0x00007ffd29db0000 	C:\WINDOWS\WinSxS\amd64_microsoft.windows.common-controls_6595b64144ccf1df_6.0.26100.9278_none_3e0d1ba8e3303201\COMCTL32.dll
0x00007ffd4bb90000 - 0x00007ffd4bbbb000 	C:\WINDOWS\System32\GDI32.dll
0x00007ffd4b200000 - 0x00007ffd4b2a9000 	C:\WINDOWS\System32\msvcrt.dll
0x00007ffd4a970000 - 0x00007ffd4aa99000 	C:\WINDOWS\System32\gdi32full.dll
0x00007ffd4a330000 - 0x00007ffd4a3d3000 	C:\WINDOWS\System32\msvcp_win.dll
0x00007ffd4acf0000 - 0x00007ffd4ad21000 	C:\WINDOWS\System32\IMM32.DLL
0x00007ffd46710000 - 0x00007ffd4671c000 	C:\Program Files\Android\Android Studio\jbr\bin\vcruntime140_1.dll
0x00007ffd41f00000 - 0x00007ffd41f8d000 	C:\Program Files\Android\Android Studio\jbr\bin\msvcp140.dll
0x00007ffc95f70000 - 0x00007ffc96e4a000 	C:\Program Files\Android\Android Studio\jbr\bin\server\jvm.dll
0x00007ffd4be60000 - 0x00007ffd4bf1c000 	C:\WINDOWS\System32\ADVAPI32.dll
0x00007ffd4b640000 - 0x00007ffd4b6e9000 	C:\WINDOWS\System32\sechost.dll
0x00007ffd4cbe0000 - 0x00007ffd4ccf8000 	C:\WINDOWS\System32\RPCRT4.dll
0x00007ffd4afc0000 - 0x00007ffd4b040000 	C:\WINDOWS\System32\WS2_32.dll
0x00007ffd3f2e0000 - 0x00007ffd3f316000 	C:\WINDOWS\SYSTEM32\WINMM.dll
0x00007ffd48b70000 - 0x00007ffd48bce000 	C:\WINDOWS\SYSTEM32\POWRPROF.dll
0x00007ffd419e0000 - 0x00007ffd419eb000 	C:\WINDOWS\SYSTEM32\VERSION.dll
0x00007ffd48b50000 - 0x00007ffd48b65000 	C:\WINDOWS\SYSTEM32\UMPDC.dll
0x00007ffd48e30000 - 0x00007ffd48e4b000 	C:\WINDOWS\SYSTEM32\kernel.appcore.dll
0x00007ffd436c0000 - 0x00007ffd436ca000 	C:\Program Files\Android\Android Studio\jbr\bin\jimage.dll
0x00007ffd46fd0000 - 0x00007ffd4721c000 	C:\WINDOWS\SYSTEM32\DBGHELP.DLL
0x00007ffd4b2b0000 - 0x00007ffd4b635000 	C:\WINDOWS\System32\combase.dll
0x00007ffd4b100000 - 0x00007ffd4b1d9000 	C:\WINDOWS\System32\OLEAUT32.dll
0x00007ffd34990000 - 0x00007ffd349cb000 	C:\WINDOWS\SYSTEM32\dbgcore.DLL
0x00007ffd4aaa0000 - 0x00007ffd4ab4c000 	C:\WINDOWS\System32\bcryptPrimitives.dll
0x00007ffd41f90000 - 0x00007ffd41f9e000 	C:\Program Files\Android\Android Studio\jbr\bin\instrument.dll
0x00007ffd42160000 - 0x00007ffd4217f000 	C:\Program Files\Android\Android Studio\jbr\bin\java.dll
0x00007ffd4ad30000 - 0x00007ffd4aeca000 	C:\WINDOWS\System32\ole32.dll
0x00007ffd4bf30000 - 0x00007ffd4c6c8000 	C:\WINDOWS\System32\SHELL32.dll
0x00007ffd42140000 - 0x00007ffd42157000 	C:\Program Files\Android\Android Studio\jbr\bin\zip.dll
0x00007ffd47a90000 - 0x00007ffd4833e000 	C:\WINDOWS\SYSTEM32\windows.storage.dll
0x00007ffd4abf0000 - 0x00007ffd4aceb000 	C:\WINDOWS\System32\SHCORE.dll
0x00007ffd4b940000 - 0x00007ffd4b9a6000 	C:\WINDOWS\System32\shlwapi.dll
0x00007ffd49f60000 - 0x00007ffd49f89000 	C:\WINDOWS\SYSTEM32\profapi.dll
0x00007ffd42260000 - 0x00007ffd42270000 	C:\Program Files\Android\Android Studio\jbr\bin\net.dll
0x00007ffd493f0000 - 0x00007ffd4945c000 	C:\WINDOWS\system32\mswsock.dll
0x00007ffd42240000 - 0x00007ffd42256000 	C:\Program Files\Android\Android Studio\jbr\bin\nio.dll
0x00007ffd41e60000 - 0x00007ffd41e70000 	C:\Program Files\Android\Android Studio\jbr\bin\verify.dll
0x00007ffd36810000 - 0x00007ffd36837000 	C:\Users\A S U S\.gradle\native\660c5614fbf4a5f2a75b1949f50a0caf5cd603558e7d8a26e50b933a0cfb79d1\windows-amd64\native-platform.dll
0x00007ffd17460000 - 0x00007ffd174d7000 	C:\Users\A S U S\.gradle\native\0.2.8\x86_64-windows-gnu\gradle-fileevents.dll
0x00007ffd42220000 - 0x00007ffd42229000 	C:\Program Files\Android\Android Studio\jbr\bin\management.dll
0x00007ffd42210000 - 0x00007ffd4221b000 	C:\Program Files\Android\Android Studio\jbr\bin\management_ext.dll
0x00007ffd4b6f0000 - 0x00007ffd4b6f8000 	C:\WINDOWS\System32\PSAPI.DLL
0x00007ffd48780000 - 0x00007ffd487b3000 	C:\WINDOWS\SYSTEM32\IPHLPAPI.DLL
0x00007ffd4b700000 - 0x00007ffd4b70a000 	C:\WINDOWS\System32\NSI.dll
0x00007ffd42230000 - 0x00007ffd42239000 	C:\Program Files\Android\Android Studio\jbr\bin\extnet.dll
0x00007ffd496e0000 - 0x00007ffd496fb000 	C:\WINDOWS\SYSTEM32\CRYPTSP.dll
0x00007ffd48d90000 - 0x00007ffd48dc9000 	C:\WINDOWS\system32\rsaenh.dll
0x00007ffd494a0000 - 0x00007ffd494d4000 	C:\WINDOWS\SYSTEM32\USERENV.dll
0x00007ffd49f30000 - 0x00007ffd49f5a000 	C:\WINDOWS\SYSTEM32\bcrypt.dll
0x00007ffd49700000 - 0x00007ffd4970c000 	C:\WINDOWS\SYSTEM32\CRYPTBASE.dll
0x00007ffd36d50000 - 0x00007ffd36d58000 	C:\WINDOWS\system32\wshunix.dll
0x00007ffc9a640000 - 0x00007ffc9a658000 	C:\WINDOWS\system32\napinsp.dll
0x00007ffd48820000 - 0x00007ffd48978000 	C:\WINDOWS\SYSTEM32\DNSAPI.dll
0x00007ffd49180000 - 0x00007ffd4918d000 	C:\WINDOWS\SYSTEM32\DSPARSE.dll
0x00007ffc9a620000 - 0x00007ffc9a633000 	C:\WINDOWS\System32\winrnr.dll
0x00007ffd34240000 - 0x00007ffd34267000 	C:\WINDOWS\system32\nlansp_c.dll
0x00007ffd12ac0000 - 0x00007ffd12ad6000 	C:\WINDOWS\system32\wshbth.dll
0x00000000770f0000 - 0x0000000077116000 	C:\Program Files\Bonjour\mdnsNSP.dll
0x00007ffd43790000 - 0x00007ffd4379b000 	C:\Windows\System32\rasadhlp.dll
0x00007ffd46560000 - 0x00007ffd465e6000 	C:\WINDOWS\System32\fwpuclnt.dll
0x00007ffd34450000 - 0x00007ffd34457000 	C:\Program Files\Android\Android Studio\jbr\bin\rmi.dll
0x00007ffd48f60000 - 0x00007ffd48f96000 	C:\WINDOWS\SYSTEM32\ntmarta.dll

JVMTI agents:
C:\Users\A S U S\.gradle\wrapper\dists\gradle-9.5.0-bin\bvnork1r7n8i6kp5cnkibsc9q\gradle-9.5.0\lib\agents\gradle-instrumentation-agent-9.5.0.jar path:C:\Program Files\Android\Android Studio\jbr\bin\instrument.dll, loaded, initialized, instrumentlib options:none

dbghelp: loaded successfully - version: 4.0.5 - missing functions: none
symbol engine: initialized successfully - sym options: 0x614 - pdb path: .;C:\Program Files\Android\Android Studio\jbr\bin;C:\WINDOWS\SYSTEM32;C:\WINDOWS\WinSxS\amd64_microsoft.windows.common-controls_6595b64144ccf1df_6.0.26100.9278_none_3e0d1ba8e3303201;C:\Program Files\Android\Android Studio\jbr\bin\server;C:\Users\A S U S\.gradle\native\660c5614fbf4a5f2a75b1949f50a0caf5cd603558e7d8a26e50b933a0cfb79d1\windows-amd64;C:\Users\A S U S\.gradle\native\0.2.8\x86_64-windows-gnu;C:\Program Files\Bonjour

VM Arguments:
jvm_args: --add-opens=java.base/java.lang=ALL-UNNAMED --add-opens=java.base/java.lang.invoke=ALL-UNNAMED --add-opens=java.base/java.util=ALL-UNNAMED --add-opens=java.prefs/java.util.prefs=ALL-UNNAMED --add-exports=jdk.compiler/com.sun.tools.javac.api=ALL-UNNAMED --add-exports=jdk.compiler/com.sun.tools.javac.util=ALL-UNNAMED --add-opens=java.base/java.nio.charset=ALL-UNNAMED --add-opens=java.base/java.net=ALL-UNNAMED --add-opens=java.base/java.util.concurrent=ALL-UNNAMED --add-opens=java.base/java.util.concurrent.atomic=ALL-UNNAMED --add-opens=java.xml/javax.xml.namespace=ALL-UNNAMED --add-opens=java.base/java.time=ALL-UNNAMED --enable-native-access=ALL-UNNAMED -Xmx2048m -Dfile.encoding=UTF-8 -Duser.country=ID -Duser.language=en -Duser.variant -javaagent:C:\Users\A S U S\.gradle\wrapper\dists\gradle-9.5.0-bin\bvnork1r7n8i6kp5cnkibsc9q\gradle-9.5.0\lib\agents\gradle-instrumentation-agent-9.5.0.jar 
java_command: org.gradle.launcher.daemon.bootstrap.GradleDaemon 9.5.0
java_class_path (initial): C:\Users\A S U S\.gradle\wrapper\dists\gradle-9.5.0-bin\bvnork1r7n8i6kp5cnkibsc9q\gradle-9.5.0\lib\gradle-daemon-main-9.5.0.jar
Launcher Type: SUN_STANDARD

[Global flags]
     intx CICompilerCount                          = 12                                        {product} {ergonomic}
     uint ConcGCThreads                            = 3                                         {product} {ergonomic}
     uint G1ConcRefinementThreads                  = 13                                        {product} {ergonomic}
   size_t G1HeapRegionSize                         = 1048576                                   {product} {ergonomic}
   size_t InitialHeapSize                          = 264241152                                 {product} {ergonomic}
   size_t MarkStackSize                            = 4194304                                   {product} {ergonomic}
   size_t MarkStackSizeMax                         = 536870912                                 {product} {ergonomic}
   size_t MaxHeapSize                              = 2147483648                                {product} {command line}
   size_t MaxNewSize                               = 1287651328                                {product} {ergonomic}
   size_t MinHeapDeltaBytes                        = 1048576                                   {product} {ergonomic}
   size_t MinHeapSize                              = 8388608                                   {product} {ergonomic}
    uintx NonNMethodCodeHeapSize                   = 7602176                                {pd product} {ergonomic}
    uintx NonProfiledCodeHeapSize                  = 122093568                              {pd product} {ergonomic}
    uintx ProfiledCodeHeapSize                     = 121962496                              {pd product} {ergonomic}
    uintx ReservedCodeCacheSize                    = 251658240                              {pd product} {ergonomic}
     bool SegmentedCodeCache                       = true                                      {product} {ergonomic}
   size_t SoftMaxHeapSize                          = 2147483648                             {manageable} {ergonomic}
     bool UseCompressedOops                        = true                           {product lp64_product} {ergonomic}
     bool UseG1GC                                  = true                                      {product} {ergonomic}
     bool UseLargePagesIndividualAllocation        = false                                  {pd product} {ergonomic}

Logging:
Log output configuration:
 #0: stdout all=warning uptime,level,tags foldmultilines=false
 #1: stderr all=off uptime,level,tags foldmultilines=false

Release file:
JAVA_VERSION="25.0.2" 
MODULES="java.base java.compiler java.datatransfer java.xml java.prefs java.desktop java.instrument java.logging java.management java.security.sasl java.naming java.rmi java.management.rmi java.net.http java.scripting java.security.jgss java.transaction.xa java.sql java.sql.rowset java.xml.crypto java.se java.smartcardio jdk.accessibility jdk.internal.jvmstat jdk.attach jdk.charsets jdk.internal.opt jdk.zipfs jdk.compiler jdk.crypto.cryptoki jdk.crypto.ec jdk.dynalink jdk.hotspot.agent jdk.httpserver jdk.internal.ed jdk.internal.le jdk.internal.md jdk.internal.vm.ci jdk.jartool jdk.javadoc jdk.jcmd jdk.jdeps jdk.jdwp.agent jdk.jdi jdk.jfr jdk.jlink jdk.localedata jdk.management jdk.management.agent jdk.management.jfr jdk.naming.dns jdk.naming.rmi jdk.net jdk.sctp jdk.security.auth jdk.security.jgss jdk.unsupported jdk.unsupported.desktop jdk.xml.dom" 
IMPLEMENTOR="JetBrains s.r.o." 
JAVA_RUNTIME_VERSION="25.0.2+-15348964-b329.117" 
LIBC="default" 
OS_ARCH="x86_64" 
OS_NAME="Windows" 
SOURCE=".:git:3cf398e84a39" 

Environment Variables:
CLASSPATH=.;C:\PROGRA~1\IBM\SQLLIB\java\db2java.zip;C:\PROGRA~1\IBM\SQLLIB\java\db2jcc.jar;C:\PROGRA~1\IBM\SQLLIB\java\sqlj.zip;C:\PROGRA~1\IBM\SQLLIB\java\db2jcc_license_cu.jar;C:\PROGRA~1\IBM\SQLLIB\bin;C:\PROGRA~1\IBM\SQLLIB\java\common.jar
PATH=C:\Program Files\Eclipse Adoptium\jdk-21.0.4.7-hotspot\bin;C:\Program Files\Common Files\Oracle\Java\javapath;C:\Program Files (x86)\Common Files\Oracle\Java\java8path;C:\Program Files (x86)\Common Files\Oracle\Java\javapath;C:\Windows\system32;C:\Windows;C:\Windows\System32\Wbem;C:\Windows\System32\WindowsPowerShell\v1.0\;C:\Windows\System32\OpenSSH\;C:\Program Files (x86)\NVIDIA Corporation\PhysX\Common;C:\Program Files\NVIDIA Corporation\NVIDIA NvDLISR;C:\WINDOWS\system32;C:\WINDOWS;C:\WINDOWS\System32\Wbem;C:\WINDOWS\System32\WindowsPowerShell\v1.0\;C:\WINDOWS\System32\OpenSSH\;C:\Program Files\Java\jdk-22\bin;C:\xampp\php;C:\ProgramData\ComposerSetup\bin;D:\Git\cmd;C:\PROGRA~1\IBM\SQLLIB\BIN;C:\PROGRA~1\IBM\SQLLIB\FUNCTION;C:\PROGRA~1\IBM\SQLLIB\SAMPLES\REPL;D:\xampp baru\xampp\php;D:\Program Files\nodejs\;C:\Program Files\dotnet\;C:\Users\A S U S\AppData\Local\Programs\Python\Launcher\;C:\Users\A S U S\AppData\Local\Microsoft\WindowsApps;C:\Users\A S U S\AppData\Local\Programs\Microsoft VS Code\bin;C:\Users\A S U S\AppData\Roaming\Composer\vendor\bin;C:\Users\A S U S\AppData\Roaming\npm
USERNAME=A S U S
OS=Windows_NT
PROCESSOR_IDENTIFIER=Intel64 Family 6 Model 154 Stepping 3, GenuineIntel
TMP=C:\Users\ASUS~1\AppData\Local\Temp
TEMP=C:\Users\ASUS~1\AppData\Local\Temp




Compilation memory statistics disabled.

Periodic native trim disabled

JNI global refs:
JNI global refs: 31, weak refs: 61

JNI global refs memory usage: 835, weak refs: 833

Process memory usage:
Resident Set Size: 1653124K (10% of 16386528K total physical memory with 322940K free physical memory)

OOME stack traces (most recent first):
Classloader memory used:
Loader org.gradle.internal.classloader.VisitableURLClassLoader                         : 115 M
Loader org.gradle.internal.classloader.VisitableURLClassLoader$InstrumentingVisitableURLClassLoader: 80328 K
Loader bootstrap                                                                       : 34460 K
Loader org.gradle.internal.classloader.VisitableURLClassLoader                         : 25242 K
Loader org.gradle.initialization.MixInLegacyTypesClassLoader                           : 17894 K
Loader java.net.URLClassLoader                                                         : 4583 K
Loader jdk.internal.jrtfs.JrtFileSystemProvider$JrtFsLoader                            : 327 K
Loader org.gradle.groovy.scripts.internal.DefaultScriptCompilationHandler$ScriptClassLoader: 310 K
Loader jdk.internal.loader.ClassLoaders$PlatformClassLoader                            : 229 K
Loader jdk.internal.loader.ClassLoaders$AppClassLoader                                 : 188 K
Loader sun.reflect.misc.MethodUtil                                                     : 2968 B

Classes loaded by more than one classloader:
Class com.google.common.base.Preconditions                                            : loaded 7 times (x 73B)
Class com.google.common.collect.Iterators$SingletonIterator                           : loaded 7 times (x 83B)
Class com.google.common.collect.PeekingIterator                                       : loaded 7 times (x 72B)
Class com.google.common.collect.Lists$StringAsImmutableList                           : loaded 7 times (x 209B)
Class com.google.common.collect.UnmodifiableIterator                                  : loaded 7 times (x 82B)
Class com.google.common.collect.AbstractIterator                                      : loaded 7 times (x 84B)
Class com.google.common.collect.Iterators$ArrayItr                                    : loaded 7 times (x 99B)
Class com.google.common.collect.AbstractIndexedListIterator                           : loaded 7 times (x 98B)
Class com.google.common.collect.ImmutableList                                         : loaded 7 times (x 208B)
Class com.google.common.collect.Iterators$1                                           : loaded 7 times (x 83B)
Class com.google.common.collect.Iterators                                             : loaded 7 times (x 73B)
Class com.google.common.collect.Iterators$4                                           : loaded 7 times (x 84B)
Class com.google.common.collect.Iterators$5                                           : loaded 7 times (x 84B)
Class com.google.common.collect.ImmutableCollection                                   : loaded 7 times (x 127B)
Class com.google.common.collect.Lists                                                 : loaded 7 times (x 73B)
Class com.google.common.collect.Iterators$9                                           : loaded 7 times (x 83B)
Class com.google.common.collect.UnmodifiableListIterator                              : loaded 7 times (x 97B)
Class com.google.common.collect.Iterators$MergingIterator                             : loaded 7 times (x 83B)
Class com.intellij.gradle.toolingExtension.util.GradleVersionUtil                     : loaded 6 times (x 73B)
Class com.amazon.ion.impl.bin.IonManagedBinaryWriter$ImportedSymbolResolverMode       : loaded 5 times (x 82B)
Class com.intellij.gradle.toolingExtension.impl.model.buildScriptClasspathModel.GradleBuildScriptClasspathSerializationService: loaded 5 times (x 79B)
Class com.amazon.ion.impl.LocalSymbolTableAsStruct                                    : loaded 5 times (x 134B)
Class org.jetbrains.plugins.gradle.tooling.serialization.RepositoriesModelSerializationService$WriteContext: loaded 5 times (x 74B)
Class org.jetbrains.plugins.gradle.tooling.serialization.internal.adapter.Supplier    : loaded 5 times (x 72B)
Class com.google.common.collect.RegularImmutableList                                  : loaded 5 times (x 209B)
Class kotlin.jvm.KotlinReflectionNotSupportedError                                    : loaded 5 times (x 84B)
Class com.android.ide.gradle.model.LegacyAndroidGradlePluginProperties                : loaded 5 times (x 72B)
Class com.amazon.ion.IonList                                                          : loaded 5 times (x 72B)
Class com.amazon.ion.impl.lite.IonTimestampLite                                       : loaded 5 times (x 195B)
Class kotlin.text.StringsKt__RegexExtensionsKt                                        : loaded 5 times (x 73B)
Class com.amazon.ion.impl.bin.IonManagedBinaryWriter$UserState$2                      : loaded 5 times (x 87B)
Class com.amazon.ion.impl._Private_IonValue                                           : loaded 5 times (x 72B)
Class com.google.common.base.CharMatcher$IsEither                                     : loaded 5 times (x 114B)
Class com.intellij.gradle.toolingExtension.impl.model.utilDummyModel.DummyModel       : loaded 5 times (x 72B)
Class io.opentelemetry.api.trace.SpanBuilder                                          : loaded 5 times (x 72B)
Class kotlin.sequences.FilteringSequence$iterator$1                                   : loaded 5 times (x 81B)
Class io.opentelemetry.api.DefaultOpenTelemetry                                       : loaded 5 times (x 91B)
Class org.jetbrains.plugins.gradle.model.FileCollectionDependency                     : loaded 5 times (x 72B)
Class kotlin.jvm.internal.CollectionToArray                                           : loaded 5 times (x 73B)
Class kotlin.io.FilesKt__FileTreeWalkKt                                               : loaded 5 times (x 73B)
Class kotlin.sequences.SequencesKt__SequenceBuilderKt                                 : loaded 5 times (x 73B)
Class kotlin.collections.CollectionsKt__ReversedViewsKt                               : loaded 5 times (x 73B)
Class com.intellij.gradle.toolingExtension.impl.model.sourceSetModel.GradleSourceSetSerialisationService$Companion: loaded 5 times (x 73B)
Class com.amazon.ion.IonString                                                        : loaded 5 times (x 72B)
Class kotlin.enums.EnumEntries                                                        : loaded 5 times (x 72B)
Class com.amazon.ion.impl._Private_IonBinaryWriterBuilder                             : loaded 5 times (x 117B)
Class com.amazon.ion.BufferConfiguration$DataHandler                                  : loaded 5 times (x 72B)
Class com.amazon.ion.impl._Private_LocalSymbolTable                                   : loaded 5 times (x 72B)
Class com.amazon.ion.ReadOnlyValueException                                           : loaded 5 times (x 86B)
Class com.amazon.ion.IonSexp                                                          : loaded 5 times (x 72B)
Class com.amazon.ion.UnexpectedEofException                                           : loaded 5 times (x 86B)
Class gnu.trove.PrimeFinder                                                           : loaded 5 times (x 73B)
Class org.jetbrains.plugins.gradle.tooling.serialization.SerializationService         : loaded 5 times (x 72B)
Class com.google.common.base.Function                                                 : loaded 5 times (x 72B)
Class com.amazon.ion.impl.LocalSymbolTable                                            : loaded 5 times (x 129B)
Class com.amazon.ion.impl.lite.IonBlobLite                                            : loaded 5 times (x 222B)
Class kotlin.sequences.SequencesKt__SequencesJVMKt                                    : loaded 5 times (x 73B)
Class io.opentelemetry.api.trace.DefaultTracer                                        : loaded 5 times (x 76B)
Class org.jetbrains.plugins.gradle.tooling.serialization.GradleExtensionsSerializationService$ReadContext: loaded 5 times (x 74B)
Class com.amazon.ion.impl.bin.IonManagedBinaryWriter$UserState$3                      : loaded 5 times (x 87B)
Class com.amazon.ion.util.GzipStreamInterceptor                                       : loaded 5 times (x 87B)
Class com.amazon.ion.IonException                                                     : loaded 5 times (x 86B)
Class gnu.trove.TObjectIntProcedure                                                   : loaded 5 times (x 72B)
Class org.jetbrains.plugins.gradle.tooling.serialization.internal.IdeaProjectSerializationService$WriteContext$8: loaded 5 times (x 85B)
Class com.amazon.ion.impl.bin.IonManagedBinaryWriter                                  : loaded 5 times (x 167B)
Class com.amazon.ion.impl.bin.WriteBuffer                                             : loaded 5 times (x 80B)
Class org.jetbrains.plugins.gradle.model.GradleSourceSetDependencyModel               : loaded 5 times (x 72B)
Class io.opentelemetry.context.propagation.TextMapPropagator                          : loaded 5 times (x 72B)
Class com.google.common.collect.ImmutableList$1                                       : loaded 5 times (x 99B)
Class kotlin.collections.AbstractList                                                 : loaded 5 times (x 199B)
Class kotlin.collections.AbstractCollection                                           : loaded 5 times (x 119B)
Class org.jetbrains.plugins.gradle.model.RepositoryModels                             : loaded 5 times (x 72B)
Class org.jetbrains.plugins.gradle.tooling.util.IntObjectMap$ObjectFactory            : loaded 5 times (x 72B)
Class org.jetbrains.plugins.gradle.tooling.serialization.internal.IdeaProjectSerializationService$WriteContext$7: loaded 5 times (x 85B)
Class [Lio.opentelemetry.api.trace.ImmutableTraceFlags;                               : loaded 5 times (x 71B)
Class kotlin.jvm.internal.CallableReference                                           : loaded 5 times (x 112B)
Class com.google.common.collect.RegularImmutableSortedSet                             : loaded 5 times (x 302B)
Class com.amazon.ion.impl.lite.ValueFactoryLite                                       : loaded 5 times (x 220B)
Class com.amazon.ion.BufferConfiguration                                              : loaded 5 times (x 74B)
Class com.amazon.ion.system.SimpleCatalog                                             : loaded 5 times (x 93B)
Class org.jetbrains.plugins.gradle.tooling.util.IntObjectMap                          : loaded 5 times (x 75B)
Class com.google.common.base.CharMatcher$IsNot                                        : loaded 5 times (x 114B)
Class com.amazon.ion.impl.lite.ContainerlessContext                                   : loaded 5 times (x 82B)
Class com.amazon.ion.IonType                                                          : loaded 5 times (x 81B)
Class com.amazon.ion.impl.lite._Private_LiteDomTrampoline                             : loaded 5 times (x 73B)
Class com.amazon.ion.impl.bin.IntList                                                 : loaded 5 times (x 79B)
Class kotlin.text.StringsKt__StringBuilderJVMKt                                       : loaded 5 times (x 73B)
Class com.google.common.collect.ImmutableRangeSet$Builder                             : loaded 5 times (x 79B)
Class com.amazon.ion.impl.bin.IonManagedBinaryWriter$UserState$4                      : loaded 5 times (x 87B)
Class com.amazon.ion.system.IonBinaryWriterBuilder                                    : loaded 5 times (x 101B)
Class com.android.ide.gradle.model.LegacyV1AgpVersionModel                            : loaded 5 times (x 72B)
Class com.intellij.gradle.toolingExtension.impl.model.taskModel.GradleTaskSerialisationService: loaded 5 times (x 78B)
Class io.opentelemetry.context.ArrayBasedContext                                      : loaded 5 times (x 102B)
Class io.opentelemetry.context.ContextStorage                                         : loaded 5 times (x 72B)
Class com.intellij.gradle.toolingExtension.impl.model.sourceSetDependencyModel.GradleSourceSetDependencySerialisationService$SourceSetDependencyModelWriteContext: loaded 5 times (x 74B)
Class org.jetbrains.plugins.gradle.tooling.serialization.internal.IdeaProjectSerializationService$WriteContext$5: loaded 5 times (x 85B)
Class io.opentelemetry.context.ContextStorageProvider                                 : loaded 5 times (x 72B)
Class org.jetbrains.plugins.gradle.model.UnresolvedExternalDependency                 : loaded 5 times (x 72B)
Class org.jetbrains.plugins.gradle.model.GradleExtensions                             : loaded 5 times (x 72B)
Class org.jetbrains.plugins.gradle.model.AnnotationProcessingModel                    : loaded 5 times (x 72B)
Class com.intellij.gradle.toolingExtension.util.GradleVersionSpecificsUtil            : loaded 5 times (x 73B)
Class com.google.common.collect.ImmutableSortedSet                                    : loaded 5 times (x 302B)
Class com.amazon.ion.BufferConfiguration$Builder                                      : loaded 5 times (x 80B)
Class io.opentelemetry.api.internal.ImmutableSpanContext                              : loaded 5 times (x 93B)
Class org.jetbrains.plugins.gradle.tooling.util.IntObjectMap$1                        : loaded 5 times (x 79B)
Class com.intellij.gradle.toolingExtension.impl.model.sourceSetModel.GradleSourceSetSerialisationService$SourceSetModelWriteContext: loaded 5 times (x 74B)
Class org.jetbrains.kotlin.idea.gradleTooling.AndroidAwareGradleModelProvider         : loaded 5 times (x 81B)
Class com.intellij.gradle.toolingExtension.impl.telemetry.GradleOpenTelemetry         : loaded 5 times (x 74B)
Class com.google.common.collect.RegularImmutableSet                                   : loaded 5 times (x 150B)
Class io.opentelemetry.context.ThreadLocalContextStorage$ScopeImpl                    : loaded 5 times (x 81B)
Class com.intellij.gradle.toolingExtension.impl.model.sourceSetDependencyModel.GradleSourceSetDependencySerialisationService$Companion: loaded 5 times (x 73B)
Class com.intellij.util.ThrowableConsumer                                             : loaded 5 times (x 72B)
Class org.jetbrains.plugins.gradle.tooling.serialization.internal.IdeaProjectSerializationService$WriteContext$4: loaded 5 times (x 85B)
Class kotlin.io.FilesKt__FileReadWriteKt                                              : loaded 5 times (x 73B)
Class kotlin.text.StringsKt__StringNumberConversionsKt                                : loaded 5 times (x 73B)
Class [Lcom.amazon.ion.impl.bin.IonRawBinaryWriter$StreamFlushMode;                   : loaded 5 times (x 71B)
Class com.amazon.ion.UnsupportedIonVersionException                                   : loaded 5 times (x 87B)
Class kotlin.comparisons.ComparisonsKt__ComparisonsKt                                 : loaded 5 times (x 73B)
Class com.amazon.ion.IonFloat                                                         : loaded 5 times (x 72B)
Class [Lio.opentelemetry.context.Scope;                                               : loaded 5 times (x 71B)
Class gnu.trove.TObjectHash$NULL                                                      : loaded 5 times (x 73B)
Class org.jetbrains.plugins.gradle.tooling.serialization.internal.IdeaProjectSerializationService$WriteContext$3: loaded 5 times (x 85B)
Class org.jetbrains.plugins.gradle.tooling.serialization.AnnotationProcessingModelSerializationService$ReadContext: loaded 5 times (x 74B)
Class io.opentelemetry.api.internal.OtelEncodingUtils                                 : loaded 5 times (x 73B)
Class com.amazon.ion.impl.bin.PooledBlockAllocatorProvider                            : loaded 5 times (x 75B)
Class com.amazon.ion.IonContainer                                                     : loaded 5 times (x 72B)
Class com.amazon.ion.impl.lite.IonValueLite                                           : loaded 5 times (x 150B)
Class com.amazon.ion.impl._Private_IonSymbol                                          : loaded 5 times (x 72B)
Class kotlin.ranges.RangesKt__RangesKt                                                : loaded 5 times (x 73B)
Class kotlin.collections.SetsKt___SetsKt                                              : loaded 5 times (x 73B)
Class kotlin.sequences.SequencesKt__SequencesKt                                       : loaded 5 times (x 73B)
Class io.opentelemetry.api.trace.TraceId                                              : loaded 5 times (x 73B)
Class com.intellij.gradle.toolingExtension.impl.model.sourceSetModel.GradleSourceSetSerialisationService$SourceSetModelReadContext: loaded 5 times (x 74B)
Class com.intellij.gradle.toolingExtension.impl.model.utilTurnOffDefaultTasksModel.TurnOffDefaultTasks: loaded 5 times (x 72B)
Class kotlin.collections.CollectionsKt                                                : loaded 5 times (x 73B)
Class io.opentelemetry.api.trace.SpanId                                               : loaded 5 times (x 73B)
Class kotlin.io.NoSuchFileException                                                   : loaded 5 times (x 84B)
Class com.amazon.ion.impl.bin.IonManagedBinaryWriter$SymbolState                      : loaded 5 times (x 82B)
Class org.jetbrains.plugins.gradle.tooling.serialization.internal.IdeaProjectSerializationService$WriteContext$2: loaded 5 times (x 85B)
Class com.google.common.collect.ImmutableAsList                                       : loaded 5 times (x 211B)
Class [Lcom.amazon.ion.impl.bin.IonRawBinaryWriter$StreamCloseMode;                   : loaded 5 times (x 71B)
Class com.amazon.ion.impl.lite.IonSymbolLite                                          : loaded 5 times (x 249B)
Class com.amazon.ion.impl.bin.IonManagedBinaryWriter$ImportedSymbolResolverMode$1     : loaded 5 times (x 82B)
Class com.amazon.ion.impl.lite.IonListLite                                            : loaded 5 times (x 492B)
Class kotlin.text.StringsKt                                                           : loaded 5 times (x 73B)
Class com.amazon.ion.impl.bin.utf8.Pool                                               : loaded 5 times (x 76B)
Class com.intellij.util.containers.IntObjectHashMap$ArrayProducer                     : loaded 5 times (x 72B)
Class io.opentelemetry.api.GlobalOpenTelemetry                                        : loaded 5 times (x 73B)
Class org.jetbrains.kotlin.idea.gradleTooling.AndroidAwareGradleModelProvider$Companion: loaded 5 times (x 73B)
Class com.amazon.ion.IonStruct                                                        : loaded 5 times (x 72B)
Class kotlin.sequences.FilteringSequence                                              : loaded 5 times (x 77B)
Class kotlin.comparisons.ComparisonsKt                                                : loaded 5 times (x 73B)
Class kotlin.comparisons.ComparisonsKt___ComparisonsKt                                : loaded 5 times (x 73B)
Class org.jetbrains.plugins.gradle.model.GradleBuildScriptClasspathModel              : loaded 5 times (x 72B)
Class com.amazon.ion.IonCatalog                                                       : loaded 5 times (x 72B)
Class com.amazon.ion.system.IonSystemBuilder                                          : loaded 5 times (x 77B)
Class com.amazon.ion.impl._Private_IonWriterBase                                      : loaded 5 times (x 164B)
Class [Lcom.amazon.ion.impl.bin.IonManagedBinaryWriter$SymbolState;                   : loaded 5 times (x 71B)
Class org.jetbrains.plugins.gradle.model.ExternalProject                              : loaded 5 times (x 72B)
Class org.jetbrains.plugins.gradle.tooling.serialization.internal.IdeaProjectSerializationService$WriteContext$1: loaded 5 times (x 85B)
Class org.jetbrains.plugins.gradle.javaModel.JavaGradleManifestModel                  : loaded 5 times (x 72B)
Class kotlin.collections.CollectionsKt__IteratorsKt                                   : loaded 5 times (x 73B)
Class kotlin.sequences.SequencesKt                                                    : loaded 5 times (x 73B)
Class com.intellij.gradle.toolingExtension.impl.model.taskModel.GradleTaskSerialisationService$Companion: loaded 5 times (x 73B)
Class org.jetbrains.plugins.gradle.tooling.serialization.GradleExtensionsSerializationService$WriteContext: loaded 5 times (x 74B)
Class com.amazon.ion.impl.bin.IonManagedBinaryWriter$ImportedSymbolResolverMode$2     : loaded 5 times (x 82B)
Class com.google.common.collect.ImmutableSet$CachingAsList                            : loaded 5 times (x 150B)
Class com.amazon.ion.impl.lite.IonSexpLite                                            : loaded 5 times (x 492B)
Class [Lcom.amazon.ion.util.InputStreamInterceptor;                                   : loaded 5 times (x 71B)
Class kotlin.sequences.SequencesKt___SequencesKt                                      : loaded 5 times (x 73B)
Class com.amazon.ion.impl.bin.IonManagedBinaryWriter$SymbolState$4                    : loaded 5 times (x 82B)
Class io.opentelemetry.context.Scope                                                  : loaded 5 times (x 72B)
Class kotlin.collections.AbstractList$Companion                                       : loaded 5 times (x 73B)
Class com.intellij.gradle.toolingExtension.impl.model.sourceSetArtifactIndex.GradleSourceSetArtifactBuildRequest: loaded 5 times (x 72B)
Class kotlin.collections.CollectionsKt__CollectionsJVMKt                              : loaded 5 times (x 73B)
Class kotlin.NotImplementedError                                                      : loaded 5 times (x 84B)
Class kotlin.io.FilesKt__UtilsKt                                                      : loaded 5 times (x 73B)
Class com.google.common.collect.ImmutableList$SubList                                 : loaded 5 times (x 209B)
Class com.google.common.collect.ForwardingObject                                      : loaded 5 times (x 74B)
Class com.google.common.base.CharMatcher$AnyOf                                        : loaded 5 times (x 115B)
Class com.amazon.ion.IonBinaryWriter                                                  : loaded 5 times (x 72B)
Class com.amazon.ion.impl.bin.IonRawBinaryWriter$StreamFlushMode                      : loaded 5 times (x 81B)
Class org.jetbrains.kotlin.idea.projectModel.KotlinTaskProperties                     : loaded 5 times (x 72B)
Class com.amazon.ion.impl.bin.IonManagedBinaryWriter$SymbolState$3                    : loaded 5 times (x 82B)
Class com.amazon.ion.impl.bin.IonRawBinaryWriter$ContainerInfo                        : loaded 5 times (x 76B)
Class com.google.common.base.CharMatcher$BitSetMatcher                                : loaded 5 times (x 115B)
Class com.google.common.collect.ImmutableSet                                          : loaded 5 times (x 147B)
Class [Lio.opentelemetry.context.ThreadLocalContextStorage;                           : loaded 5 times (x 71B)
Class com.amazon.ion.impl.IonWriterSystemTextMarkup                                   : loaded 5 times (x 193B)
Class com.amazon.ion.impl.bin.BlockAllocator                                          : loaded 5 times (x 82B)
Class org.jetbrains.plugins.gradle.tooling.serialization.internal.IdeaProjectSerializationService: loaded 5 times (x 79B)
Class org.jetbrains.plugins.gradle.model.ProjectImportModelProvider                   : loaded 5 times (x 72B)
Class org.jetbrains.plugins.gradle.model.ExternalSourceSet                            : loaded 5 times (x 72B)
Class com.intellij.gradle.toolingExtension.impl.model.warmUp.GradleTaskWarmUpRequest  : loaded 5 times (x 72B)
Class com.google.common.base.CharMatcher$ForPredicate                                 : loaded 5 times (x 115B)
Class com.amazon.ion.SymbolTable                                                      : loaded 5 times (x 72B)
Class com.amazon.ion.impl.bin.IonManagedBinaryWriter$ImportDescriptor                 : loaded 5 times (x 78B)
Class com.amazon.ion.IonNull                                                          : loaded 5 times (x 72B)
Class com.amazon.ion.impl.bin.IonManagedBinaryWriter$SymbolState$2                    : loaded 5 times (x 82B)
Class kotlin.jvm.internal.FunctionReferenceImpl                                       : loaded 5 times (x 128B)
Class kotlin.collections.CollectionsKt___CollectionsJvmKt                             : loaded 5 times (x 73B)
Class io.opentelemetry.api.trace.SpanContextKey                                       : loaded 5 times (x 73B)
Class com.amazon.ion.impl.lite.IonSystemLite                                          : loaded 5 times (x 277B)
Class com.amazon.ion.util.InputStreamInterceptor                                      : loaded 5 times (x 72B)
Class com.amazon.ion.impl.bin.IonRawBinaryWriter$PreallocationMode                    : loaded 5 times (x 83B)
Class com.amazon.ion.impl.bin._Private_IonRawWriter                                   : loaded 5 times (x 72B)
Class com.amazon.ion.IonWriter                                                        : loaded 5 times (x 72B)
Class org.jetbrains.plugins.gradle.model.VersionCatalogsModel                         : loaded 5 times (x 72B)
Class com.intellij.gradle.toolingExtension.impl.model.dependencyModel.DependencyReadContext: loaded 5 times (x 74B)
Class com.intellij.gradle.toolingExtension.impl.model.sourceSetDependencyModel.GradleSourceSetDependencySerialisationService$SourceSetDependencyModelReadContext: loaded 5 times (x 74B)
Class org.jetbrains.plugins.gradle.tooling.serialization.internal.IdeaProjectSerializationService$ReadContext: loaded 5 times (x 74B)
Class kotlin.text.StringsKt__AppendableKt                                             : loaded 5 times (x 73B)
Class com.google.common.collect.ImmutableRangeSet                                     : loaded 5 times (x 117B)
Class [Lcom.amazon.ion.IonType;                                                       : loaded 5 times (x 71B)
Class com.amazon.ion.impl.LocalSymbolTableAsStruct$Factory                            : loaded 5 times (x 81B)
Class com.amazon.ion.impl.bin.IonManagedBinaryWriter$SymbolState$1                    : loaded 5 times (x 82B)
Class com.amazon.ion.system.IonWriterBuilderBase                                      : loaded 5 times (x 85B)
Class com.google.common.base.CharMatcher$Or                                           : loaded 5 times (x 115B)
Class kotlin.TuplesKt                                                                 : loaded 5 times (x 73B)
Class kotlin.Unit                                                                     : loaded 5 times (x 73B)
Class kotlin.sequences.SequencesKt___SequencesJvmKt                                   : loaded 5 times (x 73B)
Class io.opentelemetry.api.trace.Tracer                                               : loaded 5 times (x 72B)
Class com.google.common.collect.ImmutableSet$SetBuilderImpl                           : loaded 5 times (x 78B)
Class org.jetbrains.plugins.gradle.model.ExternalDependency                           : loaded 5 times (x 72B)
Class com.intellij.util.containers.IntObjectHashMap                                   : loaded 5 times (x 74B)
Class com.amazon.ion.impl._Private_IonContainer                                       : loaded 5 times (x 72B)
Class com.google.common.collect.SortedIterable                                        : loaded 5 times (x 72B)
Class com.android.ide.gradle.model.dependencies.DeclaredDependencies                  : loaded 5 times (x 72B)
Class kotlin.ranges.RangesKt                                                          : loaded 5 times (x 73B)
Class io.opentelemetry.api.trace.ArrayBasedTraceState                                 : loaded 5 times (x 88B)
Class io.opentelemetry.context.ContextKey                                             : loaded 5 times (x 72B)
Class io.opentelemetry.context.propagation.TextMapSetter                              : loaded 5 times (x 72B)
Class org.jetbrains.plugins.gradle.model.IntelliJProjectSettings                      : loaded 5 times (x 72B)
Class io.opentelemetry.context.Context                                                : loaded 5 times (x 72B)
Class com.intellij.gradle.toolingExtension.impl.model.buildScriptClasspathModel.GradleBuildScriptClasspathSerializationService$ReadContext: loaded 5 times (x 74B)
Class [Lcom.amazon.ion.SymbolTable;                                                   : loaded 5 times (x 71B)
Class com.amazon.ion.impl.bin.IonBinaryWriterAdapter$Factory                          : loaded 5 times (x 72B)
Class com.amazon.ion.impl.BlockedBuffer$BufferedOutputStream                          : loaded 5 times (x 92B)
Class kotlin.UninitializedPropertyAccessException                                     : loaded 5 times (x 84B)
Class com.android.ide.gradle.model.composites.BuildMap                                : loaded 5 times (x 72B)
Class com.google.common.collect.SingletonImmutableSet                                 : loaded 5 times (x 148B)
Class com.amazon.ion.UnknownSymbolException                                           : loaded 5 times (x 87B)
Class com.amazon.ion.SubstituteSymbolTableException                                   : loaded 5 times (x 86B)
Class com.amazon.ion.impl.SymbolTokenImpl                                             : loaded 5 times (x 83B)
Class com.amazon.ion.IonText                                                          : loaded 5 times (x 72B)
Class com.amazon.ion.impl.bin.utf8.Pool$Allocator                                     : loaded 5 times (x 72B)
Class com.amazon.ion.impl.bin.utf8.Utf8StringEncoder$Result                           : loaded 5 times (x 76B)
Class kotlin.jvm.functions.Function0                                                  : loaded 5 times (x 72B)
Class kotlin.collections.ArraysUtilJVM                                                : loaded 5 times (x 73B)
Class org.jetbrains.plugins.gradle.tooling.serialization.ExternalTestsSerializationService$ReadContext: loaded 5 times (x 74B)
Class org.gradle.internal.Cast                                                        : loaded 5 times (x 73B)
Class io.opentelemetry.context.propagation.TextMapGetter                              : loaded 5 times (x 72B)
Class com.amazon.ion.impl.SharedSymbolTable                                           : loaded 5 times (x 95B)
Class com.amazon.ion.impl.bin.IonRawBinaryWriter                                      : loaded 5 times (x 170B)
Class com.amazon.ion.SymbolToken                                                      : loaded 5 times (x 72B)
Class com.amazon.ion.impl.bin.AbstractIonWriter$WriteValueOptimization                : loaded 5 times (x 81B)
Class io.opentelemetry.context.ThreadLocalContextStorage                              : loaded 5 times (x 87B)
Class com.amazon.ion.IonSystem                                                        : loaded 5 times (x 72B)
Class kotlin.text.StringsKt__StringNumberConversionsJVMKt                             : loaded 5 times (x 73B)
Class com.amazon.ion.impl.bin.IonRawBinaryWriter$ThrowingRunnable                     : loaded 5 times (x 72B)
Class com.amazon.ion.impl.bin.IonManagedBinaryWriter$LocalSymbolTableView             : loaded 5 times (x 121B)
Class com.google.common.base.CharMatcher$FastMatcher                                  : loaded 5 times (x 114B)
Class kotlin.jvm.functions.Function1                                                  : loaded 5 times (x 72B)
Class org.jetbrains.kotlin.idea.gradleTooling.KotlinGradleModel                       : loaded 5 times (x 72B)
Class com.intellij.platform.diagnostic.telemetry.rt.context.TelemetryContext          : loaded 5 times (x 135B)
Class [Lio.opentelemetry.context.ContextStorage;                                      : loaded 5 times (x 71B)
Class kotlin.sequences.Sequence                                                       : loaded 5 times (x 72B)
Class [Lio.opentelemetry.api.trace.TraceFlags;                                        : loaded 5 times (x 71B)
Class org.jetbrains.plugins.gradle.tooling.serialization.ExternalTestsSerializationService$WriteContext: loaded 5 times (x 74B)
Class kotlin.collections.MapsKt__MapsKt                                               : loaded 5 times (x 73B)
Class com.amazon.ion.impl.bin.IonManagedBinaryWriter$SymbolResolverBuilder            : loaded 5 times (x 72B)
Class com.amazon.ion.system.IonSystemBuilder$Mutable                                  : loaded 5 times (x 77B)
Class com.amazon.ion.impl.bin.BlockAllocatorProvider                                  : loaded 5 times (x 74B)
Class com.amazon.ion.impl.bin.IonManagedBinaryWriter$ImportedSymbolContext            : loaded 5 times (x 74B)
Class com.google.common.base.Predicate                                                : loaded 5 times (x 72B)
Class kotlin.jvm.functions.Function2                                                  : loaded 5 times (x 72B)
Class org.jetbrains.plugins.gradle.tooling.serialization.internal.IdeaProjectSerializationService$WriteContext: loaded 5 times (x 74B)
Class org.jetbrains.plugins.gradle.model.ExternalProjectDependency                    : loaded 5 times (x 72B)
Class org.jetbrains.plugins.gradle.tooling.serialization.KotlinDslScriptsModelSerializationService: loaded 5 times (x 83B)
Class [Lcom.amazon.ion.impl.bin.IonRawBinaryWriter$ContainerType;                     : loaded 5 times (x 71B)
Class kotlin.reflect.KFunction                                                        : loaded 5 times (x 72B)
Class com.google.common.collect.ImmutableList$ReverseImmutableList                    : loaded 5 times (x 209B)
Class com.intellij.gradle.toolingExtension.impl.model.sourceSetDependencyModel.GradleSourceSetDependencySerialisationService: loaded 5 times (x 79B)
Class org.jetbrains.plugins.gradle.model.GradleSourceSetModel                         : loaded 5 times (x 72B)
Class kotlin.jvm.internal.markers.KMappedMarker                                       : loaded 5 times (x 72B)
Class com.amazon.ion.impl.lite.IonBoolLite                                            : loaded 5 times (x 181B)
Class io.opentelemetry.api.trace.ArrayBasedTraceStateBuilder                          : loaded 5 times (x 79B)
Class com.amazon.ion.impl.lite.IonSequenceLite                                        : loaded 5 times (x 434B)
Class Program                                                                         : loaded 5 times (x 74B)
Class com.amazon.ion.impl._Private_Utils$1                                            : loaded 5 times (x 100B)
Class com.amazon.ion.impl.SymbolTableAsStruct                                         : loaded 5 times (x 72B)
Class com.google.common.base.CharMatcher$NegatedFastMatcher                           : loaded 5 times (x 116B)
Class com.google.common.collect.AbstractRangeSet                                      : loaded 5 times (x 116B)
Class kotlin.collections.MapsKt___MapsJvmKt                                           : loaded 5 times (x 73B)
Class com.android.ide.gradle.model.dependencies.Coordinates                           : loaded 5 times (x 72B)
Class io.opentelemetry.api.trace.ImmutableTraceFlags                                  : loaded 5 times (x 79B)
Class kotlin.collections.SetsKt                                                       : loaded 5 times (x 73B)
Class com.google.common.collect.SingletonImmutableList                                : loaded 5 times (x 209B)
Class kotlin.text.StringsKt__IndentKt                                                 : loaded 5 times (x 73B)
Class [Lcom.amazon.ion.SymbolToken;                                                   : loaded 5 times (x 71B)
Class io.opentelemetry.api.trace.TracerProvider                                       : loaded 5 times (x 72B)
Class org.jetbrains.plugins.gradle.model.GradleExtension                              : loaded 5 times (x 72B)
Class com.amazon.ion.IonBufferConfiguration$Builder                                   : loaded 5 times (x 80B)
Class com.amazon.ion.impl.lite.IonDecimalLite                                         : loaded 5 times (x 191B)
Class com.amazon.ion.impl.bin.AbstractIonWriter                                       : loaded 5 times (x 162B)
Class kotlin.collections.EmptySet                                                     : loaded 5 times (x 124B)
Class kotlin.collections.CollectionsKt___CollectionsKt                                : loaded 5 times (x 73B)
Class gnu.trove.TObjectHash                                                           : loaded 5 times (x 96B)
Class org.jetbrains.plugins.gradle.tooling.util.ObjectCollector$Processor             : loaded 5 times (x 72B)
Class io.opentelemetry.api.trace.AutoValue_ArrayBasedTraceState                       : loaded 5 times (x 89B)
Class com.android.ide.gradle.model.GradlePluginModel                                  : loaded 5 times (x 72B)
Class org.gradle.api.GradleException                                                  : loaded 5 times (x 84B)
Class com.intellij.gradle.toolingExtension.impl.model.projectModel.GradleExternalProjectSerializationService$WriteContext: loaded 5 times (x 75B)
Class org.jetbrains.kotlin.idea.gradleTooling.model.kapt.KaptGradleModel              : loaded 5 times (x 72B)
Class org.jetbrains.plugins.gradle.model.ClasspathEntryModel                          : loaded 5 times (x 72B)
Class org.jetbrains.kotlin.idea.gradleTooling.KotlinDslScriptAdditionalTask           : loaded 5 times (x 72B)
Class com.google.common.collect.NullnessCasts                                         : loaded 5 times (x 73B)
Class kotlin.text.StringsKt__StringsJVMKt                                             : loaded 5 times (x 73B)
Class com.amazon.ion.impl.bin._Private_IonManagedBinaryWriterBuilder                  : loaded 5 times (x 74B)
Class com.amazon.ion.impl._Private_IonWriter                                          : loaded 5 times (x 72B)
Class com.amazon.ion.impl.bin.IonManagedBinaryWriter$UserState                        : loaded 5 times (x 87B)
Class com.amazon.ion.IonReader                                                        : loaded 5 times (x 72B)
Class com.amazon.ion.system.IonReaderBuilder                                          : loaded 5 times (x 97B)
Class io.opentelemetry.api.internal.AutoValue_ImmutableSpanContext                    : loaded 5 times (x 94B)
Class com.amazon.ion.impl.bin.IonRawBinaryWriter$PreallocationMode$3                  : loaded 5 times (x 83B)
Class org.jetbrains.plugins.gradle.tooling.serialization.RepositoriesModelSerializationService$ReadContext: loaded 5 times (x 74B)
Class [Lcom.amazon.ion.impl.bin.AbstractIonWriter$WriteValueOptimization;             : loaded 5 times (x 71B)
Class kotlin.text.StringsKt___StringsJvmKt                                            : loaded 5 times (x 73B)
Class org.jetbrains.kotlin.idea.gradleTooling.PrepareKotlinIdeImportTaskModel         : loaded 5 times (x 72B)
Class kotlin.reflect.KDeclarationContainer                                            : loaded 5 times (x 72B)
Class gnu.trove.Equality                                                              : loaded 5 times (x 72B)
Class com.amazon.ion.IonTimestamp                                                     : loaded 5 times (x 72B)
Class com.amazon.ion.impl.bin.PooledBlockAllocatorProvider$PooledBlockAllocator       : loaded 5 times (x 83B)
Class io.opentelemetry.api.trace.TraceState                                           : loaded 5 times (x 72B)
Class org.jetbrains.plugins.gradle.tooling.serialization.RepositoriesModelSerializationService: loaded 5 times (x 84B)
Class com.android.ide.gradle.model.artifacts.AdditionalClassifierArtifactsModel       : loaded 5 times (x 72B)
Class com.amazon.ion.impl.bin.Symbols                                                 : loaded 5 times (x 73B)
Class org.jetbrains.plugins.gradle.tooling.serialization.GradleExtensionsSerializationService: loaded 5 times (x 79B)
Class com.intellij.platform.diagnostic.telemetry.rt.context.TelemetryContextGetter    : loaded 5 times (x 77B)
Class com.amazon.ion.IonBufferConfiguration                                           : loaded 5 times (x 74B)
Class org.jetbrains.plugins.gradle.model.AnnotationProcessingConfig                   : loaded 5 times (x 72B)
Class com.amazon.ion.IonClob                                                          : loaded 5 times (x 72B)
Class kotlin.io.FilesKt                                                               : loaded 5 times (x 73B)
Class kotlin.collections.MapsKt___MapsKt                                              : loaded 5 times (x 73B)
Class kotlin.collections.ArraysKt___ArraysKt                                          : loaded 5 times (x 73B)
Class org.jetbrains.plugins.gradle.tooling.ModelBuilderService$Parameter              : loaded 5 times (x 72B)
Class io.opentelemetry.context.LazyStorage                                            : loaded 5 times (x 73B)
Class com.amazon.ion.impl.lite.IonLobLite                                             : loaded 5 times (x 187B)
Class com.amazon.ion.impl.lite.IonTextLite                                            : loaded 5 times (x 184B)
Class com.amazon.ion.IonNumber                                                        : loaded 5 times (x 72B)
Class com.intellij.openapi.externalSystem.model.project.dependencies.ProjectDependencies: loaded 5 times (x 72B)
Class io.opentelemetry.api.trace.TraceStateBuilder                                    : loaded 5 times (x 72B)
Class com.google.common.base.CharMatcher$InRange                                      : loaded 5 times (x 114B)
Class com.amazon.ion.impl.bin.IonRawBinaryWriter$PreallocationMode$2                  : loaded 5 times (x 83B)
Class com.amazon.ion.IonDatagram                                                      : loaded 5 times (x 72B)
Class com.amazon.ion.impl.bin.IonManagedBinaryWriter$ImportedSymbolResolverMode$1$1   : loaded 5 times (x 80B)
Class com.amazon.ion.impl._Private_ByteTransferSink                                   : loaded 5 times (x 72B)
Class org.jetbrains.plugins.gradle.tooling.serialization.ProjectDependenciesSerializationService$ReadContext: loaded 5 times (x 74B)
Class kotlin.collections.MapsKt__MapWithDefaultKt                                     : loaded 5 times (x 73B)
Class gnu.trove.TObjectHashingStrategy                                                : loaded 5 times (x 72B)
Class com.intellij.openapi.externalSystem.model.project.IExternalSystemSourceType     : loaded 5 times (x 72B)
Class kotlin.text.StringsKt__RegexExtensionsJVMKt                                     : loaded 5 times (x 73B)
Class kotlin.internal.ProgressionUtilKt                                               : loaded 5 times (x 73B)
Class kotlin.io.FileAlreadyExistsException                                            : loaded 5 times (x 84B)
Class com.amazon.ion.impl._Private_IonReaderBuilder$Mutable                           : loaded 5 times (x 99B)
Class kotlin.collections.ArraysKt___ArraysJvmKt                                       : loaded 5 times (x 73B)
Class kotlin.collections.CollectionsKt__CollectionsKt                                 : loaded 5 times (x 73B)
Class [Lcom.amazon.ion.util.GzipStreamInterceptor;                                    : loaded 5 times (x 71B)
Class com.intellij.openapi.externalSystem.model.project.dependencies.ResolutionState  : loaded 5 times (x 81B)
Class com.amazon.ion.IonInt                                                           : loaded 5 times (x 72B)
Class [Lcom.amazon.ion.impl.bin.IonManagedBinaryWriter$UserState;                     : loaded 5 times (x 71B)
Class kotlin.NoWhenBranchMatchedException                                             : loaded 5 times (x 84B)
Class org.jetbrains.kotlin.idea.gradleTooling.KotlinMPPGradleModel                    : loaded 5 times (x 72B)
Class io.opentelemetry.context.propagation.ContextPropagators                         : loaded 5 times (x 72B)
Class com.amazon.ion.impl.bin.utf8.Utf8StringEncoder                                  : loaded 5 times (x 82B)
Class com.amazon.ion.IonBool                                                          : loaded 5 times (x 72B)
Class com.intellij.gradle.toolingExtension.impl.model.dependencyDownloadPolicyModel.GradleDependencyDownloadPolicy: loaded 5 times (x 72B)
Class org.jetbrains.plugins.gradle.tooling.util.ObjectCollector                       : loaded 5 times (x 74B)
Class org.jetbrains.plugins.gradle.model.GradleTaskModel                              : loaded 5 times (x 72B)
Class kotlin.Function                                                                 : loaded 5 times (x 72B)
Class kotlin.collections.SetsKt__SetsJVMKt                                            : loaded 5 times (x 73B)
Class com.amazon.ion.impl.bin._Private_IonManagedBinaryWriterBuilder$AllocatorMode    : loaded 5 times (x 82B)
Class com.amazon.ion.impl._Private_SymbolToken                                        : loaded 5 times (x 72B)
Class com.amazon.ion.impl.bin.IonManagedBinaryWriter$SymbolResolver                   : loaded 5 times (x 72B)
Class kotlin.text.StringsKt___StringsKt                                               : loaded 5 times (x 73B)
Class kotlin.collections.CollectionsKt__MutableCollectionsJVMKt                       : loaded 5 times (x 73B)
Class org.gradle.internal.IoActions                                                   : loaded 5 times (x 73B)
Class kotlin.enums.EnumEntriesKt                                                      : loaded 5 times (x 73B)
Class com.amazon.ion.IonLoader                                                        : loaded 5 times (x 72B)
Class com.intellij.openapi.externalSystem.model.ExternalSystemException               : loaded 5 times (x 87B)
Class org.jetbrains.plugins.gradle.model.ExternalLibraryDependency                    : loaded 5 times (x 72B)
Class [Lcom.amazon.ion.impl.bin._Private_IonManagedBinaryWriterBuilder$AllocatorMode; : loaded 5 times (x 71B)
Class com.amazon.ion.impl.bin.IonRawBinaryWriter$PreallocationMode$1                  : loaded 5 times (x 83B)
Class com.amazon.ion.impl._Private_ValueFactory                                       : loaded 5 times (x 72B)
Class io.opentelemetry.api.GlobalOpenTelemetry$ObfuscatedOpenTelemetry                : loaded 5 times (x 94B)
Class com.amazon.ion.impl.lite.IonClobLite                                            : loaded 5 times (x 223B)
Class io.opentelemetry.api.internal.IncubatingUtil                                    : loaded 5 times (x 73B)
Class org.jetbrains.plugins.gradle.model.DependencyAccessorsModel                     : loaded 5 times (x 72B)
Class org.jetbrains.plugins.gradle.model.ExternalTask                                 : loaded 5 times (x 72B)
Class gnu.trove.TObjectIntHashMap                                                     : loaded 5 times (x 111B)
Class [Lcom.intellij.openapi.externalSystem.model.project.dependencies.ResolutionState;: loaded 5 times (x 71B)
Class kotlin.jvm.internal.CallableReference$NoReceiver                                : loaded 5 times (x 73B)
Class com.google.common.collect.RangeSet                                              : loaded 5 times (x 72B)
Class com.amazon.ion.IonValue                                                         : loaded 5 times (x 72B)
Class kotlin.collections.ArraysKt__ArraysKt                                           : loaded 5 times (x 73B)
Class [Lcom.amazon.ion.impl.bin.IonRawBinaryWriter$PreallocationMode;                 : loaded 5 times (x 71B)
Class com.amazon.ion.ValueFactory                                                     : loaded 5 times (x 72B)
Class [Lcom.amazon.ion.impl.bin.IonManagedBinaryWriter$ImportedSymbolResolverMode;    : loaded 5 times (x 71B)
Class com.amazon.ion.impl.IonWriterSystemText                                         : loaded 5 times (x 191B)
Class com.google.common.collect.ImmutableCollection$Builder                           : loaded 5 times (x 78B)
Class com.amazon.ion.util._Private_FastAppendable                                     : loaded 5 times (x 72B)
Class com.google.common.collect.ImmutableRangeSet$AsSet                               : loaded 5 times (x 302B)
Class kotlin.jvm.internal.FunctionReference                                           : loaded 5 times (x 128B)
Class com.amazon.ion.impl.lite.IonContext                                             : loaded 5 times (x 72B)
Class com.amazon.ion.impl.lite.IonLoaderLite                                          : loaded 5 times (x 84B)
Class kotlin.jvm.internal.FunctionBase                                                : loaded 5 times (x 72B)
Class com.amazon.ion.impl.bin.utf8.Utf8StringEncoderPool$1                            : loaded 5 times (x 78B)
Class kotlin.enums.EnumEntriesList                                                    : loaded 5 times (x 225B)
Class com.google.common.collect.ImmutableSet$RegularSetBuilderImpl                    : loaded 5 times (x 78B)
Class com.google.common.collect.ImmutableRangeSet$ComplementRanges                    : loaded 5 times (x 209B)
Class org.jetbrains.plugins.gradle.model.GradleProperty                               : loaded 5 times (x 72B)
Class kotlin.text.StringsKt__StringBuilderKt                                          : loaded 5 times (x 73B)
Class gnu.trove.TObjectCanonicalHashingStrategy                                       : loaded 5 times (x 80B)
Class com.amazon.ion.impl.lite.IonNullLite                                            : loaded 5 times (x 178B)
Class io.opentelemetry.context.propagation.NoopTextMapPropagator                      : loaded 5 times (x 78B)
Class org.jetbrains.plugins.gradle.tooling.serialization.AnnotationProcessingModelSerializationService: loaded 5 times (x 79B)
Class com.intellij.gradle.toolingExtension.model.repositoryModel.ProjectRepositoriesModel: loaded 5 times (x 72B)
Class kotlin.collections.ArraysKt__ArraysJVMKt                                        : loaded 5 times (x 73B)
Class com.amazon.ion.impl._Private_Utils                                              : loaded 5 times (x 73B)
Class io.opentelemetry.context.DefaultContextKey                                      : loaded 5 times (x 74B)
Class com.google.common.base.Joiner$2                                                 : loaded 5 times (x 82B)
Class kotlin.text.StringsKt__StringsKt                                                : loaded 5 times (x 73B)
Class com.amazon.ion.impl.bin.Block                                                   : loaded 5 times (x 81B)
Class kotlin.reflect.KAnnotatedElement                                                : loaded 5 times (x 72B)
Class com.amazon.ion.impl.bin.IonRawBinaryWriter$ContainerType                        : loaded 5 times (x 81B)
Class com.amazon.ion.impl._Private_IonTextWriterBuilder$Mutable                       : loaded 5 times (x 103B)
Class kotlin.jvm.internal.Intrinsics                                                  : loaded 5 times (x 73B)
Class io.opentelemetry.context.ImplicitContextKeyed                                   : loaded 5 times (x 72B)
Class kotlin.comparisons.ComparisonsKt___ComparisonsJvmKt                             : loaded 5 times (x 73B)
Class com.amazon.ion.impl.lite.IonStringLite                                          : loaded 5 times (x 215B)
Class com.amazon.ion.impl.bin.PooledBlockAllocatorProvider$PooledBlockAllocator$1     : loaded 5 times (x 81B)
Class com.google.common.base.Joiner                                                   : loaded 5 times (x 82B)
Class kotlin.collections.MapsKt                                                       : loaded 5 times (x 73B)
Class kotlin.collections.CollectionsKt__IteratorsJVMKt                                : loaded 5 times (x 73B)
Class kotlin.collections.CollectionsKt__IterablesKt                                   : loaded 5 times (x 73B)
Class com.intellij.gradle.toolingExtension.impl.model.projectModel.GradleExternalProjectSerializationService$ReadContext: loaded 5 times (x 75B)
Class com.intellij.gradle.toolingExtension.impl.model.dependencyModel.DependencyWriteContext: loaded 5 times (x 74B)
Class io.opentelemetry.context.ThreadLocalContextStorage$NoopScope                    : loaded 5 times (x 87B)
Class com.google.common.base.CharMatcher$NamedFastMatcher                             : loaded 5 times (x 115B)
Class com.google.common.base.CharMatcher$1                                            : loaded 5 times (x 116B)
Class com.amazon.ion.impl._Private_LocalSymbolTableFactory                            : loaded 5 times (x 72B)
Class com.amazon.ion.impl.bin.IonManagedBinaryWriter$ImportedSymbolResolverMode$1$1$1 : loaded 5 times (x 78B)
Class com.amazon.ion.system.IonTextWriterBuilder                                      : loaded 5 times (x 99B)
Class [Lio.opentelemetry.context.ThreadLocalContextStorage$NoopScope;                 : loaded 5 times (x 71B)
Class kotlin.collections.EmptyList                                                    : loaded 5 times (x 176B)
Class io.opentelemetry.api.trace.TraceFlags                                           : loaded 5 times (x 72B)
Class org.jetbrains.plugins.gradle.tooling.serialization.ExternalTestsSerializationService: loaded 5 times (x 79B)
Class kotlin.collections.MapsKt__MapsJVMKt                                            : loaded 5 times (x 73B)
Class com.google.common.base.CharMatcher$And                                          : loaded 5 times (x 115B)
Class io.opentelemetry.api.trace.Span                                                 : loaded 5 times (x 72B)
Class com.intellij.gradle.toolingExtension.impl.model.buildScriptClasspathModel.GradleBuildScriptClasspathSerializationService$WriteContext: loaded 5 times (x 74B)
Class gnu.trove.THash                                                                 : loaded 5 times (x 83B)
Class org.jetbrains.plugins.gradle.ExternalDependencyId                               : loaded 5 times (x 72B)
Class com.amazon.ion.IonMutableCatalog                                                : loaded 5 times (x 72B)
Class com.amazon.ion.impl._Private_IonReaderBuilder$TwoElementInputStream             : loaded 5 times (x 94B)
Class com.amazon.ion.impl._Private_IonReaderBuilder                                   : loaded 5 times (x 99B)
Class com.amazon.ion.impl.bin.utf8.Utf8StringEncoderPool                              : loaded 5 times (x 76B)
Class com.amazon.ion.impl._Private_IonSystem                                          : loaded 5 times (x 72B)
Class io.opentelemetry.context.ContextStorageWrappers                                 : loaded 5 times (x 73B)
Class io.opentelemetry.context.propagation.DefaultContextPropagators                  : loaded 5 times (x 77B)
Class com.amazon.ion.BufferConfiguration$OversizedValueHandler                        : loaded 5 times (x 72B)
Class org.jetbrains.plugins.gradle.model.IntelliJSettings                             : loaded 5 times (x 72B)
Class org.jetbrains.kotlin.idea.gradleTooling.KotlinSourceSetContainer                : loaded 5 times (x 72B)
Class org.jetbrains.plugins.gradle.model.GradleConfiguration                          : loaded 5 times (x 72B)
Class io.opentelemetry.api.trace.DefaultTracerProvider                                : loaded 5 times (x 81B)
Class com.amazon.ion.impl.lite.IonIntLite                                             : loaded 5 times (x 191B)
Class kotlin.collections.SetsKt__SetsKt                                               : loaded 5 times (x 73B)
Class com.amazon.ion.impl.bin._Private_IonManagedBinaryWriterBuilder$AllocatorMode$2  : loaded 5 times (x 82B)
Class com.amazon.ion.impl._Private_IonTextWriterBuilder                               : loaded 5 times (x 103B)
Class com.amazon.ion.impl.lite.IonFloatLite                                           : loaded 5 times (x 189B)
Class kotlin.io.FileSystemException                                                   : loaded 5 times (x 84B)
Class kotlin.KotlinNullPointerException                                               : loaded 5 times (x 84B)
Class com.amazon.ion.IonDecimal                                                       : loaded 5 times (x 72B)
Class com.google.common.base.Joiner$1                                                 : loaded 5 times (x 83B)
Class com.google.common.base.CharMatcher$Is                                           : loaded 5 times (x 114B)
Class com.google.common.base.CharMatcher$Negated                                      : loaded 5 times (x 116B)
Class kotlin.ranges.RangesKt___RangesKt                                               : loaded 5 times (x 73B)
Class com.amazon.ion.impl.IonWriterSystem                                             : loaded 5 times (x 172B)
Class com.amazon.ion.impl.bin.Symbols$2                                               : loaded 5 times (x 109B)
Class com.amazon.ion.impl.bin._Private_IonManagedWriter                               : loaded 5 times (x 72B)
Class org.jetbrains.kotlin.idea.gradleTooling.KotlinGradlePluginVersion               : loaded 5 times (x 72B)
Class com.android.ide.gradle.model.GradlePropertiesModel                              : loaded 5 times (x 72B)
Class com.amazon.ion.impl.bin.IonManagedBinaryWriter$UserState$1                      : loaded 5 times (x 87B)
Class com.intellij.compose.ide.plugin.gradleTooling.rt.ComposeResourcesModel          : loaded 5 times (x 72B)
Class kotlin.Pair                                                                     : loaded 5 times (x 74B)
Class com.amazon.ion.impl.LocalSymbolTable$Factory                                    : loaded 5 times (x 79B)
Class org.jetbrains.plugins.gradle.tooling.serialization.ProjectDependenciesSerializationService: loaded 5 times (x 79B)
Class org.jetbrains.plugins.gradle.tooling.serialization.ProjectDependenciesSerializationService$WriteContext: loaded 5 times (x 74B)
Class com.intellij.gradle.toolingExtension.impl.util.collectionUtil.GradleCollections : loaded 5 times (x 73B)
Class com.google.common.collect.Range                                                 : loaded 5 times (x 88B)
Class com.google.common.base.CharMatcher                                              : loaded 5 times (x 114B)
Class org.gradle.api.Action                                                           : loaded 5 times (x 72B)
Class com.amazon.ion.IonSequence                                                      : loaded 5 times (x 72B)
Class com.amazon.ion.IonLob                                                           : loaded 5 times (x 72B)
Class com.amazon.ion.IonBlob                                                          : loaded 5 times (x 72B)
Class com.amazon.ion.impl.bin.IonRawBinaryWriter$PatchPoint                           : loaded 5 times (x 74B)
Class com.amazon.ion.impl.bin._Private_IonManagedBinaryWriterBuilder$AllocatorMode$1  : loaded 5 times (x 82B)
Class com.amazon.ion.Decimal                                                          : loaded 5 times (x 136B)
Class io.opentelemetry.api.trace.PropagatedSpan                                       : loaded 5 times (x 114B)
Class com.intellij.gradle.toolingExtension.impl.model.projectModel.GradleExternalProjectSerializationService: loaded 5 times (x 79B)
Class kotlin.collections.ArraysKt                                                     : loaded 5 times (x 73B)
Class com.amazon.ion.impl.lite.IonContainerLite                                       : loaded 5 times (x 250B)
Class com.amazon.ion.IonBufferConfiguration$OversizedSymbolTableHandler               : loaded 5 times (x 72B)
Class com.amazon.ion.facet.Faceted                                                    : loaded 5 times (x 72B)
Class com.amazon.ion.system.IonWriterBuilder                                          : loaded 5 times (x 76B)
Class org.jetbrains.plugins.gradle.tooling.serialization.ToolingStreamApiUtils        : loaded 5 times (x 73B)
Class com.amazon.ion.impl.bin.AbstractSymbolTable                                     : loaded 5 times (x 109B)
Class com.google.common.collect.ImmutableList$Builder                                 : loaded 5 times (x 79B)
Class kotlin.collections.CollectionsKt__MutableCollectionsKt                          : loaded 5 times (x 73B)
Class com.amazon.ion.impl._Private_ReaderWriter                                       : loaded 5 times (x 72B)
Class org.jetbrains.plugins.gradle.tooling.serialization.internal.IdeaProjectSerializationService$WriteContext$6: loaded 5 times (x 85B)
Class com.amazon.ion.impl.lite.IonStructLite                                          : loaded 5 times (x 300B)
Class io.opentelemetry.api.OpenTelemetry                                              : loaded 5 times (x 72B)
Class io.opentelemetry.api.trace.DefaultTracer$NoopSpanBuilder                        : loaded 5 times (x 93B)
Class io.opentelemetry.api.trace.SpanContext                                          : loaded 5 times (x 72B)
Class org.jetbrains.plugins.gradle.tooling.serialization.AnnotationProcessingModelSerializationService$WriteContext: loaded 5 times (x 74B)
Class com.amazon.ion.impl._Private_IonBinaryWriterBuilder$Mutable                     : loaded 5 times (x 117B)
Class com.amazon.ion.impl.bin.IonRawBinaryWriter$StreamCloseMode                      : loaded 5 times (x 81B)
Class kotlin.reflect.KCallable                                                        : loaded 5 times (x 72B)
Class org.jetbrains.plugins.gradle.model.tests.ExternalTestsModel                     : loaded 5 times (x 72B)
Class com.google.common.collect.ImmutableRangeSet$1                                   : loaded 5 times (x 212B)
Class com.google.common.collect.RegularImmutableAsList                                : loaded 5 times (x 219B)
Class com.amazon.ion.impl.bin.utf8.Poolable                                           : loaded 5 times (x 81B)
Class com.amazon.ion.IonSymbol                                                        : loaded 5 times (x 72B)
Class kotlin.io.FilesKt__FilePathComponentsKt                                         : loaded 5 times (x 73B)
Class kotlin.io.TerminateException                                                    : loaded 5 times (x 84B)
Class com.intellij.gradle.toolingExtension.impl.model.sourceSetModel.GradleSourceSetSerialisationService: loaded 5 times (x 79B)
Class com.android.builder.model.v2.ide.ComponentInfo                                  : loaded 4 times (x 72B)
Class org.jetbrains.kotlin.tooling.core.HasExtras                                     : loaded 4 times (x 72B)
Class com.android.builder.model.v2.ide.CodeShrinker                                   : loaded 4 times (x 81B)
Class com.android.builder.model.v2.ide.ViewBindingOptions                             : loaded 4 times (x 72B)
Class org.gradle.internal.exceptions.DefaultMultiCauseException                       : loaded 4 times (x 97B)
Class kotlin.sequences.DistinctSequence                                               : loaded 4 times (x 77B)
Class com.android.builder.model.v2.dsl.BaseConfig                                     : loaded 4 times (x 72B)
Class org.gradle.tooling.model.ProjectIdentifier                                      : loaded 4 times (x 72B)
Class com.android.builder.model.v2.ide.ProjectInfo                                    : loaded 4 times (x 72B)
Class org.gradle.tooling.model.idea.IdeaCompilerOutput                                : loaded 4 times (x 72B)
Class kotlin.text.MatchResult$DefaultImpls                                            : loaded 4 times (x 73B)
Class kotlin.text.MatchGroupCollection                                                : loaded 4 times (x 72B)
Class org.gradle.tooling.internal.adapter.WeakIdentityHashMap$WeakKey                 : loaded 4 times (x 82B)
Class org.gradle.tooling.internal.adapter.ProtocolToModelAdapter$SafeMethodInvoker    : loaded 4 times (x 78B)
Class org.gradle.tooling.model.idea.IdeaLanguageLevel                                 : loaded 4 times (x 72B)
Class kotlin.text.CharsKt__CharKt                                                     : loaded 4 times (x 73B)
Class kotlin.collections.ArrayDeque$Companion                                         : loaded 4 times (x 73B)
Class com.android.builder.model.v2.ide.BytecodeTransformation                         : loaded 4 times (x 81B)
Class org.gradle.tooling.model.HierarchicalElement                                    : loaded 4 times (x 72B)
Class kotlin.text.MatcherMatchResult                                                  : loaded 4 times (x 82B)
Class kotlin.collections.AbstractIterator                                             : loaded 4 times (x 85B)
Class kotlin.text.CharsKt                                                             : loaded 4 times (x 73B)
Class kotlin.sequences.FlatteningSequence                                             : loaded 4 times (x 77B)
Class org.gradle.internal.time.TimeSource$1                                           : loaded 4 times (x 79B)
Class kotlin.jvm.internal.DefaultConstructorMarker                                    : loaded 4 times (x 73B)
Class org.gradle.tooling.model.kotlin.dsl.KotlinDslScriptModel                        : loaded 4 times (x 72B)
Class org.gradle.internal.exceptions.ResolutionProvider                               : loaded 4 times (x 72B)
Class org.gradle.tooling.model.UnsupportedMethodException                             : loaded 4 times (x 84B)
Class org.gradle.tooling.internal.adapter.ProtocolToModelAdapter$SupportedPropertyInvoker: loaded 4 times (x 78B)
Class org.gradle.tooling.internal.adapter.CollectionMapper                            : loaded 4 times (x 75B)
Class kotlin.sequences.TransformingSequence$iterator$1                                : loaded 4 times (x 81B)
Class org.gradle.tooling.internal.adapter.ProtocolToModelAdapter$MixInMappingAction   : loaded 4 times (x 82B)
Class org.gradle.tooling.model.gradle.GradleScript                                    : loaded 4 times (x 72B)
Class com.android.ide.common.repository.AgpVersion$Companion$WhenMappings             : loaded 4 times (x 73B)
Class com.android.builder.model.v2.ide.JavaCompileOptions                             : loaded 4 times (x 72B)
Class kotlin.ranges.IntProgression                                                    : loaded 4 times (x 83B)
Class com.google.common.collect.Lists$RandomAccessReverseList                         : loaded 4 times (x 202B)
Class kotlin.collections.EmptyIterator                                                : loaded 4 times (x 91B)
Class com.android.builder.model.v2.dsl.DependenciesInfo                               : loaded 4 times (x 72B)
Class org.gradle.internal.time.Clock                                                  : loaded 4 times (x 72B)
Class org.gradle.tooling.model.BuildModel                                             : loaded 4 times (x 72B)
Class kotlin.sequences.SequenceBuilderIterator                                        : loaded 4 times (x 87B)
Class com.android.ide.common.gradle.Part                                              : loaded 4 times (x 79B)
Class com.google.common.collect.ByFunctionOrdering                                    : loaded 4 times (x 117B)
Class org.gradle.tooling.internal.gradle.GradleBuildIdentity                          : loaded 4 times (x 72B)
Class com.android.builder.model.v2.ide.TestInfo                                       : loaded 4 times (x 72B)
Class [Lcom.android.builder.model.v2.ide.LibraryType;                                 : loaded 4 times (x 71B)
Class com.android.builder.model.v2.ide.LibraryType                                    : loaded 4 times (x 81B)
Class org.gradle.tooling.internal.adapter.MethodInvoker                               : loaded 4 times (x 72B)
Class kotlin.coroutines.EmptyCoroutineContext                                         : loaded 4 times (x 79B)
Class com.google.common.collect.ExplicitOrdering                                      : loaded 4 times (x 117B)
Class [Lcom.android.builder.model.v2.ide.TestInfo$Execution;                          : loaded 4 times (x 71B)
Class kotlin.io.FilePathComponents                                                    : loaded 4 times (x 74B)
Class com.android.builder.model.v2.dsl.ProductFlavor                                  : loaded 4 times (x 72B)
Class kotlin.ranges.OpenEndRange                                                      : loaded 4 times (x 72B)
Class com.google.common.collect.CompoundOrdering                                      : loaded 4 times (x 117B)
Class kotlin.coroutines.jvm.internal.RestrictedSuspendLambda                          : loaded 4 times (x 93B)
Class org.gradle.tooling.model.kotlin.dsl.KotlinDslScriptsModel                       : loaded 4 times (x 72B)
Class org.gradle.internal.time.TimeSource                                             : loaded 4 times (x 72B)
Class com.android.ide.common.gradle.Version$Companion$ParseState$EMPTY                : loaded 4 times (x 76B)
Class org.gradle.tooling.model.idea.IdeaDependencyScope                               : loaded 4 times (x 72B)
Class kotlin.ranges.IntRange                                                          : loaded 4 times (x 95B)
Class [Lorg.gradle.api.JavaVersion;                                                   : loaded 4 times (x 71B)
Class org.gradle.tooling.internal.adapter.TypeInspector                               : loaded 4 times (x 75B)
Class org.gradle.tooling.internal.adapter.ProtocolToModelAdapter$NoOpDecoration       : loaded 4 times (x 81B)
Class kotlin.Result                                                                   : loaded 4 times (x 74B)
Class org.gradle.tooling.model.Element                                                : loaded 4 times (x 72B)
Class com.android.builder.model.v2.models.VariantDependenciesAdjacencyList            : loaded 4 times (x 72B)
Class org.gradle.tooling.model.build.GradleEnvironment                                : loaded 4 times (x 72B)
Class org.gradle.tooling.internal.adapter.ProtocolToModelAdapter$InvocationHandlerImpl: loaded 4 times (x 79B)
Class kotlin.collections.AbstractList$SubList                                         : loaded 4 times (x 200B)
Class kotlin.jvm.internal.Intrinsics$Kotlin                                           : loaded 4 times (x 73B)
Class com.google.common.collect.LexicographicalOrdering                               : loaded 4 times (x 117B)
Class com.google.common.collect.ForwardingCollection                                  : loaded 4 times (x 132B)
Class com.google.common.collect.Lists$ReverseList$1                                   : loaded 4 times (x 101B)
Class com.android.builder.model.v2.ide.LibraryInfo                                    : loaded 4 times (x 72B)
Class com.android.builder.model.v2.ide.TestInfo$Execution                             : loaded 4 times (x 81B)
Class org.gradle.tooling.internal.adapter.ProtocolToModelAdapter$ViewDecoration       : loaded 4 times (x 72B)
Class org.gradle.tooling.internal.adapter.ProtocolToModelAdapter$1                    : loaded 4 times (x 77B)
Class org.gradle.tooling.GradleConnectionException                                    : loaded 4 times (x 85B)
Class org.gradle.tooling.internal.adapter.ProtocolToModelAdapter                      : loaded 4 times (x 82B)
Class kotlin.text.Regex                                                               : loaded 4 times (x 74B)
Class kotlin.sequences.SequencesKt__SequenceBuilderKt$sequence$$inlined$Sequence$1    : loaded 4 times (x 77B)
Class org.gradle.tooling.model.gradle.GradleBuild                                     : loaded 4 times (x 72B)
Class kotlin.Triple                                                                   : loaded 4 times (x 74B)
Class kotlin.ranges.IntProgression$Companion                                          : loaded 4 times (x 73B)
Class com.android.builder.model.v2.ide.AndroidArtifact                                : loaded 4 times (x 72B)
Class org.gradle.tooling.internal.adapter.TargetTypeProvider                          : loaded 4 times (x 72B)
Class com.android.ide.common.gradle.Separator                                         : loaded 4 times (x 81B)
Class com.android.builder.model.v2.ide.AndroidGradlePluginProjectFlags$BooleanFlag    : loaded 4 times (x 81B)
Class com.google.common.collect.Lists$ReverseList                                     : loaded 4 times (x 202B)
Class org.gradle.internal.time.Time                                                   : loaded 4 times (x 73B)
Class kotlin.sequences.SequencesKt___SequencesKt$sortedWith$1                         : loaded 4 times (x 77B)
Class org.gradle.tooling.internal.adapter.WeakIdentityHashMap                         : loaded 4 times (x 78B)
Class org.jetbrains.kotlin.tooling.core.Extras                                        : loaded 4 times (x 72B)
Class org.gradle.internal.time.DefaultTimer                                           : loaded 4 times (x 82B)
Class org.gradle.tooling.model.ProjectModel                                           : loaded 4 times (x 72B)
Class org.gradle.tooling.model.internal.ImmutableDomainObjectSet                      : loaded 4 times (x 157B)
Class kotlin.coroutines.jvm.internal.DebugProbesKt                                    : loaded 4 times (x 73B)
Class org.gradle.internal.time.MonotonicClock                                         : loaded 4 times (x 79B)
Class kotlin.coroutines.CoroutineContext                                              : loaded 4 times (x 72B)
Class kotlin.coroutines.intrinsics.CoroutineSingletons                                : loaded 4 times (x 81B)
Class kotlin.jvm.internal.markers.KMutableList                                        : loaded 4 times (x 72B)
Class kotlin.text.MatchNamedGroupCollection                                           : loaded 4 times (x 72B)
Class com.google.common.collect.UsingToStringOrdering                                 : loaded 4 times (x 116B)
Class [Lkotlin.Pair;                                                                  : loaded 4 times (x 71B)
Class com.android.builder.model.v2.ide.AaptOptions$Namespacing                        : loaded 4 times (x 81B)
Class com.android.utils.FileUtils                                                     : loaded 4 times (x 73B)
Class [Lcom.android.builder.model.v2.ide.AndroidGradlePluginProjectFlags$BooleanFlag; : loaded 4 times (x 71B)
Class com.android.builder.model.v2.ide.AndroidGradlePluginProjectFlags                : loaded 4 times (x 72B)
Class com.android.builder.model.v2.ide.BasicVariant                                   : loaded 4 times (x 72B)
Class org.gradle.tooling.model.GradleProject                                          : loaded 4 times (x 72B)
Class kotlin.sequences.TransformingSequence                                           : loaded 4 times (x 77B)
Class org.gradle.tooling.internal.adapter.MethodInvocation                            : loaded 4 times (x 87B)
Class kotlin.coroutines.jvm.internal.RestrictedContinuationImpl                       : loaded 4 times (x 89B)
Class org.gradle.util.internal.DefaultGradleVersion$Stage                             : loaded 4 times (x 77B)
Class org.gradle.tooling.internal.adapter.ProtocolToModelAdapter$ViewKey              : loaded 4 times (x 74B)
Class org.gradle.internal.operations.MultipleBuildOperationFailures                   : loaded 4 times (x 97B)
Class com.android.builder.model.v2.dsl.BuildType                                      : loaded 4 times (x 72B)
Class kotlin.ranges.IntProgressionIterator                                            : loaded 4 times (x 84B)
Class kotlin.coroutines.Continuation                                                  : loaded 4 times (x 72B)
Class com.google.common.base.Objects                                                  : loaded 4 times (x 73B)
Class [Lcom.android.builder.model.v2.ide.CodeShrinker;                                : loaded 4 times (x 71B)
Class kotlin.text.CharsKt__CharJVMKt                                                  : loaded 4 times (x 73B)
Class com.android.builder.model.v2.ide.BundleInfo                                     : loaded 4 times (x 72B)
Class org.gradle.internal.time.CountdownTimer                                         : loaded 4 times (x 72B)
Class org.gradle.internal.exceptions.MultiCauseException                              : loaded 4 times (x 72B)
Class kotlin.coroutines.intrinsics.IntrinsicsKt                                       : loaded 4 times (x 73B)
Class kotlin.jvm.internal.markers.KMutableCollection                                  : loaded 4 times (x 72B)
Class com.android.ide.common.gradle.Version$Companion$ParseState$NUMERIC              : loaded 4 times (x 76B)
Class kotlin.collections.EmptyMap                                                     : loaded 4 times (x 110B)
Class kotlin.text.MatcherMatchResult$groups$1                                         : loaded 4 times (x 153B)
Class com.android.builder.model.v2.ide.TestedTargetVariant                            : loaded 4 times (x 72B)
Class com.android.builder.model.v2.ide.SourceProvider                                 : loaded 4 times (x 72B)
Class com.android.builder.model.v2.CustomSourceDirectory                              : loaded 4 times (x 72B)
Class kotlin.coroutines.jvm.internal.BaseContinuationImpl                             : loaded 4 times (x 89B)
Class com.google.common.collect.NullsFirstOrdering                                    : loaded 4 times (x 117B)
Class com.android.ide.common.repository.AgpVersion                                    : loaded 4 times (x 77B)
Class kotlin.jvm.internal.KotlinGenericDeclaration                                    : loaded 4 times (x 72B)
Class kotlin.Result$Companion                                                         : loaded 4 times (x 73B)
Class kotlin.ResultKt                                                                 : loaded 4 times (x 73B)
Class com.android.utils.StringHelper                                                  : loaded 4 times (x 73B)
Class org.gradle.tooling.internal.adapter.ProtocolToModelAdapter$PropertyCachingMethodInvoker: loaded 4 times (x 78B)
Class com.android.ide.common.repository.AgpVersion$PreviewKind                        : loaded 4 times (x 81B)
Class org.gradle.tooling.model.gradle.ProjectPublications                             : loaded 4 times (x 72B)
Class kotlin.ranges.IntRange$Companion                                                : loaded 4 times (x 73B)
Class org.gradle.tooling.internal.adapter.ProtocolToModelAdapter$MethodInvocationCache$MethodInvocationKey: loaded 4 times (x 75B)
Class com.android.builder.model.v2.models.ProjectGraph                                : loaded 4 times (x 72B)
Class com.google.common.collect.ReverseNaturalOrdering                                : loaded 4 times (x 116B)
Class kotlin.text.MatcherMatchResult$groupValues$1                                    : loaded 4 times (x 200B)
Class org.gradle.util.internal.DefaultGradleVersion                                   : loaded 4 times (x 84B)
Class org.gradle.tooling.model.idea.BasicIdeaProject                                  : loaded 4 times (x 72B)
Class kotlin.coroutines.jvm.internal.CoroutineStackFrame                              : loaded 4 times (x 72B)
Class kotlin.coroutines.intrinsics.IntrinsicsKt__IntrinsicsJvmKt                      : loaded 4 times (x 73B)
Class com.google.common.collect.Lists$TransformingRandomAccessList                    : loaded 4 times (x 201B)
Class com.android.builder.model.v2.models.ModelBuilderParameter                       : loaded 4 times (x 72B)
Class kotlin.jvm.internal.StringCompanionObject                                       : loaded 4 times (x 73B)
Class kotlin.jvm.internal.Ref$BooleanRef                                              : loaded 4 times (x 73B)
Class com.google.common.collect.Ordering                                              : loaded 4 times (x 116B)
Class com.android.builder.model.v2.models.VariantDependencies                         : loaded 4 times (x 72B)
Class [Lcom.android.ide.common.repository.AgpVersion$PreviewKind;                     : loaded 4 times (x 71B)
Class kotlin.sequences.SequencesKt___SequencesKt$flatMap$2                            : loaded 4 times (x 131B)
Class kotlin.coroutines.intrinsics.IntrinsicsKt__IntrinsicsKt                         : loaded 4 times (x 73B)
Class [Lkotlin.coroutines.intrinsics.CoroutineSingletons;                             : loaded 4 times (x 71B)
Class kotlin.text.RegexKt                                                             : loaded 4 times (x 73B)
Class com.google.common.collect.ImmutableSortedAsList                                 : loaded 4 times (x 223B)
Class com.android.builder.model.v2.ide.Installation                                   : loaded 4 times (x 72B)
Class org.gradle.util.GradleVersion                                                   : loaded 4 times (x 83B)
Class org.gradle.tooling.internal.adapter.ObjectGraphAdapter                          : loaded 4 times (x 72B)
Class com.android.ide.common.repository.AgpVersion$PreviewKind$Companion              : loaded 4 times (x 73B)
Class com.android.builder.model.v2.models.ProjectSyncIssues                           : loaded 4 times (x 72B)
Class com.android.builder.model.v2.models.AndroidDsl                                  : loaded 4 times (x 72B)
Class org.gradle.tooling.internal.gradle.DefaultProjectIdentifier                     : loaded 4 times (x 88B)
Class kotlin.Result$Failure                                                           : loaded 4 times (x 74B)
Class [Lcom.android.builder.model.v2.ide.ProjectType;                                 : loaded 4 times (x 71B)
Class kotlin.jvm.internal.markers.KMutableIterable                                    : loaded 4 times (x 72B)
Class org.gradle.internal.time.DefaultCountdownTimer                                  : loaded 4 times (x 90B)
Class org.gradle.tooling.internal.adapter.ProtocolToModelAdapter$DefaultViewBuilder   : loaded 4 times (x 82B)
Class kotlin.coroutines.jvm.internal.SuspendFunction                                  : loaded 4 times (x 72B)
Class com.android.builder.model.v2.models.ndk.NativeModule                            : loaded 4 times (x 72B)
Class com.android.ide.common.gradle.Numeric                                           : loaded 4 times (x 79B)
Class com.android.ide.common.gradle.Version$Companion$ParseState                      : loaded 4 times (x 72B)
Class [Lcom.android.builder.model.v2.ide.AaptOptions$Namespacing;                     : loaded 4 times (x 71B)
Class org.gradle.tooling.internal.adapter.ProtocolToModelAdapter$ViewGraphDetails$1   : loaded 4 times (x 79B)
Class com.google.common.collect.Iterators$PeekingImpl                                 : loaded 4 times (x 87B)
Class com.google.common.collect.ComparatorOrdering                                    : loaded 4 times (x 117B)
Class org.gradle.tooling.internal.adapter.ProtocolToModelAdapter$MethodInvocationCache: loaded 4 times (x 75B)
Class com.android.builder.model.v2.models.Versions                                    : loaded 4 times (x 72B)
Class org.jetbrains.kotlin.tooling.core.HasMutableExtras                              : loaded 4 times (x 72B)
Class kotlin.text.Regex$Companion                                                     : loaded 4 times (x 73B)
Class com.android.builder.model.v2.ide.ArtifactDependenciesAdjacencyList              : loaded 4 times (x 72B)
Class com.android.builder.model.v2.ide.Library                                        : loaded 4 times (x 72B)
Class kotlin.Metadata                                                                 : loaded 4 times (x 72B)
Class com.google.common.collect.NullsLastOrdering                                     : loaded 4 times (x 117B)
Class kotlin.text.MatchResult$Destructured                                            : loaded 4 times (x 74B)
Class com.android.builder.model.v2.ide.BasicArtifact                                  : loaded 4 times (x 72B)
Class com.android.builder.model.v2.ide.SyncIssue                                      : loaded 4 times (x 72B)
Class com.android.ide.common.repository.AgpVersion$Companion                          : loaded 4 times (x 73B)
Class kotlin.sequences.FlatteningSequence$iterator$1                                  : loaded 4 times (x 81B)
Class org.gradle.tooling.model.DomainObjectSet                                        : loaded 4 times (x 72B)
Class org.gradle.tooling.model.idea.IdeaProject                                       : loaded 4 times (x 72B)
Class org.gradle.tooling.internal.adapter.ProtocolToModelAdapter$ViewGraphDetails     : loaded 4 times (x 74B)
Class org.gradle.tooling.model.eclipse.EclipseProject                                 : loaded 4 times (x 72B)
Class org.gradle.tooling.model.idea.IdeaDependency                                    : loaded 4 times (x 72B)
Class org.gradle.tooling.model.Model                                                  : loaded 4 times (x 72B)
Class org.gradle.tooling.internal.adapter.ProtocolToModelAdapter$AdaptingMethodInvoker: loaded 4 times (x 78B)
Class org.gradle.tooling.internal.gradle.DefaultBuildIdentifier                       : loaded 4 times (x 81B)
Class com.android.builder.model.v2.ide.Variant                                        : loaded 4 times (x 72B)
Class [Lcom.android.ide.common.gradle.Separator;                                      : loaded 4 times (x 71B)
Class com.google.common.collect.NaturalOrdering                                       : loaded 4 times (x 117B)
Class org.gradle.tooling.model.BuildIdentifier                                        : loaded 4 times (x 72B)
Class com.android.ide.common.gradle.Version$Companion                                 : loaded 4 times (x 73B)
Class [Lcom.android.builder.model.v2.ide.BytecodeTransformation;                      : loaded 4 times (x 71B)
Class com.android.builder.model.v2.ide.AaptOptions                                    : loaded 4 times (x 72B)
Class kotlin.collections.AbstractMutableList                                          : loaded 4 times (x 208B)
Class kotlin.text.MatchResult                                                         : loaded 4 times (x 72B)
Class com.google.common.collect.AllEqualOrdering                                      : loaded 4 times (x 116B)
Class com.android.builder.model.v2.models.BasicAndroidProject                         : loaded 4 times (x 72B)
Class kotlin.sequences.SequenceScope                                                  : loaded 4 times (x 75B)
Class org.gradle.tooling.ToolingModelContract                                         : loaded 4 times (x 72B)
Class com.android.builder.model.v2.ide.AbstractArtifact                               : loaded 4 times (x 72B)
Class kotlin.coroutines.jvm.internal.SpillingKt                                       : loaded 4 times (x 73B)
Class com.android.builder.model.v2.models.ndk.NativeModelBuilderParameter             : loaded 4 times (x 72B)
Class kotlin.KotlinNothingValueException                                              : loaded 4 times (x 84B)
Class com.android.builder.model.v2.ide.LintOptions                                    : loaded 4 times (x 72B)
Class kotlin.collections.ArrayDeque                                                   : loaded 4 times (x 209B)
Class kotlin.collections.CollectionsKt___CollectionsKt$asSequence$$inlined$Sequence$1 : loaded 4 times (x 77B)
Class org.gradle.tooling.internal.adapter.ProtocolToModelAdapter$ReflectionMethodInvoker: loaded 4 times (x 78B)
Class org.gradle.internal.time.Timer                                                  : loaded 4 times (x 72B)
Class com.android.builder.model.v2.AndroidModel                                       : loaded 4 times (x 72B)
Class com.android.builder.model.v2.models.AndroidProject                              : loaded 4 times (x 72B)
Class com.android.builder.model.v2.dsl.SigningConfig                                  : loaded 4 times (x 72B)
Class com.android.builder.model.v2.ide.SourceSetContainer                             : loaded 4 times (x 72B)
Class org.gradle.tooling.internal.adapter.WeakIdentityHashMap$AbsentValueProvider     : loaded 4 times (x 72B)
Class kotlin.jvm.functions.Function4                                                  : loaded 4 times (x 72B)
Class kotlin.sequences.DistinctIterator                                               : loaded 4 times (x 85B)
Class kotlin.annotation.Target                                                        : loaded 4 times (x 72B)
Class org.gradle.tooling.model.build.JavaEnvironment                                  : loaded 4 times (x 72B)
Class com.google.common.base.ExtraObjectsMethodsForWeb                                : loaded 4 times (x 73B)
Class com.android.builder.model.v2.models.VariantDependenciesFlatList                 : loaded 4 times (x 72B)
Class kotlin.collections.IntIterator                                                  : loaded 4 times (x 84B)
Class com.google.common.collect.ReverseOrdering                                       : loaded 4 times (x 117B)
Class org.gradle.internal.exceptions.NonGradleCauseExceptionsHolder                   : loaded 4 times (x 72B)
Class org.gradle.tooling.model.idea.IdeaModuleDependency                              : loaded 4 times (x 72B)
Class org.gradle.tooling.internal.adapter.ViewBuilder                                 : loaded 4 times (x 72B)
Class com.android.builder.model.v2.ide.Edge                                           : loaded 4 times (x 72B)
Class com.android.ide.common.gradle.Version                                           : loaded 4 times (x 77B)
Class com.android.builder.model.v2.ide.VectorDrawablesOptions                         : loaded 4 times (x 72B)
Class com.android.builder.model.v2.ide.AndroidLibraryData                             : loaded 4 times (x 72B)
Class com.google.common.collect.Multimap                                              : loaded 4 times (x 72B)
Class com.android.builder.model.v2.ide.JavaArtifact                                   : loaded 4 times (x 72B)
Class kotlin.ranges.ClosedRange                                                       : loaded 4 times (x 72B)
Class com.android.builder.model.v2.ide.ApiVersion                                     : loaded 4 times (x 72B)
Class kotlin.annotation.Retention                                                     : loaded 4 times (x 72B)
Class org.gradle.tooling.model.eclipse.HierarchicalEclipseProject                     : loaded 4 times (x 72B)
Class org.gradle.tooling.internal.gradle.GradleProjectIdentity                        : loaded 4 times (x 72B)
Class org.gradle.api.JavaVersion                                                      : loaded 4 times (x 81B)
Class org.gradle.tooling.model.Dependency                                             : loaded 4 times (x 72B)
Class com.android.builder.model.v2.models.Versions$Version                            : loaded 4 times (x 72B)
Class org.gradle.tooling.model.BuildableElement                                       : loaded 4 times (x 72B)
Class org.gradle.tooling.model.HasGradleProject                                       : loaded 4 times (x 72B)
Class com.android.builder.model.v2.ide.ProjectType                                    : loaded 4 times (x 81B)
Class com.google.gson.FieldNamingPolicy$3                                             : loaded 3 times (x 87B)
Class com.google.gson.internal.bind.TypeAdapters$23                                   : loaded 3 times (x 77B)
Class org.jetbrains.kotlin.idea.gradleTooling.IdeaKotlinDependenciesContainer         : loaded 3 times (x 72B)
Class org.gradle.tooling.internal.consumer.converters.EclipseExternalDependencyUnresolvedMixin: loaded 3 times (x 75B)
Class org.jetbrains.plugins.gradle.model.ProjectImportModelProvider$GradleModelConsumer$1: loaded 3 times (x 79B)
Class com.android.tools.idea.gradle.project.sync.ModelCacheKt                         : loaded 3 times (x 73B)
Class com.android.tools.idea.gradle.project.sync.AndroidExtraModelProviderKt$flattenDag$2: loaded 3 times (x 97B)
Class com.android.builder.model.Variant                                               : loaded 3 times (x 72B)
Class com.android.tools.idea.gradle.project.sync.SyncActionRunnerKt                   : loaded 3 times (x 73B)
Class com.intellij.gradle.toolingExtension.impl.modelAction.GradleDaemonModelHolder$ConvertedModel: loaded 3 times (x 74B)
Class org.gradle.tooling.internal.adapter.ProtocolToModelAdapter$BeanMixInMethodInvoker: loaded 3 times (x 78B)
Class [Lcom.google.gson.ToNumberPolicy;                                               : loaded 3 times (x 71B)
Class com.google.gson.ToNumberPolicy                                                  : loaded 3 times (x 85B)
Class org.gradle.tooling.internal.consumer.versioning.VersionDetails$R35VersionDetails: loaded 3 times (x 82B)
Class com.intellij.gradle.toolingExtension.impl.modelAction.GradleModelId             : loaded 3 times (x 74B)
Class com.android.tools.idea.gradle.model.IdeVariantBuildInformation                  : loaded 3 times (x 72B)
Class org.gradle.tooling.internal.adapter.ProtocolToModelAdapter$TypeSpecificMappingAction: loaded 3 times (x 83B)
Class org.gradle.tooling.model.eclipse.EclipseExternalDependency                      : loaded 3 times (x 72B)
Class org.gradle.tooling.internal.consumer.versioning.VersionDetails$R44VersionDetails: loaded 3 times (x 82B)
Class com.android.builder.model.v2.ide.JUnitEngineInfo                                : loaded 3 times (x 72B)
Class org.jetbrains.kotlin.idea.projectModel.KotlinPlatform                           : loaded 3 times (x 81B)
Class com.android.tools.idea.gradle.project.sync.AndroidModule$V2                     : loaded 3 times (x 90B)
Class com.android.tools.idea.gradle.model.IdeApiVersion                               : loaded 3 times (x 72B)
Class com.google.gson.ToNumberPolicy$1                                                : loaded 3 times (x 85B)
Class org.jetbrains.plugins.gradle.tooling.serialization.internal.IdeaProjectSerializationService$JavaHomePathGetter: loaded 3 times (x 77B)
Class [Lcom.google.gson.FieldNamingStrategy;                                          : loaded 3 times (x 71B)
Class com.android.tools.idea.gradle.project.sync.ModelCacheV2ImplKt$modelCacheV2Impl$createFromDependencies$1$LibrariesByType: loaded 3 times (x 74B)
Class com.android.tools.idea.gradle.project.sync.ArtifactDependenciesCompat$AdjacencyList: loaded 3 times (x 74B)
Class org.gradle.tooling.model.kotlin.dsl.EditorReportSeverity                        : loaded 3 times (x 81B)
Class com.google.common.collect.SortedLists$KeyPresentBehavior$1                      : loaded 3 times (x 82B)
Class com.android.builder.model.ProjectSyncIssues                                     : loaded 3 times (x 72B)
Class com.android.tools.idea.projectsystem.gradle.sync.Counter                        : loaded 3 times (x 74B)
Class com.google.gson.internal.Excluder                                               : loaded 3 times (x 77B)
Class com.intellij.gradle.toolingExtension.impl.modelSerialization.SerializationServiceNotFoundException: loaded 3 times (x 84B)
Class com.android.tools.idea.gradle.model.IdeAndroidLibraryImplKt                     : loaded 3 times (x 73B)
Class org.gradle.tooling.internal.consumer.connection.UnparameterizedBuildController  : loaded 3 times (x 114B)
Class com.google.gson.internal.bind.TypeAdapters$24                                   : loaded 3 times (x 77B)
Class com.android.tools.idea.gradle.model.IdeAaptOptions$Namespacing                  : loaded 3 times (x 81B)
Class com.google.gson.FieldNamingPolicy$4                                             : loaded 3 times (x 87B)
Class com.android.tools.idea.gradle.project.sync.AndroidProjectResult$Companion       : loaded 3 times (x 73B)
Class com.android.tools.idea.gradle.model.IdeArtifactLibrary                          : loaded 3 times (x 72B)
Class com.android.tools.idea.gradle.model.impl.IdeApiVersionImpl                      : loaded 3 times (x 79B)
Class com.google.gson.internal.Excluder$1                                             : loaded 3 times (x 76B)
Class com.google.gson.FieldNamingPolicy$2                                             : loaded 3 times (x 87B)
Class com.google.gson.internal.bind.TypeAdapters$22                                   : loaded 3 times (x 77B)
Class com.android.tools.idea.gradle.project.sync.IdeAndroidModels                     : loaded 3 times (x 74B)
Class com.android.tools.idea.gradle.model.IdeAndroidArtifactCore                      : loaded 3 times (x 72B)
Class com.android.tools.idea.gradle.model.IdeAndroidLibraryImpl$Companion             : loaded 3 times (x 73B)
Class com.android.tools.idea.gradle.model.impl.IdeLintOptionsImpl                     : loaded 3 times (x 105B)
Class com.android.tools.idea.gradle.model.IdeSourceProviderContainer                  : loaded 3 times (x 72B)
Class com.google.common.collect.SortedLists$KeyPresentBehavior$2                      : loaded 3 times (x 82B)
Class com.android.tools.idea.gradle.model.impl.IdeBasicVariantImpl                    : loaded 3 times (x 81B)
Class com.android.tools.idea.gradle.project.sync.DeliverableGradleModule$ModelConsumer: loaded 3 times (x 74B)
Class org.jetbrains.plugins.gradle.model.GradleLightBuild                             : loaded 3 times (x 72B)
Class org.jetbrains.plugins.gradle.model.DefaultGradleLightProject                    : loaded 3 times (x 86B)
Class org.gradle.tooling.model.Launchable                                             : loaded 3 times (x 72B)
Class com.android.tools.idea.gradle.model.IdeVariantHeader                            : loaded 3 times (x 72B)
Class org.gradle.tooling.model.cpp.CppComponent                                       : loaded 3 times (x 72B)
Class com.android.tools.idea.gradle.project.sync.AndroidModule$V1                     : loaded 3 times (x 90B)
Class com.intellij.openapi.util.SystemInfoRt                                          : loaded 3 times (x 73B)
Class org.gradle.tooling.model.build.BuildEnvironment                                 : loaded 3 times (x 72B)
Class com.intellij.gradle.toolingExtension.impl.model.sourceSetModel.GradleSourceSetModelProvider: loaded 3 times (x 81B)
Class com.google.gson.internal.ReflectionAccessFilterHelper                           : loaded 3 times (x 73B)
Class com.google.gson.internal.reflect.ReflectionHelper$RecordHelper                  : loaded 3 times (x 77B)
Class com.intellij.openapi.diagnostic.Logger                                          : loaded 3 times (x 101B)
Class com.android.tools.idea.gradle.project.sync.LibraryIdentity$LibraryIdentityProvider$special$$inlined$thenBy$1: loaded 3 times (x 92B)
Class com.google.gson.ToNumberPolicy$2                                                : loaded 3 times (x 85B)
Class com.android.tools.idea.gradle.project.sync.AndroidProjectResult$V2Project       : loaded 3 times (x 79B)
Class com.android.tools.idea.gradle.project.sync.DeliverableAndroidModule             : loaded 3 times (x 78B)
Class com.android.tools.idea.gradle.project.sync.VariantSelectionKt                   : loaded 3 times (x 73B)
Class org.jetbrains.plugins.gradle.tooling.serialization.internal.IdeaProjectSerializationService$TargetBytecodeVersionGetter: loaded 3 times (x 77B)
Class com.google.gson.FieldNamingPolicy$1                                             : loaded 3 times (x 87B)
Class com.google.gson.internal.bind.TypeAdapters$21                                   : loaded 3 times (x 77B)
Class com.android.tools.idea.gradle.project.sync.SyncProjectActionWorker$populateAndroidModels$3$1: loaded 3 times (x 131B)
Class [Lcom.android.tools.idea.gradle.model.IdeTestOptions$Execution;                 : loaded 3 times (x 71B)
Class com.android.tools.idea.gradle.model.ndk.v2.IdeNativeModule                      : loaded 3 times (x 72B)
Class com.android.builder.model.v2.models.AssetsTestSuiteSource                       : loaded 3 times (x 72B)
Class com.android.tools.idea.gradle.project.sync.ModelCacheV1ImplKt                   : loaded 3 times (x 73B)
Class [Lcom.android.tools.idea.gradle.model.impl.IdeModuleWellKnownSourceSet;         : loaded 3 times (x 71B)
Class com.android.tools.idea.gradle.model.IdeUnresolvedArtifactLibrary                : loaded 3 times (x 72B)
Class com.android.tools.idea.gradle.model.IdeBuildTasksAndOutputInformation           : loaded 3 times (x 72B)
Class com.android.builder.model.v2.models.HostJarTestSuiteSource                      : loaded 3 times (x 72B)
Class com.google.common.collect.SortedLists$KeyPresentBehavior$3                      : loaded 3 times (x 82B)
Class [Lcom.android.tools.idea.gradle.model.IdeAndroidProjectType;                    : loaded 3 times (x 71B)
Class com.android.tools.idea.gradle.project.sync.ModelResult$Context                  : loaded 3 times (x 72B)
Class com.android.tools.idea.gradle.project.sync.BasicIncompleteGradleModule          : loaded 3 times (x 75B)
Class org.gradle.internal.impldep.com.google.common.base.Present                      : loaded 3 times (x 83B)
Class com.intellij.openapi.util.io.FileUtilRt$RepeatableIOOperation                   : loaded 3 times (x 72B)
Class org.gradle.tooling.internal.consumer.versioning.ModelMapping$DefaultModelIdentifier: loaded 3 times (x 78B)
Class org.gradle.tooling.internal.consumer.connection.HasCompatibilityMapping         : loaded 3 times (x 75B)
Class com.android.tools.idea.gradle.project.sync.ModelCacheV2ImplKt$modelCacheV2Impl$variantCoreFrom$15: loaded 3 times (x 131B)
Class com.google.gson.internal.bind.ArrayTypeAdapter$1                                : loaded 3 times (x 77B)
Class com.google.gson.internal.bind.JsonTreeWriter                                    : loaded 3 times (x 100B)
Class com.android.tools.idea.gradle.project.sync.ModelProviderCachedData              : loaded 3 times (x 74B)
Class com.android.tools.idea.gradle.project.sync.SyncTestMode                         : loaded 3 times (x 81B)
Class com.android.tools.idea.gradle.model.impl.IdeViewBindingOptionsImpl              : loaded 3 times (x 76B)
Class com.android.tools.idea.gradle.project.sync.ModelCacheV2ImplKt$modelCacheV2Impl$createFromDependencies$1$LibraryWithDependencies: loaded 3 times (x 74B)
Class org.jetbrains.plugins.gradle.model.ExternalSourceDirectorySet                   : loaded 3 times (x 72B)
Class org.jetbrains.kotlin.idea.gradleTooling.KotlinDslScriptModelProvider            : loaded 3 times (x 80B)
Class com.android.tools.idea.gradle.project.sync.ModelCacheV2ImplKt$modelCacheV2Impl$variantCoreFrom$12: loaded 3 times (x 131B)
Class com.android.tools.idea.gradle.project.sync.ModelResult$Companion                : loaded 3 times (x 73B)
Class com.android.tools.idea.gradle.project.sync.AndroidProjectResultKt               : loaded 3 times (x 73B)
Class com.google.gson.internal.bind.TypeAdapters$20                                   : loaded 3 times (x 77B)
Class org.gradle.tooling.BuildController                                              : loaded 3 times (x 72B)
Class com.android.tools.idea.gradle.project.sync.SyncProjectActionOptions             : loaded 3 times (x 75B)
Class com.android.tools.idea.gradle.project.sync.ModuleConfiguration                  : loaded 3 times (x 74B)
Class org.gradle.tooling.internal.consumer.connection.InternalBuildActionAdapter      : loaded 3 times (x 82B)
Class com.google.gson.internal.bind.ReflectiveTypeAdapterFactory$FieldsData           : loaded 3 times (x 74B)
Class com.android.tools.idea.gradle.model.impl.IdeDependenciesCoreDirect              : loaded 3 times (x 81B)
Class com.android.tools.idea.gradle.project.sync.AgpVersionTooNew                     : loaded 3 times (x 84B)
Class com.google.gson.ToNumberPolicy$3                                                : loaded 3 times (x 85B)
Class Build_gradle                                                                    : loaded 3 times (x 128B)
Class com.android.tools.idea.gradle.project.sync.AndroidExtraModelProvider            : loaded 3 times (x 81B)
Class com.android.tools.idea.projectsystem.gradle.sync.PerformanceMeasurementUtilKt   : loaded 3 times (x 73B)
Class com.android.tools.idea.gradle.project.sync.AllKotlinModels                      : loaded 3 times (x 74B)
Class org.gradle.tooling.internal.consumer.connection.StreamingAwareBuildControllerAdapter: loaded 3 times (x 114B)
Class org.gradle.tooling.internal.consumer.versioning.VersionDetails$R48VersionDetails: loaded 3 times (x 82B)
Class com.android.tools.idea.gradle.project.sync.SwitchVariantRequest                 : loaded 3 times (x 74B)
Class com.google.common.collect.SortedLists                                           : loaded 3 times (x 73B)
Class [Lcom.google.common.collect.SortedLists$KeyPresentBehavior;                     : loaded 3 times (x 71B)
Class com.android.tools.idea.gradle.project.sync.ModelVersions                        : loaded 3 times (x 74B)
Class com.google.common.collect.SortedLists$KeyPresentBehavior$4                      : loaded 3 times (x 82B)
Class com.google.common.collect.Cut$AboveValue                                        : loaded 3 times (x 90B)
Class com.android.tools.idea.gradle.project.upgrade.AndroidGradlePluginCompatibility  : loaded 3 times (x 81B)
Class com.android.tools.idea.gradle.project.sync.BasicModulesKt                       : loaded 3 times (x 73B)
Class com.android.tools.idea.gradle.model.impl.IdeSourceProviderContainerImpl         : loaded 3 times (x 78B)
Class com.intellij.util.containers.UtilKt                                             : loaded 3 times (x 73B)
Class com.android.tools.idea.gradle.model.IdeAndroidProjectType                       : loaded 3 times (x 81B)
Class com.android.tools.idea.gradle.project.sync.BuildModelsAndMap                    : loaded 3 times (x 74B)
Class org.gradle.tooling.model.idea.IdeaJavaLanguageSettings                          : loaded 3 times (x 72B)
Class com.google.gson.internal.sql.SqlTimeTypeAdapter                                 : loaded 3 times (x 76B)
Class com.android.builder.model.v2.models.BasicTestSuite                              : loaded 3 times (x 72B)
Class org.jetbrains.plugins.gradle.tooling.serialization.internal.adapter.kotlin.dsl.InternalKotlinDslScriptsModel: loaded 3 times (x 78B)
Class com.android.builder.model.v2.ide.UnresolvedDependency                           : loaded 3 times (x 72B)
Class com.android.tools.idea.gradle.model.IdeTestOptions$Execution                    : loaded 3 times (x 81B)
Class com.android.builder.model.v2.ide.TestSuiteVariantTarget                         : loaded 3 times (x 72B)
Class com.google.gson.FieldNamingStrategy                                             : loaded 3 times (x 72B)
Class org.jetbrains.plugins.gradle.tooling.serialization.internal.adapter.kotlin.dsl.InternalKotlinDslScriptModel: loaded 3 times (x 86B)
Class com.google.gson.JsonArray                                                       : loaded 3 times (x 102B)
Class com.google.common.collect.ComparisonChain$1                                     : loaded 3 times (x 83B)
Class [Lcom.android.tools.idea.gradle.model.IdeAaptOptions$Namespacing;               : loaded 3 times (x 71B)
Class com.android.tools.idea.gradle.model.impl.IdeDependencyCoreImpl                  : loaded 3 times (x 78B)
Class com.android.builder.model.AndroidProject                                        : loaded 3 times (x 72B)
Class com.google.gson.internal.bind.TreeTypeAdapter                                   : loaded 3 times (x 77B)
Class com.intellij.openapi.util.Pair                                                  : loaded 3 times (x 74B)
Class com.intellij.openapi.util.Comparing                                             : loaded 3 times (x 73B)
Class com.google.gson.internal.bind.TypeAdapters$25                                   : loaded 3 times (x 77B)
Class com.google.gson.FieldNamingPolicy$5                                             : loaded 3 times (x 87B)
Class com.android.tools.idea.gradle.model.IdeAndroidProject                           : loaded 3 times (x 72B)
Class com.google.gson.internal.bind.NumberTypeAdapter                                 : loaded 3 times (x 76B)
Class com.android.tools.idea.gradle.model.IdeUnresolvedUnknownLibrary                 : loaded 3 times (x 72B)
Class com.intellij.openapi.util.io.FileUtil$2                                         : loaded 3 times (x 84B)
Class com.google.common.collect.TreeRangeSet                                          : loaded 3 times (x 117B)
Class com.android.tools.idea.gradle.project.sync.IndexedModels                        : loaded 3 times (x 74B)
Class org.jetbrains.plugins.gradle.tooling.util.ClassMap                              : loaded 3 times (x 74B)
Class com.android.tools.idea.gradle.project.sync.DefaultVariantsKt$getDefaultVariant$$inlined$thenBy$2: loaded 3 times (x 92B)
Class [Lcom.intellij.openapi.diagnostic.LogLevel;                                     : loaded 3 times (x 71B)
Class com.android.tools.idea.gradle.model.impl.IdeAndroidGradlePluginProjectFlagsImpl : loaded 3 times (x 89B)
Class com.android.tools.idea.gradle.model.IdeSourceProviderKt                         : loaded 3 times (x 73B)
Class com.google.gson.internal.ObjectConstructor                                      : loaded 3 times (x 72B)
Class com.android.tools.idea.gradle.model.impl.IdeAndroidProjectImpl                  : loaded 3 times (x 109B)
Class com.android.tools.idea.gradle.project.sync.ActionToRun                          : loaded 3 times (x 74B)
Class org.gradle.internal.impldep.com.google.common.base.Optional                     : loaded 3 times (x 82B)
Class org.gradle.tooling.model.eclipse.EclipseClasspathEntry                          : loaded 3 times (x 72B)
Class com.android.tools.idea.gradle.project.sync.VariantDiscovery                     : loaded 3 times (x 74B)
Class com.android.tools.idea.gradle.project.sync.AndroidExtraModelProviderWorkerKt    : loaded 3 times (x 73B)
Class org.jetbrains.kotlin.gradle.idea.kpm.IdeaKpmProjectContainer                    : loaded 3 times (x 72B)
Class com.google.gson.internal.bind.ReflectiveTypeAdapterFactory                      : loaded 3 times (x 77B)
Class com.google.gson.internal.sql.SqlTimestampTypeAdapter                            : loaded 3 times (x 78B)
Class com.android.tools.idea.gradle.project.sync.DependencyGraphCompat                : loaded 3 times (x 73B)
Class com.google.common.collect.Cut$BelowAll                                          : loaded 3 times (x 90B)
Class com.android.builder.model.v2.dsl.ClassField                                     : loaded 3 times (x 72B)
Class org.gradle.tooling.internal.adapter.ProtocolToModelAdapter$ChainedMethodInvoker : loaded 3 times (x 78B)
Class com.android.tools.idea.gradle.project.sync.DefaultVariantsKt$getDefaultVariant$$inlined$compareBy$1: loaded 3 times (x 92B)
Class com.intellij.gradle.toolingExtension.impl.modelSerialization.ToolingSerializer  : loaded 3 times (x 74B)
Class org.gradle.tooling.model.java.InstalledJdk                                      : loaded 3 times (x 72B)
Class com.intellij.openapi.diagnostic.Logger$Factory                                  : loaded 3 times (x 72B)
Class com.google.gson.ToNumberPolicy$4                                                : loaded 3 times (x 85B)
Class com.android.tools.idea.gradle.project.sync.VariantAssetSourceProviderContext    : loaded 3 times (x 74B)
Class com.android.tools.idea.gradle.model.IdeLintOptions                              : loaded 3 times (x 72B)
Class com.android.tools.idea.gradle.project.sync.VariantNameResolutionKt              : loaded 3 times (x 73B)
Class com.android.ide.common.gradle.Component$Companion                               : loaded 3 times (x 73B)
Class com.android.tools.idea.gradle.model.impl.IdeTestOptionsImpl                     : loaded 3 times (x 79B)
Class com.android.ide.common.repository.AgpVersion$PreviewKind$WhenMappings           : loaded 3 times (x 73B)
Class com.android.tools.idea.gradle.model.impl.IdeModuleSourceSet                     : loaded 3 times (x 72B)
Class org.jetbrains.plugins.gradle.tooling.serialization.internal.IdeaProjectSerializationService$ResourceDirectoriesGetter: loaded 3 times (x 77B)
Class com.android.tools.idea.gradle.project.sync.AndroidExtraModelProviderWorker      : loaded 3 times (x 74B)
Class com.google.gson.FieldNamingPolicy                                               : loaded 3 times (x 87B)
Class org.gradle.tooling.model.Task                                                   : loaded 3 times (x 72B)
Class com.google.gson.FormattingStyle                                                 : loaded 3 times (x 80B)
Class com.intellij.gradle.toolingExtension.modelAction.GradleModelFetchPhase          : loaded 3 times (x 72B)
Class com.google.gson.internal.sql.SqlDateTypeAdapter$1                               : loaded 3 times (x 77B)
Class com.intellij.openapi.util.io.FileUtil$1                                         : loaded 3 times (x 79B)
Class com.google.gson.internal.bind.TypeAdapters                                      : loaded 3 times (x 73B)
Class org.jetbrains.kotlin.idea.projectModel.KotlinSwiftExportModel                   : loaded 3 times (x 72B)
Class org.gradle.tooling.internal.consumer.converters.ConsumerTargetTypeProvider      : loaded 3 times (x 78B)
Class org.jetbrains.plugins.gradle.tooling.serialization.internal.IdeaProjectSerializationService$JdkGetter: loaded 3 times (x 77B)
Class com.android.tools.idea.gradle.model.IdeArtifactName                             : loaded 3 times (x 81B)
Class com.android.tools.idea.gradle.model.IdeJavaArtifactCore                         : loaded 3 times (x 72B)
Class com.android.tools.idea.gradle.project.sync.DefaultVariantsKt                    : loaded 3 times (x 73B)
Class [Lcom.google.common.collect.SortedLists$KeyAbsentBehavior;                      : loaded 3 times (x 71B)
Class org.jetbrains.kotlin.idea.projectModel.ExtraFeatures                            : loaded 3 times (x 72B)
Class [Lcom.android.tools.idea.gradle.project.sync.MeasurementCheckpoint;             : loaded 3 times (x 71B)
Class io.opentelemetry.context.ContextExecutorService                                 : loaded 3 times (x 106B)
Class com.google.common.collect.Cut$BelowValue                                        : loaded 3 times (x 90B)
Class com.google.gson.internal.bind.ArrayTypeAdapter                                  : loaded 3 times (x 76B)
Class com.google.gson.internal.bind.TypeAdapters$26                                   : loaded 3 times (x 77B)
Class [Lcom.android.tools.idea.gradle.project.sync.SyncTestMode;                      : loaded 3 times (x 71B)
Class com.intellij.gradle.toolingExtension.impl.modelSerialization.ToolingSerializerConverter: loaded 3 times (x 75B)
Class org.jetbrains.plugins.gradle.tooling.serialization.internal.IdeaProjectSerializationService$8: loaded 3 times (x 78B)
Class com.google.gson.internal.bind.CollectionTypeAdapterFactory                      : loaded 3 times (x 77B)
Class com.android.tools.idea.gradle.project.sync.AndroidExtraModelProviderImpl        : loaded 3 times (x 74B)
Class com.google.gson.FieldNamingPolicy$6                                             : loaded 3 times (x 87B)
Class com.android.tools.idea.gradle.project.sync.JavaModule                           : loaded 3 times (x 80B)
Class com.android.tools.idea.gradle.project.sync.DefaultVariantsKt$getDefaultVariant$$inlined$thenBy$1: loaded 3 times (x 92B)
Class org.gradle.tooling.model.idea.IdeaContentRoot                                   : loaded 3 times (x 72B)
Class com.intellij.gradle.toolingExtension.impl.modelAction.GradleDaemonModelHolder$1 : loaded 3 times (x 80B)
Class com.android.builder.model.v2.models.TestSuiteDependenciesAdjacencyList          : loaded 3 times (x 72B)
Class com.google.common.collect.SortedLists$KeyAbsentBehavior$3                       : loaded 3 times (x 82B)
Class com.android.builder.model.v2.ide.TestSuiteArtifact                              : loaded 3 times (x 72B)
Class com.android.tools.idea.gradle.model.impl.IdeBuildTasksAndOutputInformationImpl  : loaded 3 times (x 82B)
Class com.android.tools.idea.gradle.model.IdeMultiVariantData                         : loaded 3 times (x 72B)
Class com.intellij.openapi.util.io.FileUtil                                           : loaded 3 times (x 73B)
Class com.android.tools.idea.gradle.project.sync.DeliverableJavaModule                : loaded 3 times (x 78B)
Class org.jetbrains.plugins.gradle.tooling.serialization.internal.IdeaProjectSerializationService$7: loaded 3 times (x 78B)
Class com.google.gson.JsonElement                                                     : loaded 3 times (x 94B)
Class [Lcom.google.gson.ReflectionAccessFilter$FilterResult;                          : loaded 3 times (x 71B)
Class com.intellij.gradle.toolingExtension.modelProvider.GradleClassBuildModelProvider: loaded 3 times (x 82B)
Class com.android.tools.idea.gradle.project.sync.StandaloneDeliverableModel           : loaded 3 times (x 77B)
Class com.android.tools.idea.gradle.project.sync.NativeVariantAbiResult               : loaded 3 times (x 73B)
Class com.android.tools.idea.gradle.model.IdeUnresolvedJavaLibrary                    : loaded 3 times (x 72B)
Class com.android.tools.idea.gradle.model.impl.IdeMultiVariantDataImpl                : loaded 3 times (x 79B)
Class com.android.tools.idea.gradle.project.sync.AndroidProjectResult$Companion$RuntimeClasspathBehaviour: loaded 3 times (x 73B)
Class [Lcom.android.tools.idea.gradle.model.impl.IdeModuleSourceSet;                  : loaded 3 times (x 71B)
Class com.android.tools.idea.gradle.project.sync.BuildTypeDef                         : loaded 3 times (x 74B)
Class com.android.tools.idea.gradle.project.sync.IdeModelFactoryV2                    : loaded 3 times (x 74B)
Class com.google.common.collect.SortedLists$KeyPresentBehavior$5                      : loaded 3 times (x 82B)
Class com.google.common.collect.ComparisonChain$InactiveComparisonChain               : loaded 3 times (x 82B)
Class org.gradle.tooling.internal.consumer.connection.FetchAwareBuildControllerAdapter: loaded 3 times (x 114B)
Class com.google.gson.internal.bind.ReflectiveTypeAdapterFactory$Adapter              : loaded 3 times (x 79B)
Class kotlin.coroutines.jvm.internal.CoroutineDumpState                               : loaded 3 times (x 73B)
Class com.google.gson.internal.bind.TypeAdapters$10                                   : loaded 3 times (x 77B)
Class org.jetbrains.kotlin.idea.projectModel.KotlinTarget                             : loaded 3 times (x 72B)
Class org.jetbrains.plugins.gradle.model.DefaultBuildController                       : loaded 3 times (x 108B)
Class com.android.tools.idea.gradle.project.sync.SyncCounters                         : loaded 3 times (x 74B)
Class org.jetbrains.plugins.gradle.model.FilePatternSet                               : loaded 3 times (x 72B)
Class org.jetbrains.plugins.gradle.model.GradleLightProject                           : loaded 3 times (x 72B)
Class com.google.gson.LongSerializationPolicy                                         : loaded 3 times (x 82B)
Class com.intellij.gradle.toolingExtension.modelAction.GradleModelFetchPhase$BuildFinished: loaded 3 times (x 72B)
Class com.google.common.collect.Cut$AboveAll                                          : loaded 3 times (x 90B)
Class com.google.common.collect.SortedLists$KeyAbsentBehavior$2                       : loaded 3 times (x 82B)
Class [Lcom.android.tools.idea.gradle.model.IdeArtifactName;                          : loaded 3 times (x 71B)
Class com.google.gson.internal.bind.JsonAdapterAnnotationTypeAdapterFactory           : loaded 3 times (x 77B)
Class [Lcom.android.builder.model.v2.models.ndk.NativeBuildSystem;                    : loaded 3 times (x 71B)
Class [Lcom.android.tools.idea.gradle.model.ClasspathType;                            : loaded 3 times (x 71B)
Class org.jetbrains.kotlin.idea.projectModel.KotlinTarget$Companion                   : loaded 3 times (x 73B)
Class org.gradle.tooling.internal.consumer.versioning.VersionDetails$R28VersionDetails: loaded 3 times (x 82B)
Class org.gradle.tooling.internal.adapter.ProtocolToModelAdapter$ClassMixInMethodInvoker: loaded 3 times (x 78B)
Class org.jetbrains.kotlin.idea.gradleTooling.AndroidAwareGradleModelProvider$populateModels$1: loaded 3 times (x 76B)
Class com.android.tools.idea.gradle.model.IdeArtifactName$Companion$WhenMappings      : loaded 3 times (x 73B)
Class com.android.tools.idea.gradle.project.sync.AdditionalClassifierArtifactsModelCollectorKt: loaded 3 times (x 73B)
Class com.android.tools.idea.gradle.model.IdeProductFlavor                            : loaded 3 times (x 72B)
Class com.android.tools.idea.gradle.model.IdeBaseArtifactCore                         : loaded 3 times (x 72B)
Class com.android.tools.idea.gradle.project.sync.VariantDiscovery$prepareRequestedOrDefaultModuleConfigurations$$inlined$sortedBy$1: loaded 3 times (x 91B)
Class com.android.tools.idea.gradle.project.sync.AndroidExtraModelProviderKt          : loaded 3 times (x 73B)
Class com.android.tools.idea.gradle.model.IdeViewBindingOptions                       : loaded 3 times (x 72B)
Class com.android.tools.idea.gradle.project.sync.SyncProjectActionWorker$populateAndroidModels$2$variantDiscovery$1: loaded 3 times (x 80B)
Class org.gradle.tooling.internal.adapter.ProtocolToModelAdapter$MixInBeanMappingAction: loaded 3 times (x 83B)
Class com.android.tools.idea.gradle.model.ResolverType                                : loaded 3 times (x 81B)
Class com.android.tools.idea.gradle.model.impl.IdeUnresolvedLibraryTable              : loaded 3 times (x 72B)
Class com.google.gson.internal.bind.TypeAdapters$11                                   : loaded 3 times (x 77B)
Class [Lcom.google.gson.FieldNamingPolicy;                                            : loaded 3 times (x 71B)
Class org.jetbrains.plugins.gradle.tooling.serialization.internal.IdeaProjectSerializationService$6: loaded 3 times (x 78B)
Class com.google.gson.JsonPrimitive                                                   : loaded 3 times (x 95B)
Class com.google.gson.internal.sql.SqlTimestampTypeAdapter$1                          : loaded 3 times (x 77B)
Class org.jetbrains.kotlin.idea.gradleTooling.IdeaKpmProjectProvider                  : loaded 3 times (x 80B)
Class com.android.tools.idea.gradle.project.sync.AdditionalClassifierArtifactsActionOptions: loaded 3 times (x 74B)
Class com.android.tools.idea.gradle.project.sync.AndroidProjectPathResolver           : loaded 3 times (x 72B)
Class com.google.common.collect.SortedLists$KeyAbsentBehavior$1                       : loaded 3 times (x 82B)
Class com.google.gson.internal.sql.SqlTypesSupport                                    : loaded 3 times (x 73B)
Class com.google.gson.Gson                                                            : loaded 3 times (x 74B)
Class com.google.gson.internal.bind.ObjectTypeAdapter                                 : loaded 3 times (x 76B)
Class com.android.tools.idea.gradle.project.sync.FetchedVariantResult                 : loaded 3 times (x 73B)
Class com.android.tools.idea.gradle.model.impl.IdeDependenciesCoreImpl                : loaded 3 times (x 72B)
Class com.android.tools.idea.gradle.project.sync.LibraryIdentity$LibraryIdentityProvider$Companion: loaded 3 times (x 73B)
Class com.android.tools.idea.gradle.project.sync.ModelCache                           : loaded 3 times (x 72B)
Class com.android.tools.idea.gradle.model.IdeBuild                                    : loaded 3 times (x 72B)
Class com.intellij.gradle.toolingExtension.impl.modelSerialization.ToolingSerializer$1: loaded 3 times (x 78B)
Class com.android.tools.idea.gradle.model.IdeUnknownLibrary                           : loaded 3 times (x 72B)
Class com.intellij.gradle.toolingExtension.impl.model.sourceSetDependencyModel.GradleSourceSetDependencyModelProvider: loaded 3 times (x 81B)
Class org.jetbrains.kotlin.gradle.idea.tcs.IdeaKotlinDependencyCoordinates            : loaded 3 times (x 72B)
Class com.google.gson.internal.bind.TypeAdapters$12                                   : loaded 3 times (x 77B)
Class [Lcom.google.gson.ToNumberStrategy;                                             : loaded 3 times (x 71B)
Class com.android.builder.model.v2.ide.TestSuite                                      : loaded 3 times (x 72B)
Class com.android.tools.idea.gradle.model.IdeAaptOptions                              : loaded 3 times (x 72B)
Class com.android.tools.idea.gradle.model.LibraryReference                            : loaded 3 times (x 74B)
Class com.intellij.gradle.toolingExtension.model.repositoryModel.RepositoryModel      : loaded 3 times (x 72B)
Class com.android.tools.idea.gradle.project.sync.SelectedVariants                     : loaded 3 times (x 74B)
Class [Lcom.google.gson.Strictness;                                                   : loaded 3 times (x 71B)
Class com.google.gson.reflect.TypeToken                                               : loaded 3 times (x 77B)
Class org.jetbrains.kotlin.idea.gradleTooling.model.kapt.KaptSourceSetModel           : loaded 3 times (x 72B)
Class org.gradle.tooling.model.cpp.CppBinary                                          : loaded 3 times (x 72B)
Class com.android.tools.idea.gradle.model.IdeCompositeBuildMap                        : loaded 3 times (x 72B)
Class com.android.tools.idea.gradle.project.sync.SyncActionRunner$Companion           : loaded 3 times (x 73B)
Class com.android.builder.model.v2.models.ndk.NativeBuildSystem                       : loaded 3 times (x 81B)
Class com.android.tools.idea.gradle.model.impl.IdeVariantCoreSerializable             : loaded 3 times (x 72B)
Class com.android.builder.model.v2.models.TestSuiteSource                             : loaded 3 times (x 72B)
Class com.android.tools.idea.gradle.model.IdeBuildTypeContainer                       : loaded 3 times (x 72B)
Class com.android.tools.idea.gradle.model.impl.IdeJavaArtifactCoreImpl                : loaded 3 times (x 93B)
Class com.android.tools.idea.gradle.project.sync.SyncActionRunner                     : loaded 3 times (x 78B)
Class com.android.tools.idea.gradle.project.sync.LibraryIdentity$LibraryIdentityProvider$special$$inlined$compareBy$1: loaded 3 times (x 92B)
Class com.android.tools.idea.gradle.model.impl.IdeVectorDrawablesOptionsImpl          : loaded 3 times (x 77B)
Class com.android.tools.idea.gradle.project.sync.SyncVariantResult                    : loaded 3 times (x 74B)
Class com.android.tools.idea.gradle.model.impl.ThrowingIdeDependencies                : loaded 3 times (x 80B)
Class com.android.tools.idea.gradle.model.impl.IdeBuildTypeContainerImpl              : loaded 3 times (x 81B)
Class com.android.tools.idea.gradle.project.sync.GradleInjectedSyncActionRunner       : loaded 3 times (x 72B)
Class com.google.gson.internal.reflect.ReflectionHelper$RecordSupportedHelper         : loaded 3 times (x 80B)
Class com.google.common.collect.SortedLists$KeyPresentBehavior                        : loaded 3 times (x 82B)
Class com.android.tools.idea.gradle.project.sync.GradleSyncStudioFlags                : loaded 3 times (x 74B)
Class com.intellij.gradle.toolingExtension.impl.util.GradleModelProviderUtil          : loaded 3 times (x 73B)
Class com.google.gson.internal.bind.TypeAdapters$32                                   : loaded 3 times (x 78B)
Class org.gradle.tooling.internal.consumer.converters.BasicGradleProjectIdentifierMixin: loaded 3 times (x 75B)
Class com.intellij.gradle.toolingExtension.modelAction.GradleBuildFinishedModelFetchPhase: loaded 3 times (x 83B)
Class org.gradle.tooling.internal.consumer.versioning.ModelMapping                    : loaded 3 times (x 75B)
Class com.google.gson.internal.bind.TypeAdapters$13                                   : loaded 3 times (x 77B)
Class org.gradle.tooling.internal.consumer.versioning.VersionDetails$R26VersionDetails: loaded 3 times (x 82B)
Class com.google.gson.internal.reflect.ReflectionHelper                               : loaded 3 times (x 73B)
Class org.jetbrains.plugins.gradle.tooling.util.GradleVersionComparator               : loaded 3 times (x 77B)
Class org.gradle.tooling.model.kotlin.dsl.EditorPosition                              : loaded 3 times (x 72B)
Class com.google.gson.internal.bind.TypeAdapters$27                                   : loaded 3 times (x 77B)
Class com.android.tools.idea.gradle.project.sync.NativeVariantAbiResult$V2            : loaded 3 times (x 74B)
Class com.android.tools.idea.gradle.model.IdeExtraSourceProvider                      : loaded 3 times (x 72B)
Class com.android.tools.idea.gradle.project.sync.AndroidProjectResult                 : loaded 3 times (x 78B)
Class com.google.gson.FieldNamingPolicy$7                                             : loaded 3 times (x 87B)
Class com.android.tools.idea.gradle.model.IdePreResolvedModuleLibrary                 : loaded 3 times (x 72B)
Class com.android.tools.idea.gradle.project.sync.BuildId                              : loaded 3 times (x 74B)
Class com.android.tools.idea.gradle.project.sync.AndroidArtifactRef                   : loaded 3 times (x 74B)
Class org.gradle.tooling.internal.consumer.connection.InternalPhasedActionAdapter     : loaded 3 times (x 80B)
Class org.jetbrains.kotlin.idea.projectModel.KotlinTargetJar                          : loaded 3 times (x 72B)
Class com.google.gson.Gson$1                                                          : loaded 3 times (x 78B)
Class com.intellij.gradle.toolingExtension.impl.util.GradleTreeTraverserUtil          : loaded 3 times (x 73B)
Class com.android.tools.idea.gradle.model.impl.FileImplKt                             : loaded 3 times (x 73B)
Class com.google.gson.internal.bind.NumberTypeAdapter$1                               : loaded 3 times (x 78B)
Class com.google.gson.internal.bind.TypeAdapters$1                                    : loaded 3 times (x 77B)
Class com.google.gson.internal.bind.TypeAdapters$14                                   : loaded 3 times (x 77B)
Class com.android.tools.idea.gradle.model.impl.IdeVariantBuildInformationImpl         : loaded 3 times (x 78B)
Class com.android.tools.idea.gradle.project.sync.VariantNameResolutionKt$buildVariantNameResolver$1: loaded 3 times (x 77B)
Class com.android.tools.idea.gradle.model.IdeLibrary                                  : loaded 3 times (x 72B)
Class com.google.gson.JsonSyntaxException                                             : loaded 3 times (x 84B)
Class com.google.gson.internal.bind.TypeAdapters$31                                   : loaded 3 times (x 78B)
Class [Lcom.google.gson.LongSerializationPolicy;                                      : loaded 3 times (x 71B)
Class com.android.tools.idea.gradle.model.impl.IdeAaptOptionsImpl                     : loaded 3 times (x 77B)
Class com.android.tools.idea.gradle.model.impl.IdeAndroidProjectImpl$Companion        : loaded 3 times (x 73B)
Class [Lcom.android.tools.idea.gradle.project.sync.AndroidModule$NativeModelVersion;  : loaded 3 times (x 71B)
Class com.google.gson.internal.bind.JsonAdapterAnnotationTypeAdapterFactory$DummyTypeAdapterFactory: loaded 3 times (x 77B)
Class com.android.tools.idea.gradle.model.IdeAndroidLibrary                           : loaded 3 times (x 72B)
Class com.intellij.gradle.toolingExtension.impl.modelAction.GradleDaemonModelHolder   : loaded 3 times (x 78B)
Class org.gradle.tooling.model.kotlin.dsl.EditorReport                                : loaded 3 times (x 72B)
Class com.android.tools.idea.gradle.project.sync.GradleProject                        : loaded 3 times (x 77B)
Class com.intellij.openapi.util.io.FileTooBigException                                : loaded 3 times (x 84B)
Class com.android.tools.idea.gradle.model.IdeUnresolvedAndroidLibrary                 : loaded 3 times (x 72B)
Class com.android.tools.idea.gradle.project.sync.ModelResult                          : loaded 3 times (x 74B)
Class com.android.tools.idea.gradle.project.sync.ModelFetchersKt$findKotlinModelsForAndroidProject$kaptModel$1: loaded 3 times (x 77B)
Class com.android.tools.idea.gradle.model.IdeBaseConfig                               : loaded 3 times (x 72B)
Class com.google.common.collect.SortedLists$KeyAbsentBehavior                         : loaded 3 times (x 82B)
Class com.android.tools.idea.gradle.project.sync.GradleModelCollection                : loaded 3 times (x 72B)
Class com.android.tools.idea.gradle.project.sync.AndroidSdkBootClasspathUtilKt        : loaded 3 times (x 73B)
Class com.android.tools.idea.gradle.project.sync.ModelFetchersKt                      : loaded 3 times (x 73B)
Class com.android.tools.idea.gradle.model.impl.IdeVariantCoreImpl                     : loaded 3 times (x 110B)
Class org.gradle.tooling.internal.consumer.converters.BackwardsCompatibleIdeaModuleDependency: loaded 3 times (x 72B)
Class com.android.tools.idea.gradle.model.impl.IdeExtraSourceProviderImpl             : loaded 3 times (x 78B)
Class com.google.gson.Strictness                                                      : loaded 3 times (x 81B)
Class com.google.gson.internal.bind.TypeAdapters$2                                    : loaded 3 times (x 77B)
Class com.google.gson.internal.bind.TypeAdapters$15                                   : loaded 3 times (x 77B)
Class com.google.gson.internal.sql.SqlTypesSupport$1                                  : loaded 3 times (x 76B)
Class org.jetbrains.plugins.gradle.tooling.serialization.internal.IdeaProjectSerializationService$3: loaded 3 times (x 79B)
Class com.google.gson.LongSerializationPolicy$2                                       : loaded 3 times (x 82B)
Class com.intellij.gradle.toolingExtension.impl.model.taskModel.GradleTaskModelProvider: loaded 3 times (x 80B)
Class com.android.tools.idea.gradle.project.sync.AgpVersionTooOld                     : loaded 3 times (x 84B)
Class com.google.gson.TypeAdapter                                                     : loaded 3 times (x 75B)
Class com.google.gson.Gson$2                                                          : loaded 3 times (x 78B)
Class com.google.gson.ToNumberStrategy                                                : loaded 3 times (x 72B)
Class com.google.gson.TypeAdapterFactory                                              : loaded 3 times (x 72B)
Class com.google.gson.internal.bind.JsonTreeReader                                    : loaded 3 times (x 99B)
Class com.google.gson.internal.bind.TypeAdapters$30                                   : loaded 3 times (x 78B)
Class com.intellij.openapi.diagnostic.Logger$DefaultFactory                           : loaded 3 times (x 76B)
Class com.android.tools.idea.gradle.model.IdeSigningConfig                            : loaded 3 times (x 72B)
Class com.android.ide.common.gradle.Module                                            : loaded 3 times (x 74B)
Class com.android.tools.idea.gradle.project.sync.ModuleId                             : loaded 3 times (x 74B)
Class com.android.tools.idea.gradle.project.sync.AndroidSyncException                 : loaded 3 times (x 84B)
Class com.android.tools.idea.gradle.model.IdeBuildType                                : loaded 3 times (x 72B)
Class org.gradle.tooling.internal.consumer.converters.IdeaModuleDependencyTargetNameMixin: loaded 3 times (x 75B)
Class com.android.tools.idea.gradle.project.sync.ArtifactRef                          : loaded 3 times (x 73B)
Class com.android.tools.idea.gradle.project.sync.VariantSelectionChange               : loaded 3 times (x 74B)
Class com.android.tools.idea.gradle.project.sync.AgpVersionsMismatch                  : loaded 3 times (x 84B)
Class com.android.tools.idea.gradle.project.sync.InternedModels$nameLibraries$IdeModelAndReferenceAndIdentity: loaded 3 times (x 77B)
Class com.google.gson.internal.bind.TypeAdapters$16                                   : loaded 3 times (x 77B)
Class com.google.gson.internal.bind.TypeAdapters$3                                    : loaded 3 times (x 77B)
Class com.google.gson.internal.sql.SqlTypesSupport$2                                  : loaded 3 times (x 76B)
Class com.android.tools.idea.gradle.project.sync.GradleModulesKt                      : loaded 3 times (x 73B)
Class com.android.tools.idea.gradle.project.sync.ModelCacheV2ImplKt                   : loaded 3 times (x 73B)
Class com.android.builder.model.v2.models.TestApkTestSuiteSource                      : loaded 3 times (x 72B)
Class [Lcom.android.tools.idea.gradle.project.sync.ModelFeature;                      : loaded 3 times (x 71B)
Class com.android.tools.idea.gradle.model.impl.IdeProductFlavorImpl                   : loaded 3 times (x 103B)
Class com.android.tools.idea.gradle.project.sync.AllVariantsSyncActionOptions         : loaded 3 times (x 75B)
Class org.jetbrains.plugins.gradle.tooling.serialization.internal.IdeaProjectSerializationService$WriteContext$FilePathComparator: loaded 3 times (x 93B)
Class com.android.tools.idea.gradle.project.sync.LibraryIdentity$Companion            : loaded 3 times (x 73B)
Class com.android.tools.idea.gradle.project.sync.VariantDetailsKt                     : loaded 3 times (x 73B)
Class com.android.tools.idea.gradle.model.impl.IdeModuleWellKnownSourceSet            : loaded 3 times (x 85B)
Class com.android.tools.idea.gradle.project.sync.ModelCache$V2                        : loaded 3 times (x 72B)
Class kotlin.jvm.internal.FunctionAdapter                                             : loaded 3 times (x 72B)
Class com.android.tools.idea.gradle.project.sync.ModelCacheV2ImplKt$modelCacheV2Impl$1: loaded 3 times (x 82B)
Class [Lcom.android.tools.idea.gradle.project.upgrade.AndroidGradlePluginCompatibility;: loaded 3 times (x 71B)
Class com.android.tools.idea.gradle.project.sync.InternedModels                       : loaded 3 times (x 74B)
Class com.android.tools.idea.gradle.project.sync.BasicV2AndroidModuleGradleProject    : loaded 3 times (x 75B)
Class com.android.tools.idea.gradle.model.impl.IdeCompositeBuildMapImpl               : loaded 3 times (x 78B)
Class com.android.tools.idea.gradle.project.sync.BuildInfo                            : loaded 3 times (x 74B)
Class com.android.ide.common.gradle.Module$Companion                                  : loaded 3 times (x 73B)
Class com.android.builder.model.v2.ide.TestSuiteTarget                                : loaded 3 times (x 72B)
Class org.gradle.tooling.internal.adapter.ProtocolToModelAdapter$MixInTypeMappingAction: loaded 3 times (x 83B)
Class org.gradle.tooling.internal.consumer.converters.IdeaProjectJavaLanguageSettingsMixin: loaded 3 times (x 75B)
Class com.google.gson.internal.bind.DefaultDateTypeAdapter                            : loaded 3 times (x 76B)
Class com.google.gson.GsonBuilder                                                     : loaded 3 times (x 74B)
Class org.jetbrains.plugins.gradle.tooling.serialization.internal.IdeaProjectSerializationService$2: loaded 3 times (x 79B)
Class com.google.gson.LongSerializationPolicy$1                                       : loaded 3 times (x 82B)
Class com.google.gson.internal.bind.TypeAdapters$17                                   : loaded 3 times (x 77B)
Class com.google.gson.internal.bind.TypeAdapters$4                                    : loaded 3 times (x 77B)
Class com.android.tools.idea.gradle.project.sync.ModelConsumerVersion                 : loaded 3 times (x 77B)
Class org.gradle.tooling.model.ExternalDependency                                     : loaded 3 times (x 72B)
Class org.gradle.tooling.model.idea.IdeaSingleEntryLibraryDependency                  : loaded 3 times (x 72B)
Class org.gradle.internal.impldep.com.google.common.base.Preconditions                : loaded 3 times (x 73B)
Class com.google.gson.internal.bind.ReflectiveTypeAdapterFactory$2                    : loaded 3 times (x 80B)
Class org.gradle.tooling.internal.consumer.converters.IncludedBuildsMixin             : loaded 3 times (x 76B)
Class com.intellij.openapi.util.io.FileUtilRt                                         : loaded 3 times (x 73B)
Class org.gradle.tooling.model.SourceDirectory                                        : loaded 3 times (x 72B)
Class com.android.tools.idea.gradle.project.sync.LibraryIdentity$LibraryIdentityProvider: loaded 3 times (x 74B)
Class org.jetbrains.plugins.gradle.model.GradleConvention                             : loaded 3 times (x 72B)
Class org.jetbrains.plugins.gradle.tooling.serialization.internal.IdeaProjectSerializationService$1: loaded 3 times (x 78B)
Class com.android.tools.idea.gradle.project.sync.ModelFetchersKt$findKotlinModelsForAndroidProject$kotlinModel$1: loaded 3 times (x 77B)
Class com.google.gson.stream.JsonReader                                               : loaded 3 times (x 99B)
Class com.android.builder.model.v2.models.TestSuiteSourceDependenciesAdjacencyList    : loaded 3 times (x 72B)
Class com.android.tools.idea.gradle.project.sync.MeasurementCheckpoint                : loaded 3 times (x 81B)
Class com.android.tools.idea.gradle.model.impl.IdeProjectPathImpl                     : loaded 3 times (x 79B)
Class com.android.tools.idea.gradle.project.sync.VariantSelectionChange$Companion     : loaded 3 times (x 73B)
Class com.android.tools.idea.gradle.project.sync.GradleModule                         : loaded 3 times (x 80B)
Class com.google.gson.stream.MalformedJsonException                                   : loaded 3 times (x 84B)
Class com.android.tools.idea.gradle.project.sync.BasicNonAndroidIncompleteGradleModule: loaded 3 times (x 75B)
Class com.android.tools.idea.gradle.project.sync.NativeVariantAbiResult$None          : loaded 3 times (x 73B)
Class org.gradle.tooling.internal.consumer.connection.ToolingParameterProxy           : loaded 3 times (x 78B)
Class org.gradle.tooling.internal.consumer.connection.NestedActionAwareBuildControllerAdapter: loaded 3 times (x 114B)
Class com.android.tools.idea.gradle.project.sync.VariantDef                           : loaded 3 times (x 74B)
Class com.intellij.gradle.toolingExtension.impl.model.projectModel.GradleExternalProjectModelProvider: loaded 3 times (x 81B)
Class org.gradle.tooling.internal.consumer.versioning.VersionDetails$R51VersionDetails: loaded 3 times (x 82B)
Class com.google.gson.annotations.JsonAdapter                                         : loaded 3 times (x 72B)
Class com.google.gson.internal.bind.SerializationDelegatingTypeAdapter                : loaded 3 times (x 76B)
Class com.google.gson.internal.bind.TypeAdapters$18                                   : loaded 3 times (x 77B)
Class com.google.gson.internal.bind.TypeAdapters$5                                    : loaded 3 times (x 77B)
Class com.android.tools.idea.gradle.project.sync.ClasspathIdentifier                  : loaded 3 times (x 74B)
Class com.android.tools.idea.gradle.model.impl.IdeModuleWellKnownSourceSet$Companion  : loaded 3 times (x 73B)
Class com.google.gson.internal.bind.ReflectiveTypeAdapterFactory$1                    : loaded 3 times (x 76B)
Class com.android.tools.idea.gradle.project.sync.VariantDiscovery$toTraverseAction$1$1$moduleDependencies$1: loaded 3 times (x 131B)
Class org.gradle.tooling.internal.consumer.versioning.VersionDetails                  : loaded 3 times (x 82B)
Class com.android.tools.idea.gradle.project.sync.IdeModelWithPostProcessor            : loaded 3 times (x 74B)
Class com.android.tools.idea.gradle.project.sync.AndroidModule$NativeModelVersion     : loaded 3 times (x 81B)
Class com.android.tools.idea.gradle.model.IdeArtifactName$Companion                   : loaded 3 times (x 73B)
Class org.jetbrains.plugins.gradle.model.DefaultGradleLightBuild                      : loaded 3 times (x 84B)
Class com.google.gson.internal.bind.ReflectiveTypeAdapterFactory$BoundField           : loaded 3 times (x 77B)
Class com.google.gson.Gson$3                                                          : loaded 3 times (x 77B)
Class com.android.tools.idea.gradle.project.sync.StandaloneDeliverableModel$Companion : loaded 3 times (x 73B)
Class com.android.tools.idea.gradle.model.IdeJavaLibrary                              : loaded 3 times (x 72B)
Class com.android.tools.idea.gradle.model.ClasspathType                               : loaded 3 times (x 81B)
Class com.android.tools.idea.gradle.project.sync.Modules                              : loaded 3 times (x 73B)
Class com.android.tools.idea.gradle.project.sync.AndroidVariantResolver               : loaded 3 times (x 72B)
Class com.android.tools.idea.gradle.model.impl.IdeDependenciesInfoImpl                : loaded 3 times (x 77B)
Class org.jetbrains.plugins.gradle.tooling.serialization.internal.IdeaProjectSerializationService$10: loaded 3 times (x 78B)
Class com.android.tools.idea.gradle.project.sync.AgpCompatibilityKt                   : loaded 3 times (x 73B)
Class org.gradle.tooling.internal.consumer.converters.EclipseProjectHasAutoBuildMixin : loaded 3 times (x 74B)
Class org.gradle.tooling.UnknownModelException                                        : loaded 3 times (x 85B)
Class com.android.builder.model.v2.ide.BasicTestSuiteArtifact                         : loaded 3 times (x 72B)
Class com.google.gson.internal.bind.ReflectiveTypeAdapterFactory$FieldReflectionAdapter: loaded 3 times (x 79B)
Class com.google.gson.internal.bind.TypeAdapters$19                                   : loaded 3 times (x 77B)
Class com.google.gson.internal.bind.TypeAdapters$6                                    : loaded 3 times (x 77B)
Class com.android.tools.idea.gradle.project.sync.ModelCacheV2ImplKt$modelCacheV2Impl$variantCoreFrom$9: loaded 3 times (x 131B)
Class com.android.tools.idea.gradle.model.IdeJavaCompileOptions                       : loaded 3 times (x 72B)
Class com.android.tools.idea.gradle.model.IdeJavaLibraryImpl                          : loaded 3 times (x 94B)
Class com.intellij.openapi.util.io.FileUtilRt$SymlinkResolver                         : loaded 3 times (x 72B)
Class com.android.builder.model.v2.ide.TestSuiteTestInfo                              : loaded 3 times (x 72B)
Class com.android.tools.idea.gradle.model.impl.IdeUnresolvedLibraryTableImpl          : loaded 3 times (x 77B)
Class com.google.gson.JsonIOException                                                 : loaded 3 times (x 84B)
Class com.google.gson.JsonObject                                                      : loaded 3 times (x 95B)
Class com.android.tools.idea.gradle.project.sync.DependencyGraphCompat$AdjacencyList  : loaded 3 times (x 74B)
Class com.android.tools.idea.gradle.model.IdeProjectPath                              : loaded 3 times (x 72B)
Class com.google.common.collect.TreeRangeSet$AsRanges                                 : loaded 3 times (x 151B)
Class com.intellij.gradle.toolingExtension.modelAction.GradleModelFetchPhase$ProjectLoaded: loaded 3 times (x 72B)
Class com.android.tools.idea.gradle.project.sync.SyncActionRunnerKt$toMeasuringController$1: loaded 3 times (x 92B)
Class com.intellij.gradle.toolingExtension.modelProvider.GradleClassProjectModelProvider: loaded 3 times (x 82B)
Class org.gradle.tooling.model.idea.IdeaModule                                        : loaded 3 times (x 72B)
Class com.google.gson.internal.bind.MapTypeAdapterFactory                             : loaded 3 times (x 77B)
Class com.google.gson.internal.bind.TypeAdapters$29                                   : loaded 3 times (x 78B)
Class com.google.gson.internal.reflect.ReflectionHelper$RecordNotSupportedHelper      : loaded 3 times (x 80B)
Class com.google.gson.annotations.SerializedName                                      : loaded 3 times (x 72B)
Class com.google.gson.internal.bind.TypeAdapters$7                                    : loaded 3 times (x 77B)
Class com.intellij.gradle.toolingExtension.modelAction.GradleProjectLoadedModelFetchPhase: loaded 3 times (x 83B)
Class com.android.tools.idea.gradle.model.impl.FileImpl                               : loaded 3 times (x 123B)
Class com.google.gson.JsonNull                                                        : loaded 3 times (x 94B)
Class com.android.tools.idea.gradle.project.sync.ModelConverter                       : loaded 3 times (x 73B)
Class org.gradle.tooling.internal.consumer.connection.ParameterAwareBuildControllerAdapter: loaded 3 times (x 114B)
Class com.google.gson.internal.Primitives                                             : loaded 3 times (x 73B)
Class com.android.tools.idea.gradle.model.IdeVectorDrawablesOptions                   : loaded 3 times (x 72B)
Class com.android.tools.idea.gradle.model.IdeSourceProvider                           : loaded 3 times (x 74B)
Class com.android.tools.idea.gradle.project.sync.DeliverableGradleModule              : loaded 3 times (x 78B)
Class com.android.tools.idea.gradle.model.IdeTestOptions                              : loaded 3 times (x 72B)
Class com.intellij.openapi.diagnostic.DefaultLogger                                   : loaded 3 times (x 103B)
Class com.intellij.openapi.diagnostic.LogLevel                                        : loaded 3 times (x 81B)
Class com.android.tools.idea.gradle.model.IdeUnknownLibraryImpl                       : loaded 3 times (x 85B)
Class com.intellij.openapi.diagnostic.Attachment                                      : loaded 3 times (x 74B)
Class com.android.tools.idea.gradle.project.sync.GradleProject$ModelConsumer          : loaded 3 times (x 74B)
Class com.android.tools.idea.gradle.project.sync.VariantDiscoveryKt                   : loaded 3 times (x 73B)
Class com.google.gson.internal.bind.DefaultDateTypeAdapter$DateType                   : loaded 3 times (x 75B)
Class com.google.gson.internal.bind.CollectionTypeAdapterFactory$Adapter              : loaded 3 times (x 76B)
Class com.android.tools.idea.gradle.project.sync.HasAndroidVariantResolver            : loaded 3 times (x 72B)
Class com.google.gson.internal.bind.TypeAdapters$8                                    : loaded 3 times (x 77B)
Class org.gradle.tooling.internal.adapter.ProtocolToModelAdapter$2                    : loaded 3 times (x 80B)
Class com.android.tools.idea.gradle.project.sync.ModelVersion                         : loaded 3 times (x 77B)
Class org.jetbrains.kotlin.tooling.core.KotlinToolingVersion                          : loaded 3 times (x 77B)
Class com.android.tools.idea.gradle.project.sync.AgpVersionIncompatible               : loaded 3 times (x 84B)
Class com.google.gson.stream.JsonWriter                                               : loaded 3 times (x 100B)
Class org.gradle.tooling.internal.consumer.converters.FixedBuildIdentifierProvider    : loaded 3 times (x 77B)
Class io.opentelemetry.context.ForwardingExecutorService                              : loaded 3 times (x 106B)
Class com.android.tools.idea.gradle.model.impl.IdeDependenciesImplKt                  : loaded 3 times (x 73B)
Class com.android.tools.idea.gradle.model.IdeDependenciesCore                         : loaded 3 times (x 72B)
Class com.android.tools.idea.gradle.project.sync.ResolvedAndroidProjectPath           : loaded 3 times (x 72B)
Class com.android.tools.idea.gradle.project.sync.HasBasicGradleProject                : loaded 3 times (x 72B)
Class com.google.gson.internal.bind.DefaultDateTypeAdapter$1                          : loaded 3 times (x 77B)
Class com.android.tools.idea.gradle.project.sync.IdeSyncExecutionReport               : loaded 3 times (x 73B)
Class com.android.tools.idea.gradle.project.sync.FetchedVariantResult$Finished        : loaded 3 times (x 74B)
Class com.android.tools.idea.gradle.model.IdePreResolvedModuleLibraryImpl             : loaded 3 times (x 83B)
Class com.android.tools.idea.gradle.model.IdeAndroidLibraryImpl                       : loaded 3 times (x 108B)
Class com.android.tools.idea.gradle.project.sync.ModelCacheV2ImplKt$WhenMappings      : loaded 3 times (x 73B)
Class org.gradle.tooling.model.GradleTask                                             : loaded 3 times (x 72B)
Class com.google.gson.Gson$4                                                          : loaded 3 times (x 78B)
Class org.gradle.tooling.model.idea.IdeaSourceDirectory                               : loaded 3 times (x 72B)
Class com.google.gson.internal.ConstructorConstructor                                 : loaded 3 times (x 74B)
Class com.android.tools.idea.gradle.project.sync.ActionToRun$toSafeController$1       : loaded 3 times (x 92B)
Class com.google.common.collect.Cut                                                   : loaded 3 times (x 90B)
Class com.google.gson.internal.bind.TypeAdapters$9                                    : loaded 3 times (x 77B)
Class org.gradle.tooling.model.gradle.BasicGradleProject                              : loaded 3 times (x 72B)
Class com.google.gson.internal.bind.ReflectiveTypeAdapterFactory$RecordAdapter        : loaded 3 times (x 79B)
Class com.android.tools.idea.gradle.project.sync.BasicIncompleteAndroidModule         : loaded 3 times (x 75B)
Class com.android.tools.idea.gradle.project.sync.HasLintJar                           : loaded 3 times (x 72B)
Class com.android.tools.idea.gradle.project.upgrade.AndroidGradlePluginCompatibilityKt: loaded 3 times (x 73B)
Class org.gradle.tooling.FetchModelResult                                             : loaded 3 times (x 72B)
Class com.android.tools.idea.gradle.project.sync.ModelFetchersKt$findNativeModuleModel$1: loaded 3 times (x 76B)
Class com.android.tools.idea.gradle.project.sync.VariantDiscovery$toProjectGraphAction$1$projectGraph$1: loaded 3 times (x 77B)
Class com.android.tools.idea.gradle.project.sync.VariantSelectionKt$getModuleDependencyConfigurations$generateDirectModuleDependencies$allDependencies$1: loaded 3 times (x 97B)
Class com.intellij.gradle.toolingExtension.impl.modelSerialization.DefaultSerializationService: loaded 3 times (x 78B)
Class com.android.tools.idea.gradle.model.IdeVariantCore                              : loaded 3 times (x 72B)
Class org.jetbrains.plugins.gradle.tooling.serialization.internal.IdeaProjectSerializationService$11: loaded 3 times (x 78B)
Class com.android.tools.idea.gradle.project.sync.VariantDetails                       : loaded 3 times (x 74B)
Class com.android.tools.idea.gradle.model.CodeShrinker                                : loaded 3 times (x 81B)
Class com.android.tools.idea.gradle.model.impl.IdeVariantCoreImpl$Companion           : loaded 3 times (x 73B)
Class com.android.tools.idea.gradle.project.sync.SyncVariantResultSuccess             : loaded 3 times (x 74B)
Class com.android.tools.idea.gradle.project.sync.FetchedVariant                       : loaded 3 times (x 74B)
Class com.android.tools.idea.gradle.model.impl.IdeSigningConfigImpl                   : loaded 3 times (x 80B)
Class com.google.common.collect.Range$RangeLexOrdering                                : loaded 3 times (x 116B)
Class com.android.builder.model.v2.models.SourceType                                  : loaded 3 times (x 81B)
Class com.android.tools.idea.gradle.project.sync.SyncProjectActionWorker              : loaded 3 times (x 74B)
Class com.android.tools.idea.gradle.project.sync.LibraryIdentity                      : loaded 3 times (x 74B)
Class org.jetbrains.plugins.gradle.model.ExternalFilter                               : loaded 3 times (x 72B)
Class org.gradle.tooling.model.internal.Exceptions                                    : loaded 3 times (x 73B)
Class com.android.tools.idea.gradle.project.sync.VariantDependenciesCompat$AdjacencyList: loaded 3 times (x 74B)
Class com.intellij.gradle.toolingExtension.impl.util.GradleExecutorServiceUtil        : loaded 3 times (x 73B)
Class com.android.tools.idea.gradle.project.sync.SingleVariantSyncActionOptions       : loaded 3 times (x 75B)
Class org.gradle.tooling.UnsupportedVersionException                                  : loaded 3 times (x 85B)
Class com.intellij.gradle.toolingExtension.impl.modelAction.GradleModelHolderState    : loaded 3 times (x 79B)
Class com.google.gson.JsonParseException                                              : loaded 3 times (x 84B)
Class com.intellij.gradle.toolingExtension.impl.model.buildScriptClasspathModel.GradleBuildScriptClasspathModelProvider: loaded 3 times (x 81B)
Class com.android.tools.idea.gradle.model.impl.BuildFolderPaths                       : loaded 3 times (x 74B)
Class com.android.tools.idea.gradle.project.sync.ModelCacheV2ImplKt$modelCacheV2Impl$variantCoreFrom$6: loaded 3 times (x 131B)
Class com.android.tools.idea.gradle.model.IdeUnresolvedLibrary                        : loaded 3 times (x 72B)
Class com.intellij.gradle.toolingExtension.impl.modelAction.GradleModelFetchAction    : loaded 3 times (x 88B)
Class org.gradle.tooling.BuildAction                                                  : loaded 3 times (x 72B)
Class com.google.gson.internal.sql.SqlDateTypeAdapter                                 : loaded 3 times (x 76B)
Class com.google.gson.internal.bind.ObjectTypeAdapter$1                               : loaded 3 times (x 78B)
Class com.google.gson.Gson$FutureTypeAdapter                                          : loaded 3 times (x 78B)
Class com.google.gson.ReflectionAccessFilter$FilterResult                             : loaded 3 times (x 81B)
Class org.jetbrains.plugins.gradle.model.ProjectImportModelProvider$GradleModelConsumer: loaded 3 times (x 72B)
Class com.android.tools.idea.gradle.project.sync.SyncActionOptions                    : loaded 3 times (x 74B)
Class com.android.tools.idea.gradle.model.impl.IdeBuildImpl                           : loaded 3 times (x 78B)
Class [Lcom.android.tools.idea.gradle.model.ResolverType;                             : loaded 3 times (x 71B)
Class com.google.gson.internal.bind.TypeAdapterRuntimeTypeWrapper                     : loaded 3 times (x 76B)
Class [Lorg.gradle.tooling.internal.adapter.MethodInvoker;                            : loaded 3 times (x 71B)
Class com.google.gson.internal.LazilyParsedNumber                                     : loaded 3 times (x 80B)
Class com.android.tools.idea.gradle.model.IdeDependenciesInfo                         : loaded 3 times (x 72B)
Class com.android.tools.idea.gradle.model.IdeDependencyCore                           : loaded 3 times (x 72B)
Class com.android.builder.model.v2.models.BaseTestSuiteSourceIdentity                 : loaded 3 times (x 72B)
Class com.android.tools.idea.gradle.project.sync.AndroidModule                        : loaded 3 times (x 90B)
Class com.google.gson.internal.sql.SqlTimeTypeAdapter$1                               : loaded 3 times (x 77B)
Class com.google.gson.internal.bind.MapTypeAdapterFactory$Adapter                     : loaded 3 times (x 76B)
Class com.android.tools.idea.projectsystem.gradle.sync.Counter$time$1                 : loaded 3 times (x 80B)
Class org.jetbrains.plugins.gradle.model.MavenRepositoryModel                         : loaded 3 times (x 72B)
Class com.android.tools.idea.gradle.project.sync.VariantDependenciesCompat            : loaded 3 times (x 74B)
Class org.jetbrains.kotlin.gradle.idea.tcs.IdeaKotlinDependency                       : loaded 3 times (x 72B)
Class org.jetbrains.plugins.gradle.model.tests.ExternalTestSourceMapping              : loaded 3 times (x 72B)
Class com.android.tools.idea.gradle.project.sync.FetchedVariantResult$InProgress      : loaded 3 times (x 73B)
Class com.android.tools.idea.gradle.project.sync.ModelFetchersKt$findVariantDependenciesV2Model$findModel$1: loaded 3 times (x 77B)
Class com.google.gson.internal.bind.DefaultDateTypeAdapter$DateType$1                 : loaded 3 times (x 75B)
Class com.android.tools.idea.gradle.project.sync.ModelFeature                         : loaded 3 times (x 81B)
Class org.jetbrains.plugins.gradle.tooling.serialization.internal.IdeaProjectSerializationService$TestResourceDirectoriesGetter: loaded 3 times (x 77B)
Class com.android.tools.idea.gradle.model.impl.IdeBuildTypeImpl                       : loaded 3 times (x 95B)
Class com.android.tools.idea.gradle.model.impl.IdeAndroidArtifactCoreImpl             : loaded 3 times (x 105B)
Class org.jetbrains.kotlin.idea.gradleTooling.KotlinMPPGradleModel$Companion          : loaded 3 times (x 73B)
Class com.android.ide.common.gradle.Component                                         : loaded 3 times (x 74B)
Class com.intellij.util.ReflectionUtilRt                                              : loaded 3 times (x 73B)
Class org.gradle.tooling.internal.consumer.converters.GradleProjectIdentifierMixin    : loaded 3 times (x 75B)
Class com.android.tools.idea.gradle.model.impl.IdeJavaCompileOptionsImpl              : loaded 3 times (x 80B)
Class com.android.tools.idea.gradle.model.IdeAndroidGradlePluginProjectFlags          : loaded 3 times (x 72B)
Class com.android.tools.idea.gradle.project.sync.ArtifactDependenciesCompat           : loaded 3 times (x 74B)
Class com.android.tools.idea.gradle.project.sync.IdeModelFactoryV2Kt                  : loaded 3 times (x 73B)
Class com.android.tools.idea.gradle.project.sync.AgpCompatibilityKt$WhenMappings      : loaded 3 times (x 73B)
Class com.google.common.collect.ComparisonChain                                       : loaded 3 times (x 82B)
Class com.android.tools.idea.projectsystem.gradle.sync.Counter$time$2                 : loaded 3 times (x 80B)
Class com.android.tools.idea.gradle.model.IdeBasicVariant                             : loaded 3 times (x 72B)
Class com.google.gson.Gson$5                                                          : loaded 3 times (x 78B)
Class jdk.internal.jrtfs.JrtPath                                                      : loaded 2 times (x 124B)
Class jdk.internal.jimage.ImageBufferCache                                            : loaded 2 times (x 73B)
Class com.google.common.collect.Maps$EntryFunction                                    : loaded 2 times (x 93B)
Class [Lcom.android.ide.gradle.model.builder.LegacyAndroidGradlePluginPropertiesModelBuilder$PluginType;: loaded 2 times (x 71B)
Class org.jetbrains.kotlin.idea.gradleTooling.reflect.KotlinSourceSetReflectionImpl$Companion: loaded 2 times (x 73B)
Class com.intellij.gradle.toolingExtension.impl.model.buildScriptClasspathModel.DefaultGradleBuildScriptClasspathModel: loaded 2 times (x 85B)
Class com.intellij.gradle.toolingExtension.impl.model.sourceSetDependencyModel.GradleSourceSetDependencyResolver: loaded 2 times (x 74B)
Class org.jetbrains.plugins.gradle.model.DefaultExternalProject                       : loaded 2 times (x 97B)
Class com.intellij.gradle.toolingExtension.impl.model.sourceSetDependencyModel.GradleSourceSetDependencyModelBuilder: loaded 2 times (x 88B)
Class org.jetbrains.kotlin.metadata.jvm.deserialization.JvmMemberSignature            : loaded 2 times (x 76B)
Class [Lorg.jetbrains.kotlin.metadata.ProtoBuf$TypeParameter$Variance;                : loaded 2 times (x 71B)
Class org.jetbrains.kotlin.metadata.ProtoBuf$Constructor                              : loaded 2 times (x 131B)
Class org.jetbrains.kotlin.load.kotlin.header.KotlinClassHeader$Kind                  : loaded 2 times (x 81B)
Class org.jetbrains.kotlin.load.kotlin.KotlinJvmBinaryClass$AnnotationArgumentVisitor : loaded 2 times (x 72B)
Class kotlinx.coroutines.NonDisposableHandle                                          : loaded 2 times (x 80B)
Class com.google.common.util.concurrent.Uninterruptibles                              : loaded 2 times (x 73B)
Class com.google.common.reflect.Types$ClassOwnership$1LocalClass                      : loaded 2 times (x 73B)
Class org.jetbrains.kotlin.load.kotlin.FileBasedKotlinClass                           : loaded 2 times (x 90B)
Class org.jetbrains.kotlin.protobuf.WireFormat$FieldType                              : loaded 2 times (x 84B)
Class org.jetbrains.kotlin.metadata.ProtoBuf$AnnotationOrBuilder                      : loaded 2 times (x 72B)
Class org.jetbrains.kotlin.com.intellij.openapi.diagnostic.Logger$Factory             : loaded 2 times (x 72B)
Class org.jetbrains.kotlin.idea.gradleTooling.reflect.ReflectionKt                    : loaded 2 times (x 73B)
Class org.jetbrains.kotlin.idea.gradleTooling.AndroidAwareGradleModelProvider$Result  : loaded 2 times (x 74B)
Class com.google.gson.internal.GsonTypes                                              : loaded 2 times (x 73B)
Class com.google.common.cache.CacheBuilder$OneWeigher                                 : loaded 2 times (x 84B)
Class com.google.common.collect.IndexedImmutableSet$1                                 : loaded 2 times (x 215B)
Class kotlinx.coroutines.CoroutineDispatcher                                          : loaded 2 times (x 102B)
Class kotlinx.coroutines.flow.internal.NopCollector                                   : loaded 2 times (x 76B)
Class kotlinx.coroutines.CancellableContinuationImpl                                  : loaded 2 times (x 131B)
Class org.jetbrains.plugins.gradle.tooling.AbstractModelBuilderService                : loaded 2 times (x 88B)
Class org.jetbrains.kotlin.resolve.scopes.receivers.ReceiverValue                     : loaded 2 times (x 72B)
Class org.jetbrains.org.objectweb.asm.ModuleVisitor                                   : loaded 2 times (x 83B)
Class org.jetbrains.kotlin.metadata.jvm.JvmProtoBuf$JvmMethodSignature$Builder        : loaded 2 times (x 136B)
Class org.jetbrains.kotlin.metadata.ProtoBuf$VersionRequirementTableOrBuilder         : loaded 2 times (x 72B)
Class org.jetbrains.kotlin.metadata.jvm.JvmProtoBuf$JvmFieldSignatureOrBuilder        : loaded 2 times (x 72B)
Class com.google.common.io.CharSource                                                 : loaded 2 times (x 87B)
Class com.google.common.util.concurrent.LazyLogger                                    : loaded 2 times (x 74B)
Class com.google.common.collect.Maps                                                  : loaded 2 times (x 73B)
Class org.gradle.api.specs.Spec                                                       : loaded 2 times (x 72B)
Class [Lorg.jetbrains.kotlin.cli.common.CompilerSystemProperties;                     : loaded 2 times (x 71B)
Class org.jetbrains.kotlin.name.ClassId$Companion                                     : loaded 2 times (x 73B)
Class org.jetbrains.kotlin.load.kotlin.header.ReadKotlinClassHeaderAnnotationVisitor$KotlinMetadataArgumentVisitor: loaded 2 times (x 88B)
Class org.jetbrains.kotlin.protobuf.MessageLiteOrBuilder                              : loaded 2 times (x 72B)
Class org.jetbrains.kotlin.metadata.jvm.JvmProtoBuf$JvmMethodSignature                : loaded 2 times (x 110B)
Class org.jetbrains.kotlin.tooling.core.InternerImpl                                  : loaded 2 times (x 78B)
Class org.jetbrains.kotlin.descriptors.DelegatedDescriptorVisibility                  : loaded 2 times (x 81B)
Class org.jetbrains.kotlin.load.kotlin.header.KotlinClassHeader                       : loaded 2 times (x 74B)
Class org.jetbrains.kotlin.name.Name                                                  : loaded 2 times (x 77B)
Class com.google.common.reflect.Types$JavaVersion                                     : loaded 2 times (x 85B)
Class com.google.common.collect.MapMaker                                              : loaded 2 times (x 74B)
Class [Lcom.google.common.collect.ImmutableEntry;                                     : loaded 2 times (x 71B)
Class org.jetbrains.kotlin.metadata.ProtoBuf$TypeTable                                : loaded 2 times (x 111B)
Class org.jetbrains.kotlin.metadata.jvm.JvmProtoBuf$JvmFieldSignature$1               : loaded 2 times (x 146B)
Class org.jetbrains.kotlin.metadata.jvm.deserialization.UtfEncodingKt                 : loaded 2 times (x 73B)
Class com.intellij.gradle.toolingExtension.impl.javaModel.manifestModel.JavaGradleManifestModelBuilder: loaded 2 times (x 88B)
Class org.jetbrains.kotlin.idea.gradleTooling.KotlinDslScriptTaskModelBuilder$Companion: loaded 2 times (x 73B)
Class org.jetbrains.plugins.gradle.tooling.util.StringUtils                           : loaded 2 times (x 73B)
Class com.google.gson.internal.bind.TypeAdapters$32$1                                 : loaded 2 times (x 76B)
Class org.jetbrains.plugins.gradle.tooling.builder.WarModelBuilderImpl                : loaded 2 times (x 88B)
Class com.intellij.gradle.toolingExtension.impl.modelBuilder.ExtraModelBuilder        : loaded 2 times (x 87B)
Class org.jetbrains.kotlin.metadata.deserialization.Flags                             : loaded 2 times (x 73B)
Class org.jetbrains.org.objectweb.asm.Symbol                                          : loaded 2 times (x 75B)
Class org.jetbrains.kotlin.metadata.ProtoBuf$TypeTable$1                              : loaded 2 times (x 146B)
Class com.google.common.collect.Sets$3$1                                              : loaded 2 times (x 84B)
Class kotlinx.coroutines.CoroutineContextKt                                           : loaded 2 times (x 73B)
Class kotlinx.coroutines.flow.FlowKt__CollectKt                                       : loaded 2 times (x 73B)
Class com.google.common.cache.LocalCache$LoadingValueReference                        : loaded 2 times (x 98B)
Class org.jetbrains.kotlin.idea.gradleTooling.reflect.TypeToken                       : loaded 2 times (x 74B)
Class com.google.common.collect.ImmutableMapEntry$NonTerminalImmutableMapEntry        : loaded 2 times (x 87B)
Class com.google.common.base.Equivalence                                              : loaded 2 times (x 84B)
Class kotlinx.coroutines.CompletionStateKt                                            : loaded 2 times (x 73B)
Class com.google.common.collect.ImmutableMultimap                                     : loaded 2 times (x 148B)
Class com.google.common.base.Predicates                                               : loaded 2 times (x 73B)
Class org.jetbrains.kotlin.build.report.metrics.DoNothingBuildMetricsReporter         : loaded 2 times (x 88B)
Class org.jetbrains.kotlin.name.FqName                                                : loaded 2 times (x 74B)
Class org.jetbrains.org.objectweb.asm.Type                                            : loaded 2 times (x 74B)
Class org.jetbrains.kotlin.metadata.ProtoBuf$Property                                 : loaded 2 times (x 173B)
Class org.jetbrains.kotlin.metadata.ProtoBuf$TypeParameterOrBuilder                   : loaded 2 times (x 72B)
Class org.jetbrains.kotlin.descriptors.CallableMemberDescriptor$Kind                  : loaded 2 times (x 81B)
Class org.jetbrains.kotlin.idea.gradleTooling.reflect.Parameter                       : loaded 2 times (x 74B)
Class org.jetbrains.plugins.gradle.tooling.builder.EarModelBuilderImpl                : loaded 2 times (x 88B)
Class org.jetbrains.kotlin.idea.gradleTooling.PrepareKotlinIdeaImportTaskModelBuilder$KotlinNativePlatformDependenciesKt: loaded 2 times (x 73B)
Class com.intellij.gradle.toolingExtension.impl.model.buildScriptClasspathModel.GradleBuildScriptClasspathModelBuilder: loaded 2 times (x 88B)
Class org.jetbrains.kotlin.metadata.ProtoBuf$Function                                 : loaded 2 times (x 162B)
Class kotlin.SynchronizedLazyImpl                                                     : loaded 2 times (x 78B)
Class com.google.common.reflect.Invokable$MethodInvokable                             : loaded 2 times (x 109B)
Class com.google.common.collect.MapMakerInternalMap$StrongKeyDummyValueEntry          : loaded 2 times (x 84B)
Class com.google.common.io.LineReader$1                                               : loaded 2 times (x 77B)
Class com.google.common.collect.CollectSpliterators                                   : loaded 2 times (x 73B)
Class com.google.common.collect.AbstractMapBasedMultimap$AsMap                        : loaded 2 times (x 130B)
Class kotlinx.coroutines.internal.DispatchedContinuation                              : loaded 2 times (x 91B)
Class com.google.common.base.Platform                                                 : loaded 2 times (x 73B)
Class kotlinx.coroutines.internal.Symbol                                              : loaded 2 times (x 74B)
Class jdk.internal.jimage.decompressor.ResourceDecompressorRepository                 : loaded 2 times (x 73B)
Class sync_studio_tooling12687_5fj25l5cn6jrdu3bnvwnyft1c$_run_closure1                : loaded 2 times (x 140B)
Class org.jetbrains.plugins.gradle.tooling.ModelBuilderService$ParameterizedModelBuilderService: loaded 2 times (x 72B)
Class com.google.common.collect.ImmutableMapEntry                                     : loaded 2 times (x 87B)
Class com.google.common.collect.MapMakerInternalMap$InternalEntry                     : loaded 2 times (x 72B)
Class com.google.common.reflect.Types$TypeVariableInvocationHandler                   : loaded 2 times (x 77B)
Class org.jetbrains.kotlin.build.report.metrics.BuildTime                             : loaded 2 times (x 72B)
Class org.jetbrains.kotlin.load.kotlin.header.ReadKotlinClassHeaderAnnotationVisitor$KotlinMetadataArgumentVisitor$2: loaded 2 times (x 87B)
Class org.jetbrains.kotlin.metadata.jvm.JvmProtoBuf$StringTableTypes$Record$1         : loaded 2 times (x 146B)
Class org.jetbrains.org.objectweb.asm.tree.AnnotationNode                             : loaded 2 times (x 82B)
Class org.jetbrains.kotlin.metadata.ProtoBuf$VersionRequirement$1                     : loaded 2 times (x 146B)
Class com.intellij.gradle.toolingExtension.impl.modelBuilder.DefaultMessageReporter   : loaded 2 times (x 77B)
Class com.intellij.gradle.toolingExtension.impl.model.buildScriptClasspathModel.GradleBuildScriptClasspathSerializationService$1: loaded 2 times (x 78B)
Class com.google.gson.internal.bind.EnumTypeAdapter                                   : loaded 2 times (x 78B)
Class com.google.common.math.IntMath                                                  : loaded 2 times (x 73B)
Class com.google.common.collect.AbstractMapBasedMultimap$KeySet                       : loaded 2 times (x 139B)
Class com.google.common.collect.Streams                                               : loaded 2 times (x 73B)
Class org.jetbrains.kotlin.load.kotlin.header.ReadKotlinClassHeaderAnnotationVisitor$KotlinMetadataArgumentVisitor$1: loaded 2 times (x 87B)
Class org.jetbrains.kotlin.metadata.ProtoBuf$Class$1                                  : loaded 2 times (x 146B)
Class org.jetbrains.kotlin.protobuf.ExtensionRegistryLite$ObjectIntPair               : loaded 2 times (x 74B)
Class org.jetbrains.kotlin.descriptors.Visibilities$Public                            : loaded 2 times (x 81B)
Class org.jetbrains.kotlin.tooling.core.InternerImpl$Store                            : loaded 2 times (x 72B)
Class org.jetbrains.kotlin.idea.gradleTooling.KotlinGradlePluginVersionImpl           : loaded 2 times (x 80B)
Class org.jetbrains.kotlin.tooling.core.KotlinToolingVersionKt                        : loaded 2 times (x 73B)
Class org.gradle.internal.service.CachingServiceLocator                               : loaded 2 times (x 84B)
Class org.jetbrains.plugins.gradle.tooling.serialization.RepositoriesModelSerializationService$1: loaded 2 times (x 78B)
Class org.jetbrains.kotlin.metadata.ProtoBuf$VersionRequirementTable                  : loaded 2 times (x 109B)
Class org.jetbrains.kotlin.protobuf.LazyField                                         : loaded 2 times (x 85B)
Class org.jetbrains.kotlin.load.kotlin.header.ReadKotlinClassHeaderAnnotationVisitor  : loaded 2 times (x 82B)
Class com.google.common.collect.AbstractMapBasedMultimap$WrappedList                  : loaded 2 times (x 207B)
Class [Lorg.objectweb.asm.AnnotationWriter;                                           : loaded 2 times (x 71B)
Class com.google.common.collect.Maps$8                                                : loaded 2 times (x 84B)
Class jdk.internal.jimage.ImageReader$Directory                                       : loaded 2 times (x 86B)
Class kotlinx.coroutines.flow.internal.FusibleFlow                                    : loaded 2 times (x 72B)
Class com.google.common.cache.LocalCache$LocalManualCache                             : loaded 2 times (x 101B)
Class com.google.common.base.CommonPattern                                            : loaded 2 times (x 76B)
Class kotlinx.coroutines.ChildContinuation                                            : loaded 2 times (x 88B)
Class com.google.common.collect.ImmutableMap$SerializedForm                           : loaded 2 times (x 75B)
Class com.intellij.gradle.toolingExtension.impl.model.dependencyModel.auxiliary.AuxiliaryArtifactResolverImpl: loaded 2 times (x 78B)
Class com.android.ide.gradle.model.builder.LegacyAndroidGradlePluginPropertiesModelBuilder$PluginType: loaded 2 times (x 81B)
Class org.gradle.internal.classloader.ClassLoaderFactory                              : loaded 2 times (x 72B)
Class [Lcom.google.common.cache.LocalCache$EntryFactory;                              : loaded 2 times (x 71B)
Class kotlinx.coroutines.JobKt                                                        : loaded 2 times (x 73B)
Class kotlinx.coroutines.ChildHandleNode                                              : loaded 2 times (x 92B)
Class kotlinx.coroutines.scheduling.SchedulerCoroutineDispatcher                      : loaded 2 times (x 110B)
Class [Lorg.jetbrains.kotlin.protobuf.Internal$EnumLite;                              : loaded 2 times (x 71B)
Class org.jetbrains.kotlin.com.intellij.openapi.diagnostic.LogLevel                   : loaded 2 times (x 81B)
Class org.jetbrains.plugins.gradle.tooling.builder.ProjectExtensionsDataBuilderImpl$Companion: loaded 2 times (x 73B)
Class [Lorg.jetbrains.kotlin.tooling.core.KotlinToolingVersion$Maturity;              : loaded 2 times (x 71B)
Class org.gradle.internal.service.ServiceLookupException                              : loaded 2 times (x 84B)
Class com.android.ide.gradle.model.builder.GradlePropertiesModelBuilder               : loaded 2 times (x 77B)
Class org.jetbrains.kotlin.idea.gradleTooling.reflect.KotlinMultiplatformImportReflectionImpl$Companion: loaded 2 times (x 73B)
Class org.jetbrains.org.objectweb.asm.tree.LineNumberNode                             : loaded 2 times (x 80B)
Class org.jetbrains.kotlin.descriptors.DescriptorVisibilities$10                      : loaded 2 times (x 78B)
Class kotlin.collections.ArrayAsCollection                                            : loaded 2 times (x 107B)
Class org.jetbrains.kotlin.metadata.ProtoBuf$TypeParameter$1                          : loaded 2 times (x 146B)
Class kotlin.LazyKt__LazyKt                                                           : loaded 2 times (x 73B)
Class com.google.common.base.Predicates$CompositionPredicate                          : loaded 2 times (x 90B)
Class org.jetbrains.kotlin.com.google.common.base.Function                            : loaded 2 times (x 72B)
Class [Lcom.google.common.collect.Iterators$EmptyModifiableIterator;                  : loaded 2 times (x 71B)
Class com.google.common.collect.Sets$SetView                                          : loaded 2 times (x 141B)
Class com.google.common.cache.LocalCache$StrongValueReference                         : loaded 2 times (x 92B)
Class jdk.internal.jimage.decompressor.Decompressor                                   : loaded 2 times (x 74B)
Class com.google.common.collect.Maps$EntryTransformer                                 : loaded 2 times (x 72B)
Class kotlinx.coroutines.ChildJob                                                     : loaded 2 times (x 72B)
Class kotlinx.coroutines.internal.SystemPropsKt__SystemPropsKt                        : loaded 2 times (x 73B)
Class kotlinx.coroutines.scheduling.TasksKt                                           : loaded 2 times (x 73B)
Class kotlinx.coroutines.CopyableThrowable                                            : loaded 2 times (x 72B)
Class org.jetbrains.kotlin.cli.common.CompilerSystemProperties$value$1                : loaded 2 times (x 131B)
Class com.google.common.reflect.TypeResolver$TypeTable$1                              : loaded 2 times (x 75B)
Class org.jetbrains.kotlin.protobuf.AbstractParser                                    : loaded 2 times (x 146B)
Class org.jetbrains.kotlin.metadata.ProtoBuf$Annotation$1                             : loaded 2 times (x 146B)
Class org.jetbrains.kotlin.metadata.ProtoBuf$VersionRequirement$VersionKind$1         : loaded 2 times (x 76B)
Class org.jetbrains.kotlin.idea.gradleTooling.GetAdditionalVisibleSourceSetsKt        : loaded 2 times (x 73B)
Class [Lorg.jetbrains.plugins.gradle.tooling.Message$Kind;                            : loaded 2 times (x 71B)
Class org.jetbrains.plugins.gradle.model.DefaultUnresolvedExternalDependency          : loaded 2 times (x 113B)
Class org.jetbrains.kotlin.descriptors.DescriptorVisibilities$11                      : loaded 2 times (x 78B)
Class org.jetbrains.kotlin.metadata.deserialization.BinaryVersion$Companion           : loaded 2 times (x 73B)
Class kotlin.UNINITIALIZED_VALUE                                                      : loaded 2 times (x 73B)
Class com.google.common.graph.SuccessorsFunction                                      : loaded 2 times (x 72B)
Class org.objectweb.asm.Type                                                          : loaded 2 times (x 74B)
Class org.gradle.internal.classloader.VisitableURLClassLoader$InstrumentingVisitableURLClassLoader: loaded 2 times (x 124B)
Class org.jetbrains.plugins.gradle.model.DefaultGradleProperty                        : loaded 2 times (x 80B)
Class com.google.common.cache.CacheLoader$SupplierToCacheLoader                       : loaded 2 times (x 77B)
Class org.objectweb.asm.RecordComponentVisitor                                        : loaded 2 times (x 79B)
Class com.google.common.collect.ImmutableMultiset                                     : loaded 2 times (x 165B)
Class com.google.common.io.CharStreams                                                : loaded 2 times (x 73B)
Class com.google.common.reflect.TypeResolver$TypeTable                                : loaded 2 times (x 75B)
Class ijJvmDebugger2_64bc8mq8ck8s8nn2szfheeixz                                        : loaded 2 times (x 173B)
Class kotlin.LazyKt__LazyJVMKt                                                        : loaded 2 times (x 73B)
Class org.jetbrains.kotlin.descriptors.Visibilities$Private                           : loaded 2 times (x 81B)
Class com.google.common.base.FunctionalEquivalence                                    : loaded 2 times (x 85B)
Class com.google.common.util.concurrent.AbstractFuture                                : loaded 2 times (x 108B)
Class com.google.common.collect.AbstractMapBasedMultimap                              : loaded 2 times (x 140B)
Class kotlinx.coroutines.internal.Removed                                             : loaded 2 times (x 74B)
Class org.jetbrains.kotlin.com.intellij.openapi.diagnostic.Logger$DefaultFactory      : loaded 2 times (x 76B)
Class com.intellij.gradle.toolingExtension.impl.model.taskModel.GradleTaskModelBuilder: loaded 2 times (x 88B)
Class org.jetbrains.kotlin.idea.gradleTooling.model.annotation.AnnotationBasedPluginModelBuilderService: loaded 2 times (x 87B)
Class com.intellij.util.ExceptionUtilRt                                               : loaded 2 times (x 73B)
Class org.jetbrains.kotlin.idea.gradleTooling.reflect.KotlinSwiftExportReflection     : loaded 2 times (x 72B)
Class org.jetbrains.kotlin.descriptors.DescriptorVisibilities$12                      : loaded 2 times (x 78B)
Class org.jetbrains.kotlin.metadata.ProtoBuf$ClassOrBuilder                           : loaded 2 times (x 72B)
Class org.jetbrains.kotlin.metadata.ProtoBuf$ValueParameter                           : loaded 2 times (x 134B)
Class com.google.common.collect.MapMakerInternalMap$StrongKeyDummyValueEntry$Helper   : loaded 2 times (x 81B)
Class com.google.common.io.Files$FileByteSink                                         : loaded 2 times (x 79B)
Class kotlinx.coroutines.Job$DefaultImpls                                             : loaded 2 times (x 73B)
Class com.google.common.math.IntMath$1                                                : loaded 2 times (x 73B)
Class org.objectweb.asm.ByteVector                                                    : loaded 2 times (x 81B)
Class [Lcom.google.common.cache.CacheBuilder$NullListener;                            : loaded 2 times (x 71B)
Class ijInit3_dhuzs7mxe20o9epi74zqbeluf$_run_closure1                                 : loaded 2 times (x 141B)
Class org.gradle.internal.classloader.VisitableURLClassLoader$Spec                    : loaded 2 times (x 76B)
Class org.gradle.internal.classpath.DefaultClassPath                                  : loaded 2 times (x 92B)
Class com.intellij.gradle.toolingExtension.impl.model.repositoryModel.DefaultProjectRepositoriesModel: loaded 2 times (x 78B)
Class com.android.ide.gradle.model.builder.AndroidStudioToolingPlugin                 : loaded 2 times (x 77B)
Class jdk.internal.jimage.BasicImageReader$1                                          : loaded 2 times (x 79B)
Class com.google.common.base.Converter                                                : loaded 2 times (x 92B)
Class com.google.common.cache.ReferenceEntry                                          : loaded 2 times (x 72B)
Class com.google.common.util.concurrent.ListenableFuture                              : loaded 2 times (x 72B)
Class org.jetbrains.kotlin.build.report.metrics.GradleBuildTime$Companion             : loaded 2 times (x 73B)
Class org.jetbrains.kotlin.load.kotlin.KotlinJvmBinaryClass$AnnotationVisitor         : loaded 2 times (x 72B)
Class org.jetbrains.kotlin.metadata.jvm.deserialization.JvmProtoBufUtil               : loaded 2 times (x 73B)
Class org.jetbrains.kotlin.metadata.ProtoBuf$Function$1                               : loaded 2 times (x 146B)
Class kotlin.collections.IndexedValue                                                 : loaded 2 times (x 74B)
Class org.jetbrains.org.objectweb.asm.AnnotationWriter                                : loaded 2 times (x 80B)
Class org.jetbrains.kotlin.metadata.deserialization.Flags$BooleanFlagField            : loaded 2 times (x 78B)
Class org.jetbrains.plugins.gradle.model.DefaultExternalLibraryDependency             : loaded 2 times (x 113B)
Class com.android.ide.gradle.model.dependencies.DeclaredDependenciesModelBuilder$Companion: loaded 2 times (x 73B)
Class com.android.ide.gradle.model.dependencies.CoordinatesImpl                       : loaded 2 times (x 79B)
Class org.gradle.api.internal.classpath.DefaultModuleRegistry                         : loaded 2 times (x 86B)
Class jdk.internal.jimage.ImageReader$Node                                            : loaded 2 times (x 86B)
Class org.jetbrains.plugins.gradle.tooling.util.BooleanBiFunction                     : loaded 2 times (x 72B)
Class com.intellij.gradle.toolingExtension.impl.model.sourceSetArtifactIndex.GradleSourceSetArtifactIndex: loaded 2 times (x 80B)
Class org.jetbrains.kotlin.idea.gradleTooling.KotlinMPPGradleModelBinary              : loaded 2 times (x 72B)
Class com.intellij.openapi.externalSystem.model.project.dependencies.ArtifactDependencyNode: loaded 2 times (x 72B)
Class org.jetbrains.org.objectweb.asm.Handler                                         : loaded 2 times (x 74B)
Class org.jetbrains.kotlin.metadata.ProtoBuf$Annotation$Argument$ValueOrBuilder       : loaded 2 times (x 72B)
Class [Lorg.jetbrains.kotlin.build.report.metrics.GradleBuildTime;                    : loaded 2 times (x 71B)
Class com.google.common.reflect.Types$ClassOwnership                                  : loaded 2 times (x 82B)
Class com.google.common.base.AbstractIterator                                         : loaded 2 times (x 82B)
Class org.objectweb.asm.Symbol                                                        : loaded 2 times (x 75B)
Class jdk.internal.jimage.decompressor.ZipDecompressorFactory                         : loaded 2 times (x 76B)
Class com.google.common.cache.LocalCache$LocalManualCache$1                           : loaded 2 times (x 77B)
Class kotlinx.coroutines.Job$Key                                                      : loaded 2 times (x 73B)
Class com.google.common.collect.ImmutableMultimap$Values                              : loaded 2 times (x 128B)
Class com.google.common.collect.Iterators$6                                           : loaded 2 times (x 83B)
Class org.jetbrains.kotlin.name.FqNameUnsafe                                          : loaded 2 times (x 74B)
Class org.jetbrains.kotlin.load.kotlin.FileBasedKotlinClass$3$1                       : loaded 2 times (x 80B)
Class org.jetbrains.kotlin.metadata.jvm.JvmProtoBuf$JvmMethodSignature$1              : loaded 2 times (x 146B)
Class org.jetbrains.kotlin.protobuf.WireFormat$FieldType$4                            : loaded 2 times (x 84B)
Class org.jetbrains.kotlin.metadata.ProtoBuf$Type$1                                   : loaded 2 times (x 146B)
Class org.jetbrains.kotlin.idea.gradleTooling.UtilsKt                                 : loaded 2 times (x 73B)
Class org.jetbrains.kotlin.idea.gradleTooling.KotlinDslScriptTaskModelBuilder         : loaded 2 times (x 88B)
Class org.jetbrains.kotlin.metadata.ProtoBuf$Visibility                               : loaded 2 times (x 84B)
Class org.jetbrains.kotlin.metadata.jvm.deserialization.JvmMemberSignature$Field      : loaded 2 times (x 77B)
Class org.jetbrains.kotlin.metadata.ProtoBuf$ConstructorOrBuilder                     : loaded 2 times (x 72B)
Class org.jetbrains.kotlin.metadata.jvm.JvmProtoBuf                                   : loaded 2 times (x 73B)
Class com.google.common.collect.Sets$FilteredSet                                      : loaded 2 times (x 139B)
Class com.google.common.io.Java8Compatibility                                         : loaded 2 times (x 73B)
Class com.google.common.io.Closer                                                     : loaded 2 times (x 80B)
Class kotlinx.coroutines.TimeoutCancellationException                                 : loaded 2 times (x 87B)
Class kotlinx.coroutines.internal.ListClosed                                          : loaded 2 times (x 76B)
Class kotlinx.coroutines.CompletableJob                                               : loaded 2 times (x 72B)
Class com.google.common.collect.RegularImmutableMap$Values                            : loaded 2 times (x 209B)
Class org.gradle.internal.classloader.ClassLoaderSpec                                 : loaded 2 times (x 73B)
Class org.jetbrains.kotlin.metadata.ProtoBuf$Contract$1                               : loaded 2 times (x 146B)
Class [Lorg.jetbrains.kotlin.metadata.ProtoBuf$Annotation$Argument$Value$Type;        : loaded 2 times (x 71B)
Class org.jetbrains.kotlin.metadata.ProtoBuf$VersionRequirementOrBuilder              : loaded 2 times (x 72B)
Class org.jetbrains.kotlin.metadata.ProtoBuf$VersionRequirement$Level                 : loaded 2 times (x 84B)
Class org.jetbrains.kotlin.descriptors.Visibilities$Internal                          : loaded 2 times (x 81B)
Class jdk.internal.jimage.decompressor.ResourceDecompressorFactory                    : loaded 2 times (x 76B)
Class com.google.common.util.concurrent.internal.InternalFutureFailureAccess          : loaded 2 times (x 74B)
Class com.google.common.collect.ImmutableSet$JdkBackedSetBuilderImpl                  : loaded 2 times (x 78B)
Class com.google.common.base.Splitter$SplittingIterator                               : loaded 2 times (x 85B)
Class org.jetbrains.org.objectweb.asm.AnnotationVisitor                               : loaded 2 times (x 80B)
Class org.jetbrains.kotlin.protobuf.WireFormat$FieldType$3                            : loaded 2 times (x 84B)
Class org.jetbrains.kotlin.tooling.core.InternerKt                                    : loaded 2 times (x 73B)
Class org.jetbrains.plugins.gradle.model.DefaultExternalProjectDependency             : loaded 2 times (x 122B)
Class org.jetbrains.plugins.gradle.tooling.builder.IntelliJProjectSettingsBuilder     : loaded 2 times (x 80B)
Class org.jetbrains.org.objectweb.asm.tree.AbstractInsnNode                           : loaded 2 times (x 80B)
Class org.jetbrains.kotlin.descriptors.DeclarationDescriptorWithVisibility            : loaded 2 times (x 72B)
Class org.jetbrains.kotlin.protobuf.SmallSortedMap                                    : loaded 2 times (x 131B)
Class com.google.common.io.ByteSource$EmptyByteSource                                 : loaded 2 times (x 87B)
Class kotlinx.coroutines.DebugStringsKt                                               : loaded 2 times (x 73B)
Class org.objectweb.asm.AnnotationWriter                                              : loaded 2 times (x 80B)
Class com.google.common.cache.CacheStats                                              : loaded 2 times (x 73B)
Class org.jetbrains.plugins.gradle.tooling.MessageBuilder                             : loaded 2 times (x 72B)
Class org.gradle.internal.installation.GradleInstallation$1                           : loaded 2 times (x 77B)
Class org.gradle.api.internal.classpath.ModuleRegistry                                : loaded 2 times (x 72B)
Class jdk.internal.jimage.ImageReader$SharedImageReader                               : loaded 2 times (x 97B)
Class com.google.common.collect.ImmutableBiMap                                        : loaded 2 times (x 145B)
Class com.google.common.cache.CacheLoader                                             : loaded 2 times (x 76B)
Class [Lorg.objectweb.asm.SymbolTable$Entry;                                          : loaded 2 times (x 71B)
Class com.google.common.collect.AbstractListMultimap                                  : loaded 2 times (x 173B)
Class [Lcom.google.common.base.Supplier;                                              : loaded 2 times (x 71B)
Class org.jetbrains.kotlin.protobuf.WireFormat$FieldType$2                            : loaded 2 times (x 84B)
Class [Lorg.jetbrains.kotlin.protobuf.WireFormat$FieldType;                           : loaded 2 times (x 71B)
Class org.jetbrains.kotlin.metadata.ProtoBuf$ValueParameter$1                         : loaded 2 times (x 146B)
Class org.jetbrains.kotlin.metadata.ProtoBuf$TypeParameter                            : loaded 2 times (x 131B)
Class com.intellij.gradle.toolingExtension.impl.model.utilDummyModel.DummyModelBuilder: loaded 2 times (x 88B)
Class com.intellij.openapi.externalSystem.model.project.dependencies.AbstractDependencyNode: loaded 2 times (x 89B)
Class org.jetbrains.plugins.gradle.tooling.builder.VersionCatalogsModelBuilder        : loaded 2 times (x 88B)
Class com.google.gson.internal.bind.EnumTypeAdapter$1                                 : loaded 2 times (x 77B)
Class com.android.ide.gradle.model.builder.LegacyAndroidGradlePluginPropertiesModelBuilder: loaded 2 times (x 82B)
Class jdk.internal.jimage.ImageReader                                                 : loaded 2 times (x 77B)
Class kotlinx.coroutines.flow.MutableSharedFlow                                       : loaded 2 times (x 72B)
Class com.google.common.cache.LocalCache$Segment                                      : loaded 2 times (x 155B)
Class com.intellij.gradle.toolingExtension.impl.model.resourceFilterModel.GradleResourceFilterModelBuilder: loaded 2 times (x 73B)
Class org.jetbrains.kotlin.idea.gradleTooling.KotlinGradleModelBuilder                : loaded 2 times (x 88B)
Class org.jetbrains.kotlin.protobuf.SmallSortedMap$EmptySet                           : loaded 2 times (x 73B)
Class org.jetbrains.kotlin.protobuf.MessageLite                                       : loaded 2 times (x 72B)
Class org.jetbrains.kotlin.load.kotlin.header.KotlinClassHeader$Kind$Companion        : loaded 2 times (x 73B)
Class com.google.common.collect.Interners                                             : loaded 2 times (x 73B)
Class com.google.common.io.Closer$Suppressor                                          : loaded 2 times (x 72B)
Class com.google.common.collect.ImmutableMultisetGwtSerializationDependencies         : loaded 2 times (x 127B)
Class com.google.common.io.LineProcessor                                              : loaded 2 times (x 72B)
Class kotlinx.coroutines.CoroutineStart$WhenMappings                                  : loaded 2 times (x 73B)
Class org.objectweb.asm.RecordComponentWriter                                         : loaded 2 times (x 79B)
Class com.google.common.util.concurrent.AbstractFuture$Listener                       : loaded 2 times (x 74B)
Class Settings_gradle$1$1                                                             : loaded 2 times (x 76B)
Class org.gradle.api.internal.classpath.Module$ModuleAlias                            : loaded 2 times (x 72B)
Class kotlinx.coroutines.internal.ConcurrentLinkedListNode                            : loaded 2 times (x 75B)
Class com.google.common.collect.AbstractMapBasedMultimap$AsMap$AsMapEntries           : loaded 2 times (x 140B)
Class [Lorg.jetbrains.kotlin.cli.common.messages.CompilerMessageSeverity;             : loaded 2 times (x 71B)
Class com.google.common.reflect.TypeToken$2                                           : loaded 2 times (x 112B)
Class org.jetbrains.kotlin.protobuf.ByteString                                        : loaded 2 times (x 110B)
Class org.jetbrains.kotlin.metadata.jvm.JvmProtoBuf$JvmMethodSignatureOrBuilder       : loaded 2 times (x 72B)
Class org.jetbrains.kotlin.protobuf.WireFormat$FieldType$1                            : loaded 2 times (x 84B)
Class org.jetbrains.kotlin.protobuf.GeneratedMessageLite$Builder                      : loaded 2 times (x 130B)
Class org.jetbrains.kotlin.metadata.ProtoBuf$Class$Kind                               : loaded 2 times (x 84B)
Class org.jetbrains.org.objectweb.asm.tree.LocalVariableNode                          : loaded 2 times (x 75B)
Class org.jetbrains.kotlin.idea.gradleTooling.model.assignment.AssignmentModelBuilderService: loaded 2 times (x 87B)
Class com.intellij.compose.ide.plugin.gradleTooling.rt.ComposeResourcesModelBuilder   : loaded 2 times (x 80B)
Class org.jetbrains.plugins.gradle.tooling.MessageReporter                            : loaded 2 times (x 72B)
Class com.intellij.gradle.toolingExtension.impl.model.dependencyDownloadPolicyModel.GradleDependencyDownloadPolicyCache: loaded 2 times (x 77B)
Class com.android.ide.gradle.model.composites.BuildMapModelBuilder                    : loaded 2 times (x 77B)
Class org.jetbrains.kotlin.idea.gradleTooling.reflect.KotlinSourceSetReflectionKt     : loaded 2 times (x 73B)
Class org.jetbrains.kotlin.idea.gradleTooling.model.annotation.AnnotationBasedPluginModel: loaded 2 times (x 72B)
Class com.intellij.gradle.toolingExtension.impl.model.warmUp.GradleTaskWarmUpService  : loaded 2 times (x 88B)
Class com.intellij.gradle.toolingExtension.impl.modelBuilder.DefaultModelBuilderContext: loaded 2 times (x 79B)
Class org.jetbrains.kotlin.cli.common.ModuleVisibilityHelperImpl                      : loaded 2 times (x 76B)
Class ijKotlinCoroutineJvmDebugInit2_1aav36zx5prw6pg9bndmrnzkd$_run_closure1$_closure2: loaded 2 times (x 140B)
Class org.objectweb.asm.Attribute                                                     : loaded 2 times (x 79B)
Class com.google.common.base.Supplier                                                 : loaded 2 times (x 72B)
Class org.gradle.internal.classloader.VisitableURLClassLoader                         : loaded 2 times (x 118B)
Class com.android.ide.gradle.model.impl.GradlePropertiesModelImpl                     : loaded 2 times (x 82B)
Class com.google.common.collect.ImmutableMap$IteratorBasedImmutableMap                : loaded 2 times (x 128B)
Class com.google.common.cache.LocalCache$ComputingValueReference                      : loaded 2 times (x 98B)
Class com.google.common.reflect.TypeToken$1                                           : loaded 2 times (x 112B)
Class org.jetbrains.kotlin.load.kotlin.FileBasedKotlinClass$4                         : loaded 2 times (x 90B)
Class jdk.internal.jimage.ImageStringsReader                                          : loaded 2 times (x 82B)
Class com.google.common.base.Suppliers$SupplierOfInstance                             : loaded 2 times (x 81B)
Class org.objectweb.asm.Edge                                                          : loaded 2 times (x 74B)
Class ijJvmDebugger2_64bc8mq8ck8s8nn2szfheeixz$_run_closure1$_closure2                : loaded 2 times (x 141B)
Class org.jetbrains.kotlin.load.kotlin.FileBasedKotlinClass$3                         : loaded 2 times (x 80B)
Class org.jetbrains.kotlin.metadata.ProtoBuf$Type                                     : loaded 2 times (x 146B)
Class org.jetbrains.kotlin.metadata.ProtoBuf$Property$1                               : loaded 2 times (x 146B)
Class org.jetbrains.kotlin.metadata.ProtoBuf$Class                                    : loaded 2 times (x 187B)
Class org.jetbrains.org.objectweb.asm.ClassWriter                                     : loaded 2 times (x 107B)
Class org.jetbrains.kotlin.idea.gradleTooling.model.noarg.NoArgModelBuilderService    : loaded 2 times (x 87B)
Class com.android.ide.gradle.model.dependencies.DeclaredDependenciesModelBuilderKt    : loaded 2 times (x 73B)
Class org.jetbrains.kotlin.idea.gradleTooling.GeneratedSourceRootsKt                  : loaded 2 times (x 73B)
Class org.jetbrains.kotlin.idea.gradleTooling.model.allopen.AllOpenModelBuilderService: loaded 2 times (x 87B)
Class ijKotlinCoroutineJvmDebugInit2_1aav36zx5prw6pg9bndmrnzkd                        : loaded 2 times (x 173B)
Class com.google.common.collect.ImmutableList$SerializedForm                          : loaded 2 times (x 75B)
Class kotlinx.coroutines.flow.FlowCollector                                           : loaded 2 times (x 72B)
Class Settings_gradle                                                                 : loaded 2 times (x 126B)
Class org.jetbrains.plugins.gradle.DefaultExternalDependencyId                        : loaded 2 times (x 82B)
Class org.jetbrains.kotlin.idea.gradleTooling.reflect.KotlinLanguageSettingsReflection: loaded 2 times (x 72B)
Class org.gradle.api.internal.classpath.DefaultModuleRegistry$DefaultModuleAlias      : loaded 2 times (x 82B)
Class org.objectweb.asm.SymbolTable$Entry                                             : loaded 2 times (x 75B)
Class kotlinx.coroutines.CoroutineDispatcher$Key                                      : loaded 2 times (x 74B)
Class [Lkotlinx.coroutines.CoroutineStart;                                            : loaded 2 times (x 71B)
Class org.jetbrains.kotlin.cli.common.arguments.Freezable                             : loaded 2 times (x 74B)
Class com.google.errorprone.annotations.DoNotMock                                     : loaded 2 times (x 72B)
Class com.google.common.io.CharStreams$NullWriter                                     : loaded 2 times (x 101B)
Class org.jetbrains.kotlin.load.kotlin.FileBasedKotlinClass$2                         : loaded 2 times (x 90B)
Class org.jetbrains.kotlin.protobuf.GeneratedMessageLite$GeneratedExtension           : loaded 2 times (x 81B)
Class org.jetbrains.kotlin.com.intellij.openapi.diagnostic.Logger                     : loaded 2 times (x 101B)
Class org.jetbrains.kotlin.metadata.ProtoBuf$Type$ArgumentOrBuilder                   : loaded 2 times (x 72B)
Class sync_studio_tooling11120_c44w7630ffkzkjpbdpc2wk6qu                              : loaded 2 times (x 173B)
Class com.intellij.gradle.toolingExtension.impl.model.dependencyModel.GradleDependencyResolver$1: loaded 2 times (x 79B)
Class org.jetbrains.kotlin.idea.gradleTooling.PrepareKotlinIdeaImportTaskModelBuilder : loaded 2 times (x 88B)
Class org.jetbrains.org.objectweb.asm.tree.TypeInsnNode                               : loaded 2 times (x 80B)
Class [Lorg.jetbrains.kotlin.metadata.ProtoBuf$VersionRequirement$VersionKind;        : loaded 2 times (x 71B)
Class org.jetbrains.kotlin.protobuf.CodedOutputStream                                 : loaded 2 times (x 74B)
Class org.jetbrains.kotlin.metadata.ProtoBuf$Annotation                               : loaded 2 times (x 111B)
Class com.google.common.collect.MapMakerInternalMap                                   : loaded 2 times (x 162B)
Class kotlinx.coroutines.NodeList                                                     : loaded 2 times (x 80B)
Class kotlinx.coroutines.CompletedExceptionally                                       : loaded 2 times (x 74B)
Class kotlinx.coroutines.JobKt__JobKt                                                 : loaded 2 times (x 73B)
Class com.google.common.base.Strings                                                  : loaded 2 times (x 73B)
Class com.google.common.collect.Sets                                                  : loaded 2 times (x 73B)
Class org.objectweb.asm.Handler                                                       : loaded 2 times (x 74B)
Class com.google.common.base.Ticker                                                   : loaded 2 times (x 74B)
Class jdk.internal.jimage.decompressor.ZipDecompressor                                : loaded 2 times (x 77B)
Class com.google.common.base.JdkPattern                                               : loaded 2 times (x 77B)
Class com.google.common.io.Files$FileByteSource                                       : loaded 2 times (x 87B)
Class com.google.common.collect.Interners$InternerBuilder                             : loaded 2 times (x 78B)
Class [Lcom.google.common.reflect.Types$JavaVersion;                                  : loaded 2 times (x 71B)
Class kotlin.sequences.SequencesKt__SequencesKt$asSequence$$inlined$Sequence$1        : loaded 2 times (x 77B)
Class org.jetbrains.kotlin.load.kotlin.FileBasedKotlinClass$1                         : loaded 2 times (x 90B)
Class org.jetbrains.kotlin.metadata.deserialization.TypeTable                         : loaded 2 times (x 74B)
Class com.intellij.gradle.toolingExtension.impl.model.sourceSetArtifactIndex.GradleSourceSetArtifactIndexBuilder: loaded 2 times (x 88B)
Class org.jetbrains.kotlin.idea.gradleTooling.model.kapt.KaptModelBuilderService      : loaded 2 times (x 88B)
Class com.intellij.openapi.externalSystem.model.project.ExternalSystemSourceType      : loaded 2 times (x 87B)
Class com.intellij.gradle.toolingExtension.impl.javaModel.manifestModel.DefaultJavaGradleManifestModel: loaded 2 times (x 78B)
Class org.jetbrains.kotlin.idea.gradleTooling.reflect.KotlinSourceSetReflection       : loaded 2 times (x 72B)
Class org.gradle.internal.classpath.ClassPath                                         : loaded 2 times (x 72B)
Class sync_studio_tooling12687_5fj25l5cn6jrdu3bnvwnyft1c                              : loaded 2 times (x 173B)
Class Settings_gradle$1                                                               : loaded 2 times (x 76B)
Class com.google.common.cache.CacheBuilder                                            : loaded 2 times (x 74B)
Class com.google.common.io.ByteSink                                                   : loaded 2 times (x 78B)
Class org.jetbrains.plugins.gradle.model.DefaultExternalTask                          : loaded 2 times (x 85B)
Class org.jetbrains.kotlin.cli.common.arguments.K2JVMCompilerArgumentsConfigurator    : loaded 2 times (x 76B)
Class org.jetbrains.plugins.gradle.tooling.builder.WarModelBuilderImplKt              : loaded 2 times (x 73B)
Class [Lorg.jetbrains.kotlin.metadata.jvm.JvmProtoBuf$StringTableTypes$Record$Operation;: loaded 2 times (x 71B)
Class [Lorg.jetbrains.kotlin.load.kotlin.header.KotlinClassHeader$Kind;               : loaded 2 times (x 71B)
Class com.google.common.cache.RemovalCause$1                                          : loaded 2 times (x 82B)
Class [Lcom.google.common.cache.LocalCache$Segment;                                   : loaded 2 times (x 71B)
Class [Lcom.google.common.cache.LocalCache$Strength;                                  : loaded 2 times (x 71B)
Class com.google.common.cache.CacheBuilder$1                                          : loaded 2 times (x 87B)
Class com.google.common.collect.ImmutableMap                                          : loaded 2 times (x 122B)
Class org.gradle.internal.classpath.DefaultClassPath$ImmutableUniqueList$Builder      : loaded 2 times (x 77B)
Class com.google.common.cache.RemovalCause                                            : loaded 2 times (x 82B)
Class org.jetbrains.kotlin.name.FqNameUnsafe$Companion                                : loaded 2 times (x 73B)
Class org.jetbrains.kotlin.load.kotlin.KotlinJvmBinaryClass$AnnotationArrayArgumentVisitor: loaded 2 times (x 72B)
Class org.jetbrains.kotlin.descriptors.DescriptorVisibilities                         : loaded 2 times (x 73B)
Class org.jetbrains.kotlin.descriptors.DeclarationDescriptor                          : loaded 2 times (x 72B)
Class org.jetbrains.org.objectweb.asm.tree.LookupSwitchInsnNode                       : loaded 2 times (x 80B)
Class org.jetbrains.plugins.gradle.tooling.ModelBuilderService                        : loaded 2 times (x 72B)
Class org.jetbrains.kotlin.idea.gradleTooling.PrepareKotlinIdeaImportTaskModelBuilder$Companion: loaded 2 times (x 73B)
Class com.google.gson.internal.Streams$AppendableWriter$CurrentWrite                  : loaded 2 times (x 92B)
Class jdk.internal.jimage.decompressor.ResourceDecompressor                           : loaded 2 times (x 72B)
Class kotlinx.coroutines.ThreadContextElement                                         : loaded 2 times (x 72B)
Class kotlinx.coroutines.internal.SystemPropsKt__SystemProps_commonKt                 : loaded 2 times (x 73B)
Class kotlinx.coroutines.DispatchedTaskKt                                             : loaded 2 times (x 73B)
Class org.jetbrains.plugins.gradle.tooling.internal.ClasspathEntryModelImpl           : loaded 2 times (x 82B)
Class org.jetbrains.kotlin.serialization.deserialization.ProtoEnumFlags               : loaded 2 times (x 73B)
Class kotlin.jvm.functions.Function3                                                  : loaded 2 times (x 72B)
Class org.jetbrains.kotlin.protobuf.Internal$EnumLite                                 : loaded 2 times (x 72B)
Class com.google.common.cache.RemovalCause$2                                          : loaded 2 times (x 82B)
Class com.google.common.collect.MapMakerInternalMap$WeakValueReference                : loaded 2 times (x 72B)
Class kotlinx.coroutines.CoroutineStart                                               : loaded 2 times (x 81B)
Class com.google.common.cache.LocalCache                                              : loaded 2 times (x 188B)
Class com.google.common.cache.CacheBuilder$2                                          : loaded 2 times (x 81B)
Class com.google.common.collect.MapMakerInternalMap$Segment                           : loaded 2 times (x 143B)
Class com.google.common.reflect.TypeToken                                             : loaded 2 times (x 75B)
Class org.jetbrains.kotlin.protobuf.SmallSortedMap$EmptySet$2                         : loaded 2 times (x 80B)
Class org.jetbrains.kotlin.metadata.ProtoBuf$ValueParameterOrBuilder                  : loaded 2 times (x 72B)
Class org.jetbrains.kotlin.metadata.jvm.JvmProtoBuf$JvmPropertySignature              : loaded 2 times (x 116B)
Class org.jetbrains.kotlin.metadata.ProtoBuf$PackageOrBuilder                         : loaded 2 times (x 72B)
Class org.jetbrains.org.objectweb.asm.ByteVector                                      : loaded 2 times (x 80B)
Class org.jetbrains.kotlin.descriptors.Visibilities$Protected                         : loaded 2 times (x 81B)
Class org.jetbrains.plugins.gradle.tooling.builder.MavenRepositoriesModelBuilder      : loaded 2 times (x 83B)
Class org.jetbrains.plugins.gradle.tooling.builder.EarModelBuilderImplKt              : loaded 2 times (x 73B)
Class org.jetbrains.plugins.gradle.tooling.serialization.internal.adapter.InternalBuildIdentifier: loaded 2 times (x 77B)
Class com.intellij.gradle.toolingExtension.impl.model.dependencyModel.auxiliary.AuxiliaryArtifactResolver: loaded 2 times (x 72B)
Class org.gradle.api.internal.ClassPathRegistry                                       : loaded 2 times (x 72B)
Class org.gradle.internal.classpath.DefaultClassPath$ImmutableUniqueList              : loaded 2 times (x 201B)
Class com.google.common.primitives.IntsMethodsForWeb                                  : loaded 2 times (x 73B)
Class com.google.common.collect.ImmutableMultimap$Keys                                : loaded 2 times (x 168B)
Class org.jetbrains.kotlin.cli.common.messages.MessageCollector                       : loaded 2 times (x 72B)
Class com.google.common.collect.Maps$EntryFunction$2                                  : loaded 2 times (x 93B)
Class com.intellij.openapi.externalSystem.model.project.dependencies.ProjectDependenciesImpl: loaded 2 times (x 79B)
Class org.jetbrains.kotlin.idea.gradleTooling.model.samWithReceiver.SamWithReceiverModel: loaded 2 times (x 72B)
Class com.intellij.gradle.toolingExtension.impl.model.buildScriptClasspathModel.GradleBuildScriptClasspathCache: loaded 2 times (x 77B)
Class org.jetbrains.org.objectweb.asm.tree.MultiANewArrayInsnNode                     : loaded 2 times (x 80B)
Class org.jetbrains.org.objectweb.asm.tree.IincInsnNode                               : loaded 2 times (x 80B)
Class org.jetbrains.kotlin.protobuf.RopeByteString                                    : loaded 2 times (x 112B)
Class org.jetbrains.kotlin.metadata.jvm.deserialization.JvmNameResolverBase           : loaded 2 times (x 82B)
Class com.google.common.cache.RemovalCause$3                                          : loaded 2 times (x 82B)
Class kotlinx.coroutines.JobCancellationException                                     : loaded 2 times (x 87B)
Class org.jetbrains.kotlin.cli.common.arguments.K2JVMCompilerArguments                : loaded 2 times (x 77B)
Class kotlinx.coroutines.CoroutineId                                                  : loaded 2 times (x 95B)
Class com.google.common.collect.ArrayListMultimap                                     : loaded 2 times (x 173B)
Class com.google.common.cache.CacheBuilder$3                                          : loaded 2 times (x 74B)
Class [Lcom.google.common.collect.AbstractMapEntry;                                   : loaded 2 times (x 71B)
Class com.google.common.collect.ImmutableEntry                                        : loaded 2 times (x 84B)
Class com.google.common.reflect.Invokable$ConstructorInvokable                        : loaded 2 times (x 109B)
Class org.jetbrains.kotlin.protobuf.AbstractMessageLite$Builder$LimitedInputStream    : loaded 2 times (x 94B)
Class org.jetbrains.kotlin.protobuf.SmallSortedMap$EmptySet$1                         : loaded 2 times (x 80B)
Class org.jetbrains.kotlin.metadata.ProtoBuf$Type$Argument$Projection$1               : loaded 2 times (x 76B)
Class com.intellij.gradle.toolingExtension.impl.model.dependencyDownloadPolicyModel.GradleDependencyDownloadPolicyBuilder: loaded 2 times (x 88B)
Class org.gradle.api.internal.DefaultClassPathRegistry                                : loaded 2 times (x 78B)
Class com.google.common.cache.RemovalListener                                         : loaded 2 times (x 72B)
Class com.google.common.collect.AbstractMapBasedMultimap$AsMap$AsMapIterator          : loaded 2 times (x 85B)
Class com.google.common.base.Present                                                  : loaded 2 times (x 83B)
Class com.google.common.collect.AbstractMapBasedMultimap$WrappedCollection$WrappedIterator: loaded 2 times (x 86B)
Class com.google.common.collect.Maps$EntryFunction$1                                  : loaded 2 times (x 93B)
Class kotlin.io.ByteStreamsKt                                                         : loaded 2 times (x 73B)
Class org.jetbrains.org.objectweb.asm.MethodVisitor                                   : loaded 2 times (x 107B)
Class org.jetbrains.org.objectweb.asm.FieldWriter                                     : loaded 2 times (x 79B)
Class org.jetbrains.org.objectweb.asm.tree.VarInsnNode                                : loaded 2 times (x 80B)
Class [Lkotlin.reflect.KAnnotatedElement;                                             : loaded 2 times (x 71B)
Class com.google.common.collect.ImmutableMap$Builder                                  : loaded 2 times (x 84B)
Class com.google.common.util.concurrent.AbstractFuture$Cancellation                   : loaded 2 times (x 74B)
Class kotlinx.coroutines.CancelHandler                                                : loaded 2 times (x 72B)
Class org.jetbrains.kotlin.idea.gradleTooling.model.kapt.KaptGradleModelImpl          : loaded 2 times (x 79B)
Class org.jetbrains.plugins.gradle.tooling.util.BiFunction                            : loaded 2 times (x 72B)
Class org.jetbrains.plugins.gradle.model.AbstractExternalDependency                   : loaded 2 times (x 108B)
Class org.jetbrains.kotlin.idea.gradleTooling.PrepareKotlinIdeaImportTaskModelBuilder$Messages: loaded 2 times (x 73B)
Class com.intellij.gradle.toolingExtension.impl.model.dependencyGraphModel.GradleDependencyReportGenerator: loaded 2 times (x 75B)
Class org.jetbrains.org.objectweb.asm.tree.LocalVariableAnnotationNode                : loaded 2 times (x 84B)
Class org.jetbrains.org.objectweb.asm.SymbolTable$Entry                               : loaded 2 times (x 75B)
Class org.jetbrains.kotlin.metadata.deserialization.BinaryVersion                     : loaded 2 times (x 76B)
Class com.google.common.cache.RemovalCause$4                                          : loaded 2 times (x 82B)
Class com.google.common.base.Suppliers$MemoizingSupplier                              : loaded 2 times (x 81B)
Class com.google.common.collect.CollectPreconditions                                  : loaded 2 times (x 73B)
Class jdk.internal.jimage.ImageStrings                                                : loaded 2 times (x 72B)
Class com.google.common.base.NullnessCasts                                            : loaded 2 times (x 73B)
Class com.google.common.io.AppendableWriter                                           : loaded 2 times (x 101B)
Class org.jetbrains.kotlin.build.report.metrics.BuildMetricsReporter                  : loaded 2 times (x 72B)
Class org.jetbrains.kotlin.protobuf.LazyFieldLite                                     : loaded 2 times (x 84B)
Class org.jetbrains.kotlin.protobuf.LiteralByteString                                 : loaded 2 times (x 114B)
Class kotlin.collections.IndexingIterator                                             : loaded 2 times (x 81B)
Class jdk.internal.jimage.ImageHeader                                                 : loaded 2 times (x 73B)
Class com.google.common.cache.Cache                                                   : loaded 2 times (x 72B)
Class com.google.common.cache.LocalCache$Strength                                     : loaded 2 times (x 83B)
Class com.google.common.base.Stopwatch                                                : loaded 2 times (x 74B)
Class org.jetbrains.plugins.gradle.model.ModelFactory                                 : loaded 2 times (x 73B)
Class org.jetbrains.plugins.gradle.tooling.serialization.ToolingStreamApiUtilsKt      : loaded 2 times (x 73B)
Class org.jetbrains.plugins.gradle.tooling.ModelBuilderContext$DataProvider           : loaded 2 times (x 72B)
Class ijInit1_ea35ykmychd0fei4njm4xbbq6$_run_closure1                                 : loaded 2 times (x 141B)
Class org.jetbrains.org.objectweb.asm.tree.InvokeDynamicInsnNode                      : loaded 2 times (x 80B)
Class org.jetbrains.kotlin.metadata.ProtoBuf$Type$Argument$Projection                 : loaded 2 times (x 84B)
Class com.google.common.cache.RemovalCause$5                                          : loaded 2 times (x 82B)
Class com.google.common.collect.Maps$AbstractFilteredMap                              : loaded 2 times (x 129B)
Class [Lcom.google.common.collect.MapMakerInternalMap$Strength;                       : loaded 2 times (x 71B)
Class [Lcom.google.common.io.FileWriteMode;                                           : loaded 2 times (x 71B)
Class kotlinx.coroutines.Unconfined                                                   : loaded 2 times (x 102B)
Class com.google.common.collect.SortedMapDifference                                   : loaded 2 times (x 72B)
Class kotlinx.coroutines.internal.LockFreeTaskQueueCore                               : loaded 2 times (x 74B)
Class kotlinx.coroutines.internal.LockFreeLinkedListHead                              : loaded 2 times (x 76B)
Class [Lorg.jetbrains.kotlin.metadata.ProtoBuf$Class$Kind;                            : loaded 2 times (x 71B)
Class org.jetbrains.plugins.gradle.tooling.builder.IntelliJSettingsBuilder            : loaded 2 times (x 80B)
Class org.gradle.api.internal.classpath.UnknownModuleException                        : loaded 2 times (x 84B)
Class kotlinx.coroutines.flow.Flow                                                    : loaded 2 times (x 72B)
Class com.google.common.cache.Weigher                                                 : loaded 2 times (x 72B)
Class kotlinx.coroutines.internal.DispatchedContinuationKt                            : loaded 2 times (x 73B)
Class org.jetbrains.kotlin.metadata.deserialization.Flags$FlagField                   : loaded 2 times (x 75B)
Class com.intellij.openapi.externalSystem.model.project.dependencies.ArtifactDependencyNodeImpl: loaded 2 times (x 97B)
Class com.intellij.gradle.toolingExtension.impl.util.GradleObjectUtil                 : loaded 2 times (x 73B)
Class org.jetbrains.kotlin.idea.gradleTooling.KotlinGradleModelImpl                   : loaded 2 times (x 87B)
Class org.jetbrains.kotlin.tooling.core.KotlinToolingVersion$Maturity                 : loaded 2 times (x 81B)
Class org.gradle.api.internal.classpath.Module                                        : loaded 2 times (x 72B)
Class com.google.common.collect.ImmutableMapEntrySet                                  : loaded 2 times (x 154B)
Class [Lcom.intellij.openapi.externalSystem.model.project.IExternalSystemSourceType;  : loaded 2 times (x 71B)
Class [Lorg.jetbrains.org.objectweb.asm.Symbol;                                       : loaded 2 times (x 71B)
Class org.jetbrains.kotlin.metadata.jvm.JvmProtoBuf$JvmPropertySignature$Builder      : loaded 2 times (x 142B)
Class com.google.common.collect.MapMakerInternalMap$StrongKeyDummyValueSegment        : loaded 2 times (x 143B)
Class com.google.common.collect.Iterables$4                                           : loaded 2 times (x 83B)
Class kotlinx.coroutines.internal.Segment                                             : loaded 2 times (x 77B)
Class com.google.common.io.Files                                                      : loaded 2 times (x 73B)
Class org.jetbrains.kotlin.cli.common.arguments.CommonCompilerArguments               : loaded 2 times (x 76B)
Class kotlinx.coroutines.AbstractCoroutine                                            : loaded 2 times (x 145B)
Class com.google.common.cache.LocalCache$WriteThroughEntry                            : loaded 2 times (x 81B)
Class com.google.common.cache.LocalCache$HashIterator                                 : loaded 2 times (x 88B)
Class com.google.common.cache.LocalCache$EntryFactory                                 : loaded 2 times (x 85B)
Class kotlinx.coroutines.Job                                                          : loaded 2 times (x 72B)
Class org.jetbrains.kotlin.protobuf.ByteString$ByteIterator                           : loaded 2 times (x 72B)
Class org.jetbrains.plugins.gradle.tooling.builder.ProjectRepositoriesModelBuilder    : loaded 2 times (x 80B)
Class com.intellij.gradle.toolingExtension.impl.model.sourceSetArtifactIndex.GradleSourceSetArtifactModel: loaded 2 times (x 78B)
Class com.google.common.collect.ArrayListMultimapGwtSerializationDependencies         : loaded 2 times (x 173B)
Class com.google.common.collect.Multiset                                              : loaded 2 times (x 72B)
Class com.google.common.math.MathPreconditions                                        : loaded 2 times (x 73B)
Class com.google.common.collect.ObjectArrays                                          : loaded 2 times (x 73B)
Class kotlinx.coroutines.ExecutorCoroutineDispatcher                                  : loaded 2 times (x 110B)
Class com.google.common.collect.FluentIterable$3                                      : loaded 2 times (x 83B)
Class org.jetbrains.kotlin.protobuf.InvalidProtocolBufferException                    : loaded 2 times (x 86B)
Class org.jetbrains.kotlin.protobuf.GeneratedMessageLite$ExtensionDescriptor          : loaded 2 times (x 86B)
Class org.jetbrains.kotlin.metadata.deserialization.NameResolver                      : loaded 2 times (x 72B)
Class [Lorg.jetbrains.kotlin.idea.gradleTooling.reflect.Parameter;                    : loaded 2 times (x 71B)
Class kotlin.collections.IndexingIterable                                             : loaded 2 times (x 81B)
Class org.jetbrains.kotlin.metadata.jvm.JvmProtoBuf$StringTableTypes$Record$Operation$1: loaded 2 times (x 76B)
Class org.jetbrains.org.objectweb.asm.FieldVisitor                                    : loaded 2 times (x 79B)
Class org.jetbrains.kotlin.idea.gradleTooling.model.assignment.AssignmentModel        : loaded 2 times (x 72B)
Class com.intellij.openapi.externalSystem.model.project.dependencies.ComponentDependencies: loaded 2 times (x 72B)
Class org.jetbrains.plugins.gradle.tooling.ModelBuilderService$Ex                     : loaded 2 times (x 72B)
Class org.jetbrains.kotlin.metadata.ProtoBuf$VersionRequirementTable$1                : loaded 2 times (x 146B)
Class org.jetbrains.kotlin.metadata.ProtoBuf$Contract                                 : loaded 2 times (x 109B)
Class com.google.common.reflect.Types$NativeTypeVariableEquals                        : loaded 2 times (x 73B)
Class com.google.common.reflect.TypeParameter                                         : loaded 2 times (x 74B)
Class com.google.common.collect.Iterables$5                                           : loaded 2 times (x 83B)
Class [Lcom.google.common.collect.MapMaker$Dummy;                                     : loaded 2 times (x 71B)
Class com.google.common.base.CharMatcher$Whitespace                                   : loaded 2 times (x 114B)
Class org.jetbrains.kotlin.cli.common.arguments.CommonCompilerArgumentsConfigurator   : loaded 2 times (x 76B)
Class kotlinx.coroutines.CancellableContinuation                                      : loaded 2 times (x 72B)
Class com.google.common.cache.LocalCache$AbstractReferenceEntry                       : loaded 2 times (x 109B)
Class org.jetbrains.kotlin.metadata.ProtoBuf$Visibility$1                             : loaded 2 times (x 76B)
Class org.jetbrains.kotlin.metadata.ProtoBuf$VersionRequirement$VersionKind           : loaded 2 times (x 84B)
Class org.jetbrains.kotlin.descriptors.Named                                          : loaded 2 times (x 72B)
Class org.jetbrains.org.objectweb.asm.tree.JumpInsnNode                               : loaded 2 times (x 80B)
Class org.jetbrains.kotlin.idea.gradleTooling.MultiplatformModelImportingChecker      : loaded 2 times (x 72B)
Class com.google.common.primitives.Ints                                               : loaded 2 times (x 73B)
Class kotlinx.coroutines.flow.FlowKt                                                  : loaded 2 times (x 73B)
Class com.google.common.collect.FluentIterable$2                                      : loaded 2 times (x 83B)
Class com.google.common.base.Absent                                                   : loaded 2 times (x 82B)
Class com.google.common.reflect.Reflection                                            : loaded 2 times (x 73B)
Class org.jetbrains.kotlin.name.ClassId                                               : loaded 2 times (x 74B)
Class org.jetbrains.kotlin.metadata.ProtoBuf$Annotation$Argument$Value$1              : loaded 2 times (x 146B)
Class org.jetbrains.kotlin.metadata.ProtoBuf$TypeParameter$Variance                   : loaded 2 times (x 84B)
Class org.jetbrains.kotlin.metadata.jvm.deserialization.JvmNameResolverKt             : loaded 2 times (x 73B)
Class org.jetbrains.kotlin.protobuf.UninitializedMessageException                     : loaded 2 times (x 86B)
Class org.jetbrains.kotlin.descriptors.Visibilities$InvisibleFake                     : loaded 2 times (x 81B)
Class org.jetbrains.kotlin.idea.gradleTooling.reflect.ReflectionLogger                : loaded 2 times (x 72B)
Class org.jetbrains.kotlin.idea.gradleTooling.model.lombok.LombokModel                : loaded 2 times (x 72B)
Class org.jetbrains.plugins.gradle.tooling.internal.DefaultRepositoryModels           : loaded 2 times (x 78B)
Class org.jetbrains.plugins.gradle.model.web.WebConfiguration                         : loaded 2 times (x 72B)
Class sync_studio_tooling3380_dw5io1caaggribzbpz0uk9iy4                               : loaded 2 times (x 173B)
Class org.jetbrains.kotlin.metadata.jvm.deserialization.JvmNameResolverBase$WhenMappings: loaded 2 times (x 73B)
Class org.jetbrains.kotlin.descriptors.Visibilities$Local                             : loaded 2 times (x 81B)
Class org.jetbrains.kotlin.protobuf.WireFormat                                        : loaded 2 times (x 73B)
Class org.jetbrains.kotlin.metadata.jvm.deserialization.BitEncoding                   : loaded 2 times (x 73B)
Class org.jetbrains.org.objectweb.asm.Attribute                                       : loaded 2 times (x 77B)
Class org.jetbrains.org.objectweb.asm.Label                                           : loaded 2 times (x 74B)
Class com.google.common.collect.ImmutableMapKeySet                                    : loaded 2 times (x 154B)
Class org.objectweb.asm.SymbolTable                                                   : loaded 2 times (x 74B)
Class com.google.common.cache.CacheLoader$InvalidCacheLoadException                   : loaded 2 times (x 84B)
Class org.jetbrains.kotlin.idea.gradleTooling.ResolveCompilerArgumentsKt              : loaded 2 times (x 73B)
Class org.jetbrains.kotlin.idea.gradleTooling.reflect.KotlinMultiplatformImportReflectionImpl: loaded 2 times (x 78B)
Class org.jetbrains.kotlin.idea.gradleTooling.reflect.ReflectionReceiver$Instance     : loaded 2 times (x 79B)
Class org.gradle.api.internal.classpath.DefaultModuleRegistry$DefaultModule           : loaded 2 times (x 84B)
Class jdk.internal.jimage.ImageBufferCache$2                                          : loaded 2 times (x 93B)
Class com.google.common.collect.ImmutableMap$1                                        : loaded 2 times (x 83B)
Class com.google.common.collect.BiMap                                                 : loaded 2 times (x 72B)
Class com.google.common.collect.IndexedImmutableSet                                   : loaded 2 times (x 154B)
Class org.objectweb.asm.FieldVisitor                                                  : loaded 2 times (x 79B)
Class kotlinx.coroutines.JobSupport                                                   : loaded 2 times (x 134B)
Class com.google.common.collect.FluentIterable$1                                      : loaded 2 times (x 83B)
Class org.jetbrains.kotlin.protobuf.BoundedByteString                                 : loaded 2 times (x 114B)
Class org.jetbrains.plugins.gradle.tooling.internal.VersionCatalogsModelImpl          : loaded 2 times (x 78B)
Class com.intellij.gradle.toolingExtension.impl.model.projectModel.GradleExternalProjectModelBuilder: loaded 2 times (x 88B)
Class com.intellij.gradle.toolingExtension.impl.model.taskModel.DefaultGradleTaskModel: loaded 2 times (x 77B)
Class org.jetbrains.org.objectweb.asm.Frame                                           : loaded 2 times (x 75B)
Class com.google.common.collect.FluentIterable                                        : loaded 2 times (x 83B)
Class kotlinx.coroutines.internal.LockFreeLinkedListNode                              : loaded 2 times (x 76B)
Class com.google.common.cache.LocalCache$StrongEntry                                  : loaded 2 times (x 110B)
Class com.google.common.util.concurrent.AbstractFuture$TrustedFuture                  : loaded 2 times (x 116B)
Class com.google.common.cache.LoadingCache                                            : loaded 2 times (x 72B)
Class org.jetbrains.kotlin.idea.gradleTooling.KotlinMPPGradleModelBuilder$Companion   : loaded 2 times (x 73B)
Class org.jetbrains.kotlin.idea.gradleTooling.reflect.KotlinAndroidSourceSetInfoReflection: loaded 2 times (x 72B)
Class jdk.internal.jimage.ImageBufferCache$1                                          : loaded 2 times (x 84B)
Class com.google.common.cache.CacheLoader$UnsupportedLoadingOperationException        : loaded 2 times (x 84B)
Class org.objectweb.asm.ClassWriter                                                   : loaded 2 times (x 107B)
Class com.google.common.collect.AbstractMapBasedMultimap$KeySet$1                     : loaded 2 times (x 84B)
Class kotlinx.coroutines.JobSupport$Finishing                                         : loaded 2 times (x 78B)
Class ijJvmDebugger2_64bc8mq8ck8s8nn2szfheeixz$_run_closure1                          : loaded 2 times (x 140B)
Class org.jetbrains.kotlin.protobuf.SmallSortedMap$1                                  : loaded 2 times (x 131B)
Class org.jetbrains.kotlin.descriptors.Visibilities$PrivateToThis                     : loaded 2 times (x 81B)
Class org.jetbrains.org.objectweb.asm.tree.IntInsnNode                                : loaded 2 times (x 80B)
Class org.jetbrains.plugins.gradle.model.DefaultDependencyAccessorsModel              : loaded 2 times (x 78B)
Class org.jetbrains.kotlin.protobuf.WireFormat$JavaType                               : loaded 2 times (x 81B)
Class org.jetbrains.kotlin.metadata.jvm.deserialization.JvmMemberSignature$Method     : loaded 2 times (x 77B)
Class org.jetbrains.org.objectweb.asm.ClassTooLargeException                          : loaded 2 times (x 84B)
Class [Lorg.jetbrains.kotlin.metadata.ProtoBuf$VersionRequirement$Level;              : loaded 2 times (x 71B)
Class org.jetbrains.kotlin.idea.gradleTooling.reflect.ReflectionReceiver$Static       : loaded 2 times (x 79B)
Class com.google.gson.internal.Streams$AppendableWriter                               : loaded 2 times (x 101B)
Class jdk.internal.jimage.ImageLocation                                               : loaded 2 times (x 92B)
Class org.gradle.kotlin.dsl.VersionCatalogAccessorsKt                                 : loaded 2 times (x 73B)
Class com.google.common.util.concurrent.UncheckedExecutionException                   : loaded 2 times (x 84B)
Class org.jetbrains.kotlin.idea.gradleTooling.model.parcelize.ParcelizeGradleModel    : loaded 2 times (x 72B)
Class com.intellij.gradle.toolingExtension.impl.model.sourceSetModel.GradleSourceSetModelBuilder$1: loaded 2 times (x 85B)
Class org.jetbrains.plugins.gradle.tooling.builder.AnnotationProcessingModelBuilder   : loaded 2 times (x 88B)
Class org.jetbrains.kotlin.metadata.ProtoBuf$Type$Argument                            : loaded 2 times (x 112B)
Class org.jetbrains.kotlin.load.kotlin.FileBasedKotlinClass$InnerClassesInfo          : loaded 2 times (x 76B)
Class com.google.common.base.Suppliers$NonSerializableMemoizingSupplier               : loaded 2 times (x 81B)
Class com.google.common.io.ByteStreams$LimitedInputStream                             : loaded 2 times (x 94B)
Class kotlinx.coroutines.Active                                                       : loaded 2 times (x 73B)
Class org.objectweb.asm.MethodWriter                                                  : loaded 2 times (x 107B)
Class [Lcom.google.common.cache.Weigher;                                              : loaded 2 times (x 71B)
Class com.google.common.collect.RegularImmutableMap$BucketOverflowException           : loaded 2 times (x 84B)
Class jdk.internal.jrtfs.JrtFileSystem                                                : loaded 2 times (x 104B)
Class com.google.common.io.ByteSink$AsCharSink                                        : loaded 2 times (x 82B)
Class org.jetbrains.kotlin.config.KotlinCompilerVersion                               : loaded 2 times (x 73B)
Class [Lorg.jetbrains.kotlin.build.report.metrics.BuildTime;                          : loaded 2 times (x 71B)
Class org.jetbrains.kotlin.load.kotlin.KotlinJvmBinaryClass                           : loaded 2 times (x 72B)
Class org.jetbrains.kotlin.protobuf.Parser                                            : loaded 2 times (x 72B)
Class org.jetbrains.org.objectweb.asm.tree.MethodNode                                 : loaded 2 times (x 111B)
Class org.jetbrains.kotlin.descriptors.Visibilities$Inherited                         : loaded 2 times (x 81B)
Class org.jetbrains.kotlin.descriptors.Visibilities$Unknown                           : loaded 2 times (x 81B)
Class org.jetbrains.org.objectweb.asm.tree.MethodInsnNode                             : loaded 2 times (x 80B)
Class com.google.gson.TypeAdapter$NullSafeTypeAdapter                                 : loaded 2 times (x 76B)
Class org.jetbrains.kotlin.idea.gradleTooling.reflect.ParameterList$Companion         : loaded 2 times (x 73B)
Class sync_studio_tooling11120_c44w7630ffkzkjpbdpc2wk6qu$_run_closure1                : loaded 2 times (x 140B)
Class com.google.common.util.concurrent.AbstractFuture$Trusted                        : loaded 2 times (x 72B)
Class kotlinx.coroutines.Waiter                                                       : loaded 2 times (x 72B)
Class com.intellij.gradle.toolingExtension.impl.model.sourceSetModel.GradleSourceSetModelBuilder$2: loaded 2 times (x 85B)
Class org.jetbrains.plugins.gradle.tooling.MessageReportBuilder                       : loaded 2 times (x 72B)
Class org.jetbrains.kotlin.resolve.scopes.receivers.Receiver                          : loaded 2 times (x 72B)
Class org.jetbrains.kotlin.metadata.ProtoBuf$Modality$1                               : loaded 2 times (x 76B)
Class org.jetbrains.org.objectweb.asm.tree.TypeAnnotationNode                         : loaded 2 times (x 82B)
Class com.google.common.collect.AbstractMapBasedMultimap$RandomAccessWrappedList      : loaded 2 times (x 207B)
Class org.jetbrains.kotlin.cli.common.CompilerSystemProperties$Companion              : loaded 2 times (x 73B)
Class com.google.common.collect.ImmutableMultimap$1                                   : loaded 2 times (x 84B)
Class kotlinx.coroutines.internal.LockFreeTaskQueueCore$Companion                     : loaded 2 times (x 73B)
Class jdk.internal.jimage.decompressor.CompressedResourceHeader                       : loaded 2 times (x 73B)
Class com.google.common.base.Optional                                                 : loaded 2 times (x 82B)
Class org.jetbrains.kotlin.cli.common.messages.MessageCollector$Companion             : loaded 2 times (x 73B)
Class org.jetbrains.kotlin.metadata.deserialization.MetadataVersion                   : loaded 2 times (x 76B)
Class org.jetbrains.kotlin.protobuf.GeneratedMessageLite                              : loaded 2 times (x 103B)
Class org.jetbrains.kotlin.protobuf.Internal$EnumLiteMap                              : loaded 2 times (x 72B)
Class org.jetbrains.kotlin.protobuf.AbstractMessageLite$Builder                       : loaded 2 times (x 124B)
Class org.jetbrains.org.objectweb.asm.tree.InsnList                                   : loaded 2 times (x 105B)
Class org.jetbrains.plugins.gradle.tooling.builder.ProjectExtensionsDataBuilderImpl   : loaded 2 times (x 80B)
Class org.jetbrains.kotlin.metadata.deserialization.ProtoBufUtilKt                    : loaded 2 times (x 73B)
Class com.intellij.gradle.toolingExtension.impl.util.javaPluginUtil.JavaPluginAccessor: loaded 2 times (x 72B)
Class org.jetbrains.kotlin.idea.gradleTooling.reflect.KotlinExtensionReflection       : loaded 2 times (x 74B)
Class org.jetbrains.kotlin.idea.gradleTooling.reflect.KotlinExtensionReflection$Companion: loaded 2 times (x 73B)
Class com.google.common.cache.LocalCache$2                                            : loaded 2 times (x 144B)
Class com.google.common.collect.AbstractMultimap                                      : loaded 2 times (x 125B)
Class com.google.common.collect.Sets$ImprovedAbstractSet                              : loaded 2 times (x 137B)
Class org.jetbrains.plugins.gradle.tooling.Message$Kind                               : loaded 2 times (x 81B)
Class com.intellij.gradle.toolingExtension.impl.model.sourceSetModel.GradleSourceSetModelBuilder$3: loaded 2 times (x 85B)
Class org.jetbrains.kotlin.metadata.ProtoBuf$VersionRequirement                       : loaded 2 times (x 118B)
Class com.google.common.reflect.Types$JavaVersion$1                                   : loaded 2 times (x 85B)
Class com.google.common.collect.AbstractIterator$State                                : loaded 2 times (x 81B)
Class com.google.common.collect.ImmutableMultimap$2                                   : loaded 2 times (x 83B)
Class com.google.common.collect.RegularImmutableBiMap                                 : loaded 2 times (x 150B)
Class com.google.common.cache.LocalCache$ValueReference                               : loaded 2 times (x 72B)
Class ijInit3_dhuzs7mxe20o9epi74zqbeluf                                               : loaded 2 times (x 173B)
Class kotlinx.coroutines.scheduling.GlobalQueue                                       : loaded 2 times (x 74B)
Class com.google.common.collect.MapMakerInternalMap$AbstractStrongKeyEntry            : loaded 2 times (x 82B)
Class com.google.common.io.ByteSource$ByteArrayByteSource                             : loaded 2 times (x 87B)
Class com.google.common.reflect.TypeToken$SimpleTypeToken                             : loaded 2 times (x 75B)
Class kotlin.io.CloseableKt                                                           : loaded 2 times (x 73B)
Class [Lorg.jetbrains.org.objectweb.asm.tree.AbstractInsnNode;                        : loaded 2 times (x 71B)
Class ijInit1_ea35ykmychd0fei4njm4xbbq6                                               : loaded 2 times (x 173B)
Class com.intellij.gradle.toolingExtension.impl.util.javaPluginUtil.JavaPluginUtil    : loaded 2 times (x 73B)
Class com.intellij.compose.ide.plugin.gradleTooling.rt.ComposeResourcesExtension      : loaded 2 times (x 74B)
Class jdk.internal.jrtfs.JrtFileSystemProvider                                        : loaded 2 times (x 103B)
Class com.google.common.collect.AbstractMapEntry                                      : loaded 2 times (x 83B)
Class com.google.common.cache.LocalCache$1                                            : loaded 2 times (x 91B)
Class com.google.common.collect.SingletonImmutableBiMap                               : loaded 2 times (x 145B)
Class com.google.gson.internal.Streams                                                : loaded 2 times (x 73B)
Class com.google.common.base.Ascii                                                    : loaded 2 times (x 73B)
Class org.jetbrains.kotlin.descriptors.annotations.Annotated                          : loaded 2 times (x 72B)
Class org.jetbrains.kotlin.com.intellij.openapi.diagnostic.Attachment                 : loaded 2 times (x 74B)
Class org.jetbrains.kotlin.descriptors.SourceElement$1                                : loaded 2 times (x 76B)
Class com.google.common.reflect.Types$JavaVersion$2                                   : loaded 2 times (x 85B)
Class com.google.common.reflect.Types                                                 : loaded 2 times (x 73B)
Class com.google.common.hash.PrimitiveSink                                            : loaded 2 times (x 72B)
Class org.jetbrains.kotlin.cli.common.arguments.CommonToolArguments                   : loaded 2 times (x 75B)
Class com.google.common.base.PatternCompiler                                          : loaded 2 times (x 72B)
Class com.google.common.util.concurrent.AbstractFuture$Failure                        : loaded 2 times (x 74B)
Class com.google.common.base.Equivalence$Equals                                       : loaded 2 times (x 84B)
Class com.google.common.collect.Hashing                                               : loaded 2 times (x 73B)
Class kotlinx.coroutines.StandaloneCoroutine                                          : loaded 2 times (x 145B)
Class org.jetbrains.kotlin.load.kotlin.header.ReadKotlinClassHeaderAnnotationVisitor$CollectStringArrayAnnotationVisitor: loaded 2 times (x 87B)
Class [Lkotlin.Function;                                                              : loaded 2 times (x 71B)
Class org.jetbrains.kotlin.tooling.core.InternerImpl$Store$Strong                     : loaded 2 times (x 78B)
Class org.jetbrains.kotlin.idea.gradleTooling.reflect.KotlinCompilerArgumentsResolverReflection: loaded 2 times (x 72B)
Class org.jetbrains.plugins.gradle.tooling.serialization.ExternalTestsSerializationService$1: loaded 2 times (x 78B)
Class org.gradle.internal.service.ServiceLocator                                      : loaded 2 times (x 72B)
Class [Lorg.objectweb.asm.Type;                                                       : loaded 2 times (x 71B)
Class com.google.common.collect.Platform                                              : loaded 2 times (x 73B)
Class kotlinx.coroutines.scheduling.NanoTimeSource                                    : loaded 2 times (x 74B)
Class kotlinx.coroutines.internal.ThreadState                                         : loaded 2 times (x 74B)
Class org.jetbrains.kotlin.build.report.metrics.GradleBuildTime                       : loaded 2 times (x 88B)
Class org.jetbrains.kotlin.metadata.ProtoBuf$Constructor$1                            : loaded 2 times (x 146B)
Class org.jetbrains.kotlin.metadata.ProtoBuf$PropertyOrBuilder                        : loaded 2 times (x 72B)
Class org.jetbrains.kotlin.metadata.jvm.JvmProtoBuf$StringTableTypes$1                : loaded 2 times (x 146B)
Class [Lorg.jetbrains.kotlin.com.intellij.openapi.diagnostic.LogLevel;                : loaded 2 times (x 71B)
Class org.jetbrains.kotlin.utils.CollectionsKt                                        : loaded 2 times (x 73B)
Class org.jetbrains.org.objectweb.asm.tree.LabelNode                                  : loaded 2 times (x 82B)
Class com.google.common.base.MoreObjects                                              : loaded 2 times (x 73B)
Class kotlinx.coroutines.scheduling.CoroutineScheduler$Companion                      : loaded 2 times (x 73B)
Class com.google.common.collect.BaseImmutableMultimap                                 : loaded 2 times (x 125B)
Class com.android.ide.gradle.model.builder.LegacyAndroidGradlePluginPropertiesModelBuilder$Companion$maybeRegister$1: loaded 2 times (x 77B)
Class com.android.ide.gradle.model.builder.LegacyAndroidGradlePluginPropertiesModelBuilder$Companion: loaded 2 times (x 73B)
Class org.jetbrains.plugins.gradle.model.DefaultGradleConfiguration                   : loaded 2 times (x 81B)
Class com.google.common.collect.EmptyImmutableListMultimap                            : loaded 2 times (x 178B)
Class com.intellij.gradle.toolingExtension.impl.model.dependencyModel.auxiliary.AuxiliaryConfigurationArtifacts: loaded 2 times (x 76B)
Class org.jetbrains.kotlin.descriptors.DescriptorVisibility                           : loaded 2 times (x 80B)
Class kotlin.LazyKt                                                                   : loaded 2 times (x 73B)
Class com.google.common.reflect.Types$JavaVersion$3                                   : loaded 2 times (x 85B)
Class com.google.common.collect.ImmutableSetMultimap                                  : loaded 2 times (x 182B)
Class com.google.common.io.CharSink                                                   : loaded 2 times (x 81B)
Class kotlinx.coroutines.BuildersKt__Builders_commonKt                                : loaded 2 times (x 73B)
Class org.objectweb.asm.Label                                                         : loaded 2 times (x 75B)
Class org.objectweb.asm.CurrentFrame                                                  : loaded 2 times (x 75B)
Class org.objectweb.asm.ClassTooLargeException                                        : loaded 2 times (x 84B)
Class com.google.common.reflect.TypeResolver$TypeVariableKey                          : loaded 2 times (x 74B)
Class org.jetbrains.kotlin.metadata.jvm.JvmProtoBuf$StringTableTypes                  : loaded 2 times (x 112B)
Class org.jetbrains.kotlin.descriptors.DescriptorVisibilities$9                       : loaded 2 times (x 81B)
Class com.intellij.gradle.toolingExtension.impl.model.sourceSetModel.GradleSourceSetModelBuilder: loaded 2 times (x 88B)
Class org.jetbrains.kotlin.idea.gradleTooling.model.samWithReceiver.SamWithReceiverModelBuilderService: loaded 2 times (x 87B)
Class org.jetbrains.kotlin.idea.gradleTooling.ModelBuilderUtilsKt                     : loaded 2 times (x 73B)
Class com.google.common.cache.CacheLoader$FunctionToCacheLoader                       : loaded 2 times (x 77B)
Class kotlinx.coroutines.DisposableHandle                                             : loaded 2 times (x 72B)
Class com.google.common.collect.ImmutableListMultimap                                 : loaded 2 times (x 178B)
Class org.jetbrains.kotlin.com.google.common.base.Preconditions                       : loaded 2 times (x 73B)
Class com.google.common.collect.Maps$IteratorBasedAbstractMap$1                       : loaded 2 times (x 140B)
Class com.google.common.reflect.Types$ParameterizedTypeImpl                           : loaded 2 times (x 83B)
Class org.jetbrains.kotlin.resolve.jvm.JvmClassName                                   : loaded 2 times (x 78B)
Class org.jetbrains.kotlin.metadata.jvm.JvmProtoBuf$StringTableTypes$RecordOrBuilder  : loaded 2 times (x 72B)
Class [Lorg.jetbrains.org.objectweb.asm.SymbolTable$Entry;                            : loaded 2 times (x 71B)
Class com.android.ide.gradle.model.builder.LegacyAndroidGradlePluginPropertiesModelBuilder$Companion$maybeRegister$2: loaded 2 times (x 77B)
Class org.jetbrains.plugins.gradle.model.tests.DefaultExternalTestsModel              : loaded 2 times (x 79B)
Class org.jetbrains.kotlin.idea.gradleTooling.KotlinGradlePluginVersionKt             : loaded 2 times (x 73B)
Class org.jetbrains.kotlin.idea.gradleTooling.reflect.TypeToken$Companion             : loaded 2 times (x 73B)
Class org.jetbrains.kotlin.metadata.ProtoBuf$MemberKind$1                             : loaded 2 times (x 76B)
Class org.jetbrains.kotlin.idea.gradleTooling.model.parcelize.ParcelizeModelBuilderService: loaded 2 times (x 83B)
Class JetGradlePlugin                                                                 : loaded 2 times (x 98B)
Class [Lorg.jetbrains.kotlin.metadata.ProtoBuf$Type$Argument$Projection;              : loaded 2 times (x 71B)
Class org.jetbrains.org.objectweb.asm.RecordComponentWriter                           : loaded 2 times (x 79B)
Class com.google.common.reflect.Types$JavaVersion$4                                   : loaded 2 times (x 85B)
Class com.google.common.collect.RangeGwtSerializationDependencies                     : loaded 2 times (x 73B)
Class com.google.common.io.ByteSource$AsCharSource                                    : loaded 2 times (x 88B)
Class com.google.common.collect.MapMakerInternalMap$InternalEntryHelper               : loaded 2 times (x 72B)
Class org.jetbrains.kotlin.cli.common.messages.MessageCollector$Companion$NONE$1      : loaded 2 times (x 78B)
Class com.google.common.collect.Table                                                 : loaded 2 times (x 72B)
Class com.google.common.collect.Maps$IteratorBasedAbstractMap                         : loaded 2 times (x 127B)
Class org.objectweb.asm.Frame                                                         : loaded 2 times (x 75B)
Class org.objectweb.asm.MethodVisitor                                                 : loaded 2 times (x 107B)
Class com.google.common.cache.LocalCache$EntryFactory$1                               : loaded 2 times (x 85B)
Class [Lcom.google.common.cache.RemovalListener;                                      : loaded 2 times (x 71B)
Class kotlinx.coroutines.flow.SharedFlow                                              : loaded 2 times (x 72B)
Class org.jetbrains.kotlin.descriptors.DescriptorVisibilities$8                       : loaded 2 times (x 81B)
Class org.jetbrains.kotlin.idea.gradleTooling.KotlinTaskPropertiesImpl                : loaded 2 times (x 80B)
Class org.jetbrains.plugins.gradle.tooling.serialization.GradleExtensionsSerializationService$3: loaded 2 times (x 78B)
Class com.android.ide.gradle.model.dependencies.DeclaredDependenciesImpl              : loaded 2 times (x 78B)
Class com.android.ide.gradle.model.composites.BuildMapImpl                            : loaded 2 times (x 77B)
Class org.gradle.internal.classloader.InstrumentingClassLoader                        : loaded 2 times (x 72B)
Class org.gradle.internal.classpath.TransformedClassPath                              : loaded 2 times (x 98B)
Class com.google.common.cache.CacheBuilder$NullListener                               : loaded 2 times (x 84B)
Class org.objectweb.asm.FieldWriter                                                   : loaded 2 times (x 79B)
Class com.google.common.collect.MapMaker$Dummy                                        : loaded 2 times (x 81B)
Class com.google.common.reflect.Invokable                                             : loaded 2 times (x 105B)
Class com.android.ide.gradle.model.builder.LegacyAndroidGradlePluginPropertiesModelBuilder$Companion$maybeRegister$3: loaded 2 times (x 77B)
Class kotlin._Assertions                                                              : loaded 2 times (x 73B)
Class org.jetbrains.kotlin.idea.gradleTooling.OrphanSourceSetImportingChecker         : loaded 2 times (x 76B)
Class org.jetbrains.kotlin.descriptors.ValidateableDescriptor                         : loaded 2 times (x 72B)
Class org.jetbrains.org.objectweb.asm.MethodWriter                                    : loaded 2 times (x 107B)
Class org.jetbrains.kotlin.metadata.jvm.JvmProtoBuf$JvmPropertySignature$1            : loaded 2 times (x 146B)
Class com.google.common.reflect.Types$JavaVersion$5                                   : loaded 2 times (x 73B)
Class [Lcom.google.common.reflect.Types$ClassOwnership;                               : loaded 2 times (x 71B)
Class com.google.common.cache.LocalCache$EntryFactory$2                               : loaded 2 times (x 85B)
Class org.jetbrains.kotlin.descriptors.DescriptorVisibilities$7                       : loaded 2 times (x 81B)
Class org.jetbrains.kotlin.idea.gradleTooling.reflect.ParameterList                   : loaded 2 times (x 171B)
Class org.jetbrains.plugins.gradle.tooling.serialization.GradleExtensionsSerializationService$2: loaded 2 times (x 78B)
Class com.android.ide.gradle.model.artifacts.builder.AdditionalClassifierArtifactsModelBuilder: loaded 2 times (x 81B)
Class com.google.common.collect.MapDifference                                         : loaded 2 times (x 72B)
Class com.google.common.cache.LocalCache$Strength$3                                   : loaded 2 times (x 83B)
Class kotlinx.coroutines.DispatchedTask                                               : loaded 2 times (x 82B)
Class com.google.common.io.ByteStreams                                                : loaded 2 times (x 73B)
Class com.google.common.base.Splitter$1                                               : loaded 2 times (x 79B)
Class com.google.common.collect.TransformedIterator                                   : loaded 2 times (x 82B)
Class com.google.common.collect.Interner                                              : loaded 2 times (x 72B)
Class com.google.common.collect.Interners$InternerImpl                                : loaded 2 times (x 77B)
Class [Lcom.google.common.collect.Maps$EntryFunction;                                 : loaded 2 times (x 71B)
Class org.jetbrains.kotlin.metadata.ProtoBuf$Annotation$Argument$Value                : loaded 2 times (x 129B)
Class org.jetbrains.kotlin.protobuf.CodedOutputStream$OutOfSpaceException             : loaded 2 times (x 84B)
Class org.jetbrains.kotlin.descriptors.DescriptorVisibilities$6                       : loaded 2 times (x 81B)
Class com.intellij.gradle.toolingExtension.impl.util.GradleProjectUtil                : loaded 2 times (x 73B)
Class com.android.ide.gradle.model.builder.LegacyAndroidGradlePluginPropertiesModelBuilder$Companion$maybeRegister$4: loaded 2 times (x 77B)
Class org.jetbrains.kotlin.idea.gradleTooling.reflect.ReflectionReceiver              : loaded 2 times (x 72B)
Class org.jetbrains.kotlin.idea.gradleTooling.model.lombok.LombokModelBuilderService  : loaded 2 times (x 89B)
Class JetGradlePlugin$_apply_closure1                                                 : loaded 2 times (x 141B)
Class kotlin.Lazy                                                                     : loaded 2 times (x 72B)
Class com.google.common.collect.CollectCollectors                                     : loaded 2 times (x 73B)
Class org.objectweb.asm.ModuleWriter                                                  : loaded 2 times (x 83B)
Class com.google.common.cache.LocalCache$EntryFactory$3                               : loaded 2 times (x 85B)
Class com.google.common.base.Ticker$1                                                 : loaded 2 times (x 74B)
Class com.google.common.collect.Maps$BiMapConverter                                   : loaded 2 times (x 92B)
Class com.google.common.collect.ImmutableMapEntrySet$RegularEntrySet                  : loaded 2 times (x 154B)
Class org.jetbrains.plugins.gradle.tooling.serialization.GradleExtensionsSerializationService$1: loaded 2 times (x 78B)
Class com.google.common.cache.LocalCache$Strength$2                                   : loaded 2 times (x 83B)
Class com.google.common.util.concurrent.SettableFuture                                : loaded 2 times (x 116B)
Class kotlinx.coroutines.JobImpl                                                      : loaded 2 times (x 140B)
Class kotlinx.coroutines.internal.SystemPropsKt                                       : loaded 2 times (x 73B)
Class org.jetbrains.kotlin.cli.common.messages.CompilerMessageSeverity                : loaded 2 times (x 81B)
Class com.google.common.collect.Collections2$FilteredCollection                       : loaded 2 times (x 121B)
Class com.google.common.reflect.Types$ClassOwnership$3                                : loaded 2 times (x 73B)
Class org.jetbrains.kotlin.protobuf.GeneratedMessageLite$ExtendableMessage            : loaded 2 times (x 115B)
Class org.jetbrains.kotlin.metadata.jvm.JvmProtoBuf$JvmPropertySignatureOrBuilder     : loaded 2 times (x 72B)
Class org.jetbrains.kotlin.descriptors.DescriptorVisibilities$5                       : loaded 2 times (x 81B)
Class org.jetbrains.plugins.gradle.tooling.builder.DependencyAccessorsModelBuilder    : loaded 2 times (x 83B)
Class com.intellij.gradle.toolingExtension.impl.util.GradleIdeaPluginUtil             : loaded 2 times (x 73B)
Class com.android.ide.gradle.model.impl.GradlePluginModelImpl$Companion               : loaded 2 times (x 73B)
Class com.google.common.cache.LocalCache$Strength$1                                   : loaded 2 times (x 83B)
Class org.objectweb.asm.ModuleVisitor                                                 : loaded 2 times (x 83B)
Class com.google.common.collect.Sets$4                                                : loaded 2 times (x 143B)
Class com.android.ide.gradle.model.builder.LegacyAndroidGradlePluginPropertiesModelBuilder$Companion$maybeRegister$5: loaded 2 times (x 77B)
Class com.google.common.io.ByteArrayDataInput                                         : loaded 2 times (x 72B)
Class com.google.common.collect.MapMakerInternalMap$StrongValueEntry                  : loaded 2 times (x 72B)
Class com.google.common.reflect.TypeResolver                                          : loaded 2 times (x 74B)
Class org.jetbrains.kotlin.idea.gradleTooling.reflect.GradleReflectionLogger          : loaded 2 times (x 77B)
Class org.jetbrains.org.objectweb.asm.tree.InsnNode                                   : loaded 2 times (x 80B)
Class [Lkotlin.jvm.functions.Function1;                                               : loaded 2 times (x 71B)
Class org.jetbrains.org.objectweb.asm.RecordComponentVisitor                          : loaded 2 times (x 79B)
Class com.google.common.collect.SetMultimap                                           : loaded 2 times (x 72B)
Class com.google.common.collect.CollectSpliterators$1                                 : loaded 2 times (x 92B)
Class kotlinx.coroutines.Incomplete                                                   : loaded 2 times (x 72B)
Class com.google.common.collect.ImmutableSet$Builder                                  : loaded 2 times (x 87B)
Class com.google.common.cache.LocalCache$EntryFactory$4                               : loaded 2 times (x 85B)
Class com.google.common.reflect.Types$ClassOwnership$2                                : loaded 2 times (x 82B)
Class ijKotlinCoroutineJvmDebugInit2_1aav36zx5prw6pg9bndmrnzkd$_run_closure1          : loaded 2 times (x 140B)
Class [Lorg.jetbrains.org.objectweb.asm.Attribute;                                    : loaded 2 times (x 71B)
Class [Lorg.jetbrains.kotlin.protobuf.WireFormat$JavaType;                            : loaded 2 times (x 71B)
Class org.jetbrains.kotlin.descriptors.DescriptorVisibilities$4                       : loaded 2 times (x 81B)
Class org.jetbrains.org.objectweb.asm.tree.TableSwitchInsnNode                        : loaded 2 times (x 80B)
Class com.intellij.openapi.externalSystem.model.project.dependencies.UnknownDependencyNode: loaded 2 times (x 89B)
Class com.intellij.gradle.toolingExtension.impl.model.sourceSetModel.GradleSourceSetResolutionContext: loaded 2 times (x 75B)
Class com.intellij.compose.ide.plugin.gradleTooling.rt.ComposeResourcesExtension$Companion: loaded 2 times (x 73B)
Class org.gradle.internal.service.UnknownServiceException                             : loaded 2 times (x 85B)
Class com.google.common.cache.LocalCache$LocalLoadingCache                            : loaded 2 times (x 136B)
Class com.google.common.collect.Sets$3                                                : loaded 2 times (x 143B)
Class [Lorg.objectweb.asm.AnnotationVisitor;                                          : loaded 2 times (x 71B)
Class kotlinx.coroutines.Delay                                                        : loaded 2 times (x 72B)
Class kotlinx.coroutines.ParentJob                                                    : loaded 2 times (x 72B)
Class kotlinx.coroutines.JobNode                                                      : loaded 2 times (x 88B)
Class com.intellij.gradle.toolingExtension.impl.model.dependencyModel.GradleDependencyTraverser: loaded 2 times (x 82B)
Class com.intellij.gradle.toolingExtension.impl.model.sourceSetDependencyModel.DefaultGradleSourceSetDependencyModel: loaded 2 times (x 79B)
Class org.jetbrains.kotlin.idea.gradleTooling.AbstractKotlinGradleModelBuilder$Companion: loaded 2 times (x 73B)
Class org.jetbrains.org.objectweb.asm.MethodTooLargeException                         : loaded 2 times (x 84B)
Class org.jetbrains.kotlin.descriptors.Visibility                                     : loaded 2 times (x 81B)
Class org.jetbrains.kotlin.protobuf.RopeByteString$RopeInputStream                    : loaded 2 times (x 94B)
Class org.jetbrains.kotlin.protobuf.CodedInputStream                                  : loaded 2 times (x 74B)
Class org.jetbrains.org.objectweb.asm.Context                                         : loaded 2 times (x 74B)
Class kotlin.sequences.ConstrainedOnceSequence                                        : loaded 2 times (x 77B)
Class com.google.common.io.ByteStreams$1                                              : loaded 2 times (x 87B)
Class kotlinx.coroutines.AbstractTimeSourceKt                                         : loaded 2 times (x 73B)
Class com.google.common.cache.LocalCache$EntryFactory$5                               : loaded 2 times (x 85B)
Class org.jetbrains.kotlin.cli.common.CompilerSystemProperties                        : loaded 2 times (x 81B)
Class com.google.common.base.AbstractIterator$State                                   : loaded 2 times (x 81B)
Class com.google.common.collect.MapMakerInternalMap$Strength$2                        : loaded 2 times (x 82B)
Class com.google.common.reflect.Types$ClassOwnership$1                                : loaded 2 times (x 82B)
Class org.jetbrains.kotlin.load.java.JvmAnnotationNames                               : loaded 2 times (x 73B)
Class org.jetbrains.kotlin.metadata.jvm.deserialization.JvmNameResolverBase$Companion : loaded 2 times (x 73B)
Class org.jetbrains.kotlin.metadata.ProtoBuf$MemberKind                               : loaded 2 times (x 84B)
Class org.jetbrains.kotlin.descriptors.DescriptorVisibilities$3                       : loaded 2 times (x 81B)
Class org.jetbrains.kotlin.metadata.jvm.deserialization.ClassMapperLite               : loaded 2 times (x 73B)
Class org.jetbrains.kotlin.idea.gradleTooling.reflect.KotlinMultiplatformImportReflection: loaded 2 times (x 72B)
Class com.android.ide.gradle.model.builder.LegacyV1AgpVersionModelBuilder             : loaded 2 times (x 77B)
Class org.gradle.api.internal.ClassPathProvider                                       : loaded 2 times (x 72B)
Class [Lorg.gradle.api.internal.ClassPathProvider;                                    : loaded 2 times (x 71B)
Class com.google.common.collect.Sets$2                                                : loaded 2 times (x 143B)
Class com.google.common.collect.Maps$ViewCachingAbstractMap                           : loaded 2 times (x 127B)
Class org.jetbrains.org.objectweb.asm.CurrentFrame                                    : loaded 2 times (x 75B)
Class org.jetbrains.kotlin.mpp.DeclarationSymbolMarker                                : loaded 2 times (x 72B)
Class org.jetbrains.kotlin.protobuf.MessageLite$Builder                               : loaded 2 times (x 72B)
Class com.google.common.collect.MapMakerInternalMap$Strength$1                        : loaded 2 times (x 82B)
Class com.google.common.cache.LocalCache$EntryFactory$6                               : loaded 2 times (x 85B)
Class org.gradle.internal.installation.CurrentGradleInstallationLocator               : loaded 2 times (x 73B)
Class [Lcom.google.common.base.Function;                                              : loaded 2 times (x 71B)
Class org.jetbrains.kotlin.protobuf.ExtensionRegistryLite                             : loaded 2 times (x 76B)
Class org.jetbrains.kotlin.metadata.jvm.JvmProtoBuf$JvmFieldSignature                 : loaded 2 times (x 110B)
Class org.jetbrains.kotlin.metadata.ProtoBuf$Modality                                 : loaded 2 times (x 84B)
Class org.jetbrains.kotlin.descriptors.DescriptorVisibilities$2                       : loaded 2 times (x 81B)
Class com.intellij.gradle.toolingExtension.impl.model.utilTurnOffDefaultTasksModel.TurnOffDefaultTasksModelBuilder: loaded 2 times (x 88B)
Class org.jetbrains.kotlin.idea.gradleTooling.KotlinMPPGradleModelBuilder             : loaded 2 times (x 88B)
Class org.jetbrains.plugins.gradle.tooling.serialization.internal.adapter.InternalProjectIdentifier: loaded 2 times (x 78B)
Class com.intellij.gradle.toolingExtension.impl.model.dependencyModel.GradleDependencyTraverser$Itr: loaded 2 times (x 85B)
Class com.intellij.util.ExceptionUtilRt$1                                             : loaded 2 times (x 131B)
Class org.gradle.api.internal.DefaultClassPathProvider                                : loaded 2 times (x 78B)
Class org.objectweb.asm.AnnotationVisitor                                             : loaded 2 times (x 80B)
Class com.google.common.collect.Sets$1                                                : loaded 2 times (x 143B)
Class com.google.common.collect.ImmutableSet$SerializedForm                           : loaded 2 times (x 75B)
Class com.android.ide.gradle.model.impl.GradlePluginModelImpl                         : loaded 2 times (x 81B)
Class com.google.common.base.Splitter                                                 : loaded 2 times (x 74B)
Class org.jetbrains.org.objectweb.asm.tree.LdcInsnNode                                : loaded 2 times (x 80B)
Class org.jetbrains.kotlin.metadata.ProtoBuf$VersionRequirement$Level$1               : loaded 2 times (x 76B)
Class org.jetbrains.kotlin.protobuf.FieldSet$1                                        : loaded 2 times (x 73B)
Class com.google.common.io.ByteSource$SlicedByteSource                                : loaded 2 times (x 87B)
Class org.jetbrains.kotlin.cli.common.messages.CompilerMessageSeverity$Companion      : loaded 2 times (x 73B)
Class com.google.common.collect.ImmutableMultimap$Builder                             : loaded 2 times (x 88B)
Class kotlinx.coroutines.Empty                                                        : loaded 2 times (x 77B)
Class com.google.common.collect.Maps$KeySet                                           : loaded 2 times (x 139B)
Class com.google.common.collect.ImmutableSet$EmptySetBuilderImpl                      : loaded 2 times (x 78B)
Class com.google.common.cache.LocalCache$EntryFactory$7                               : loaded 2 times (x 85B)
Class org.gradle.internal.service.DefaultServiceLocator                               : loaded 2 times (x 85B)
Class com.google.common.collect.Iterators$EmptyModifiableIterator                     : loaded 2 times (x 88B)
Class org.jetbrains.kotlin.protobuf.CodedOutputStream$ByteBufferOutputStream          : loaded 2 times (x 88B)
Class org.jetbrains.kotlin.descriptors.DescriptorVisibilities$1                       : loaded 2 times (x 81B)
Class org.jetbrains.kotlin.util.ModuleVisibilityHelper                                : loaded 2 times (x 72B)
Class [Lkotlin.reflect.KCallable;                                                     : loaded 2 times (x 71B)
Class org.jetbrains.kotlin.idea.gradleTooling.model.allopen.AllOpenModel              : loaded 2 times (x 72B)
Class org.jetbrains.plugins.gradle.tooling.Message$FilePosition                       : loaded 2 times (x 77B)
Class com.google.common.collect.ImmutableEnumMap                                      : loaded 2 times (x 128B)
Class com.google.common.collect.ListMultimap                                          : loaded 2 times (x 72B)
Class kotlinx.coroutines.DebugKt                                                      : loaded 2 times (x 73B)
Class com.google.common.collect.CollectSpliterators$1WithCharacteristics              : loaded 2 times (x 92B)
Class [Lorg.jetbrains.kotlin.descriptors.CallableMemberDescriptor$Kind;               : loaded 2 times (x 71B)
Class com.intellij.openapi.externalSystem.model.project.dependencies.DependencyNode   : loaded 2 times (x 72B)
Class [Lcom.google.common.collect.ImmutableMapEntry;                                  : loaded 2 times (x 71B)
Class org.jetbrains.org.objectweb.asm.ClassReader                                     : loaded 2 times (x 94B)
Class org.jetbrains.kotlin.metadata.jvm.JvmProtoBuf$StringTableTypesOrBuilder         : loaded 2 times (x 72B)
Class com.android.ide.gradle.model.dependencies.DeclaredDependenciesModelBuilder      : loaded 2 times (x 77B)
Class org.jetbrains.kotlin.idea.gradleTooling.KotlinGradlePluginVersion$Companion     : loaded 2 times (x 73B)
Class org.jetbrains.kotlin.metadata.deserialization.Flags$EnumLiteFlagField           : loaded 2 times (x 78B)
Class org.jetbrains.kotlin.metadata.ProtoBuf$Type$Argument$1                          : loaded 2 times (x 146B)
Class org.jetbrains.plugins.gradle.tooling.builder.ScalaModelBuilderImpl              : loaded 2 times (x 83B)
Class org.jetbrains.plugins.gradle.tooling.ModelBuilderContext                        : loaded 2 times (x 72B)
Class org.jetbrains.kotlin.metadata.ProtoBuf$Class$Kind$1                             : loaded 2 times (x 76B)
Class org.jetbrains.org.objectweb.asm.SymbolTable                                     : loaded 2 times (x 74B)
Class org.jetbrains.org.objectweb.asm.tree.UnsupportedClassVersionException           : loaded 2 times (x 84B)
Class org.jetbrains.kotlin.protobuf.SmallSortedMap$Entry                              : loaded 2 times (x 90B)
Class org.jetbrains.kotlin.metadata.ProtoBuf$Package$1                                : loaded 2 times (x 146B)
Class org.jetbrains.kotlin.name.FqName$Companion                                      : loaded 2 times (x 73B)
Class com.google.common.cache.LocalCache$SoftValueReference                           : loaded 2 times (x 100B)
Class com.google.common.collect.Maps$EntrySet                                         : loaded 2 times (x 138B)
Class com.google.common.collect.ImmutableMultimap$EntryCollection                     : loaded 2 times (x 130B)
Class org.jetbrains.kotlin.util.capitalizeDecapitalize.CapitalizeDecapitalizeKt       : loaded 2 times (x 73B)
Class com.google.common.cache.LocalCache$EntryFactory$8                               : loaded 2 times (x 85B)
Class org.gradle.internal.installation.CurrentGradleInstallation                      : loaded 2 times (x 75B)
Class org.jetbrains.org.objectweb.asm.tree.FrameNode                                  : loaded 2 times (x 80B)
Class org.jetbrains.kotlin.tooling.core.Interner                                      : loaded 2 times (x 72B)
Class com.android.ide.gradle.model.builder.GradlePluginModelBuilder                   : loaded 2 times (x 77B)
Class kotlinx.coroutines.CopyableThreadContextElement                                 : loaded 2 times (x 72B)
Class com.google.common.base.CharMatcher$None                                         : loaded 2 times (x 114B)
Class [Lcom.google.common.collect.AbstractIterator$State;                             : loaded 2 times (x 71B)
Class com.google.common.io.ByteSource$ConcatenatedByteSource                          : loaded 2 times (x 87B)
Class org.jetbrains.org.objectweb.asm.ClassVisitor                                    : loaded 2 times (x 90B)
Class org.jetbrains.kotlin.metadata.jvm.deserialization.JvmNameResolver               : loaded 2 times (x 82B)
Class org.jetbrains.plugins.gradle.tooling.builder.ExternalTestsModelBuilderImpl      : loaded 2 times (x 80B)
Class org.jetbrains.plugins.gradle.tooling.DefaultMessageBuilder                      : loaded 2 times (x 86B)
Class org.gradle.internal.classloader.DefaultClassLoaderFactory                       : loaded 2 times (x 84B)
Class com.google.common.base.Suppliers                                                : loaded 2 times (x 73B)
Class [Lcom.google.common.cache.CacheBuilder$OneWeigher;                              : loaded 2 times (x 71B)
Class org.objectweb.asm.MethodTooLargeException                                       : loaded 2 times (x 84B)
Class com.google.common.base.Platform$JdkPatternCompiler                              : loaded 2 times (x 77B)
Class kotlinx.coroutines.scheduling.SchedulerTimeSource                               : loaded 2 times (x 74B)
Class org.jetbrains.kotlin.idea.gradleTooling.KotlinTasksPropertyUtilsKt              : loaded 2 times (x 73B)
Class kotlinx.coroutines.scheduling.CoroutineScheduler                                : loaded 2 times (x 83B)
Class org.jetbrains.plugins.gradle.model.scala.ScalaModel                             : loaded 2 times (x 72B)
Class com.intellij.openapi.externalSystem.model.project.dependencies.ProjectDependencyNodeImpl: loaded 2 times (x 95B)
Class org.jetbrains.org.objectweb.asm.ModuleWriter                                    : loaded 2 times (x 83B)
Class org.jetbrains.kotlin.protobuf.FieldSet$FieldDescriptorLite                      : loaded 2 times (x 72B)
Class org.jetbrains.kotlin.protobuf.AbstractMessageLite                               : loaded 2 times (x 100B)
Class kotlinx.coroutines.scheduling.Task                                              : loaded 2 times (x 77B)
Class com.google.common.cache.CacheLoader$1                                           : loaded 2 times (x 77B)
Class org.gradle.util.internal.GUtil                                                  : loaded 2 times (x 73B)
Class com.google.common.collect.MapMakerInternalMap$Strength                          : loaded 2 times (x 82B)
Class com.google.common.collect.MapMakerInternalMap$StrongKeyDummyValueEntry$LinkedStrongKeyDummyValueEntry: loaded 2 times (x 84B)
Class org.jetbrains.kotlin.idea.gradleTooling.KotlinMPPGradleModelBinaryBuilder       : loaded 2 times (x 88B)
Class [Lcom.intellij.openapi.externalSystem.model.project.ExternalSystemSourceType;   : loaded 2 times (x 71B)
Class org.jetbrains.kotlin.idea.gradleTooling.model.noarg.NoArgModel                  : loaded 2 times (x 72B)
Class jdk.internal.jimage.decompressor.StringSharingDecompressorFactory               : loaded 2 times (x 76B)
Class org.objectweb.asm.ClassVisitor                                                  : loaded 2 times (x 90B)
Class [Lorg.objectweb.asm.Symbol;                                                     : loaded 2 times (x 71B)
Class kotlinx.coroutines.CoroutineScope                                               : loaded 2 times (x 72B)
Class kotlinx.coroutines.ChildHandle                                                  : loaded 2 times (x 72B)
Class com.google.common.collect.TransformedListIterator                               : loaded 2 times (x 95B)
Class com.google.common.cache.LocalCache$Values                                       : loaded 2 times (x 120B)
Class com.google.common.reflect.TypeCapture                                           : loaded 2 times (x 73B)
Class org.jetbrains.kotlin.protobuf.ByteString$Output                                 : loaded 2 times (x 88B)
Class org.jetbrains.plugins.gradle.model.DefaultGradleExtensions                      : loaded 2 times (x 90B)
Class org.jetbrains.org.objectweb.asm.tree.FieldInsnNode                              : loaded 2 times (x 81B)
Class com.intellij.gradle.toolingExtension.impl.model.dependencyDownloadPolicyModel.DefaultGradleDependencyDownloadPolicy: loaded 2 times (x 79B)
Class [Lorg.jetbrains.org.objectweb.asm.Label;                                        : loaded 2 times (x 71B)
Class org.jetbrains.kotlin.metadata.jvm.JvmProtoBuf$StringTableTypes$Record           : loaded 2 times (x 121B)
Class org.jetbrains.kotlin.protobuf.FieldSet                                          : loaded 2 times (x 74B)
Class com.google.common.io.ByteSource                                                 : loaded 2 times (x 86B)
Class kotlinx.coroutines.NotCompleted                                                 : loaded 2 times (x 72B)
Class kotlinx.coroutines.internal.LockFreeTaskQueue                                   : loaded 2 times (x 74B)
Class kotlinx.coroutines.scheduling.DefaultScheduler                                  : loaded 2 times (x 110B)
Class kotlinx.coroutines.Dispatchers                                                  : loaded 2 times (x 73B)
Class com.google.common.cache.AbstractCache$StatsCounter                              : loaded 2 times (x 72B)
Class org.jetbrains.plugins.gradle.model.ear.EarConfiguration                         : loaded 2 times (x 72B)
Class org.jetbrains.kotlin.idea.gradleTooling.reflect.KotlinCompilerArgumentsResolverReflectionKt: loaded 2 times (x 73B)
Class com.google.common.collect.ImmutableMap$MapViewOfValuesAsSingletonSets           : loaded 2 times (x 128B)
Class com.google.common.collect.RegularImmutableMap                                   : loaded 2 times (x 122B)
Class com.google.common.io.ByteArrayDataOutput                                        : loaded 2 times (x 72B)
Class org.jetbrains.kotlin.protobuf.GeneratedMessageLite$ExtendableMessageOrBuilder   : loaded 2 times (x 72B)
Class org.jetbrains.kotlin.metadata.ProtoBuf$FunctionOrBuilder                        : loaded 2 times (x 72B)
Class org.jetbrains.kotlin.protobuf.GeneratedMessageLite$1                            : loaded 2 times (x 73B)
Class com.intellij.openapi.externalSystem.model.project.dependencies.ProjectDependencyNode: loaded 2 times (x 72B)
Class com.intellij.gradle.toolingExtension.impl.model.dependencyModel.GradleDependencyResolver: loaded 2 times (x 74B)
Class com.intellij.gradle.toolingExtension.impl.modelBuilder.DefaultMessageReportBuilder: loaded 2 times (x 96B)
Class kotlinx.coroutines.flow.CancellableFlow                                         : loaded 2 times (x 72B)
Class kotlinx.coroutines.flow.internal.AbstractSharedFlow                             : loaded 2 times (x 76B)
Class com.google.common.util.concurrent.ExecutionError                                : loaded 2 times (x 84B)
Class org.jetbrains.kotlin.idea.gradleTooling.reflect.KotlinSourceSetReflectionImpl   : loaded 2 times (x 85B)
Class com.google.common.collect.ImmutableEnumSet                                      : loaded 2 times (x 148B)
Class com.google.common.collect.AbstractMapBasedMultimap$WrappedCollection            : loaded 2 times (x 126B)
Class com.intellij.gradle.toolingExtension.impl.model.sourceSetModel.DefaultGradleSourceSetModel: loaded 2 times (x 83B)
Class sync_studio_tooling3380_dw5io1caaggribzbpz0uk9iy4$_run_closure1                 : loaded 2 times (x 140B)
Class [Lorg.jetbrains.kotlin.metadata.ProtoBuf$MemberKind;                            : loaded 2 times (x 71B)
Class org.jetbrains.kotlin.metadata.ProtoBuf$Package                                  : loaded 2 times (x 130B)
Class org.jetbrains.kotlin.metadata.ProtoBuf$Annotation$Argument$Value$Type$1         : loaded 2 times (x 76B)
Class org.jetbrains.kotlin.metadata.ProtoBuf$TypeTableOrBuilder                       : loaded 2 times (x 72B)
Class org.jetbrains.kotlin.metadata.ProtoBuf$TypeOrBuilder                            : loaded 2 times (x 72B)
Class com.google.common.reflect.Types$TypeVariableImpl                                : loaded 2 times (x 74B)
Class com.google.common.collect.MapMakerInternalMap$1                                 : loaded 2 times (x 85B)
Class com.google.common.io.LineBuffer                                                 : loaded 2 times (x 77B)
Class kotlinx.coroutines.intrinsics.CancellableKt                                     : loaded 2 times (x 73B)
Class org.gradle.internal.installation.GradleInstallation                             : loaded 2 times (x 77B)
Class [Lcom.google.common.cache.RemovalCause;                                         : loaded 2 times (x 71B)
Class org.jetbrains.kotlin.metadata.deserialization.MetadataVersion$Companion         : loaded 2 times (x 73B)
Class org.jetbrains.org.objectweb.asm.tree.Util                                       : loaded 2 times (x 73B)
Class [Lorg.jetbrains.kotlin.metadata.ProtoBuf$Modality;                              : loaded 2 times (x 71B)
Class com.intellij.gradle.toolingExtension.impl.model.utilDummyModel.DefaultDummyModel: loaded 2 times (x 75B)
Class org.gradle.internal.classloader.ClassLoaderHierarchy                            : loaded 2 times (x 72B)
Class jdk.internal.jimage.BasicImageReader                                            : loaded 2 times (x 97B)
Class kotlinx.coroutines.CoroutineScopeKt                                             : loaded 2 times (x 73B)
Class kotlinx.coroutines.BuildersKt                                                   : loaded 2 times (x 73B)
Class kotlinx.coroutines.internal.ThreadContextKt                                     : loaded 2 times (x 73B)
Class com.google.common.io.FileWriteMode                                              : loaded 2 times (x 81B)
Class [Lcom.google.common.base.AbstractIterator$State;                                : loaded 2 times (x 71B)
Class com.intellij.util.ExceptionUtilRt$RethrownStack                                 : loaded 2 times (x 84B)
Class org.jetbrains.plugins.gradle.model.DefaultFileCollectionDependency              : loaded 2 times (x 112B)
Class com.intellij.gradle.toolingExtension.impl.util.javaPluginUtil.ExtensionJavaPluginAccessor: loaded 2 times (x 84B)
Class org.jetbrains.kotlin.metadata.deserialization.ProtoTypeTableUtilKt              : loaded 2 times (x 73B)
Class [Lorg.jetbrains.kotlin.descriptors.DescriptorVisibility;                        : loaded 2 times (x 71B)
Class kotlin.collections.CollectionsKt__IteratorsJVMKt$iterator$1                     : loaded 2 times (x 81B)
Class com.google.common.base.Splitter$Strategy                                        : loaded 2 times (x 72B)
Class com.google.common.collect.Iterables                                             : loaded 2 times (x 73B)
Class jdk.internal.jimage.decompressor.ResourceDecompressor$StringsProvider           : loaded 2 times (x 72B)
Class [Lcom.google.common.collect.MapMakerInternalMap$Segment;                        : loaded 2 times (x 71B)
Class com.google.common.cache.LocalCache$ValueIterator                                : loaded 2 times (x 88B)
Class org.jetbrains.kotlin.load.kotlin.FileBasedKotlinClass$OuterAndInnerName         : loaded 2 times (x 74B)
Class org.jetbrains.kotlin.metadata.ProtoBuf$ContractOrBuilder                        : loaded 2 times (x 72B)
Class [Lorg.jetbrains.kotlin.metadata.ProtoBuf$Visibility;                            : loaded 2 times (x 71B)
Class com.intellij.gradle.toolingExtension.impl.util.collectionUtil.GradleCollectionVisitor: loaded 2 times (x 72B)
Class com.intellij.gradle.toolingExtension.impl.model.dependencyGraphModel.GradleDependencyGraphModelBuilder: loaded 2 times (x 84B)
Class com.intellij.gradle.toolingExtension.impl.model.utilTurnOffDefaultTasksModel.DefaultTurnOffDefaultTasks: loaded 2 times (x 73B)
Class org.gradle.internal.classloader.FilteringClassLoader                            : loaded 2 times (x 106B)
Class com.google.common.collect.RegularImmutableMap$KeySet                            : loaded 2 times (x 154B)
Class com.google.common.base.PairwiseEquivalence                                      : loaded 2 times (x 85B)
Class com.google.common.base.Equivalence$Identity                                     : loaded 2 times (x 84B)
Class kotlinx.coroutines.internal.ResizableAtomicArray                                : loaded 2 times (x 74B)
Class com.google.common.io.LineReader                                                 : loaded 2 times (x 74B)
Class org.jetbrains.kotlin.descriptors.SourceElement                                  : loaded 2 times (x 72B)
Class org.jetbrains.kotlin.metadata.ProtoBuf$Annotation$Argument$Value$Type           : loaded 2 times (x 84B)
Class org.jetbrains.kotlin.metadata.ProtoBuf$TypeParameter$Variance$1                 : loaded 2 times (x 76B)
Class org.jetbrains.plugins.gradle.tooling.Message                                    : loaded 2 times (x 74B)
Class com.google.gson.internal.bind.JsonElementTypeAdapter                            : loaded 2 times (x 77B)
Class org.jetbrains.plugins.gradle.model.DefaultGradleExtension                       : loaded 2 times (x 82B)
Class org.jetbrains.kotlin.idea.gradleTooling.reflect.KotlinCompilerArgumentsResolverReflectionImpl: loaded 2 times (x 77B)
Class com.android.ide.gradle.model.builder.AndroidStudioToolingPluginKt               : loaded 2 times (x 73B)
Class org.gradle.internal.classloader.ClasspathUtil                                   : loaded 2 times (x 73B)
Class org.jetbrains.plugins.gradle.tooling.util.GradleContainerUtil                   : loaded 2 times (x 73B)
Class org.jetbrains.kotlin.idea.gradleTooling.AbstractKotlinGradleModelBuilder        : loaded 2 times (x 83B)
Class org.jetbrains.kotlin.metadata.ProtoBuf$Annotation$Builder                       : loaded 2 times (x 137B)
Class org.jetbrains.kotlin.com.intellij.openapi.diagnostic.DefaultLogger              : loaded 2 times (x 102B)
Class org.jetbrains.kotlin.metadata.jvm.JvmProtoBuf$StringTableTypes$Record$Operation : loaded 2 times (x 84B)
Class kotlinx.coroutines.JobSupportKt                                                 : loaded 2 times (x 73B)
Class kotlinx.coroutines.ExecutorCoroutineDispatcher$Key                              : loaded 2 times (x 74B)

---------------  S Y S T E M  ---------------

OS:
 Windows 11 , 64 bit Build 26100 (10.0.26100.9444)
OS uptime: 0 days 0:33 hours
Hyper-V role detected

CPU: total 16 (initial active 16) (8 cores per cpu, 2 threads per core) family 6 model 154 stepping 3 microcode 0x434, cx8, cmov, fxsr, ht, mmx, 3dnowpref, sse, sse2, sse3, ssse3, sse4.1, sse4.2, popcnt, lzcnt, tsc, tscinvbit, avx, avx2, aes, erms, clmul, bmi1, bmi2, adx, sha, fma, vzeroupper, clflush, clflushopt, clwb, hv, serialize, rdtscp, rdpid, fsrm, gfni, f16c, cet_ibt, cet_ss
Processor Information for the first 16 processors :
  Max Mhz: 2500, Current Mhz: 2500, Mhz Limit: 2500

Memory: 4k page, system-wide physical 16002M (323M free)
TotalPageFile size 16002M (AvailPageFile size 9M)
current process WorkingSet (physical memory assigned to process): 1616M, peak: 1685M
current process commit charge ("private bytes"): 1671M, peak: 1748M

vm_info: OpenJDK 64-Bit Server VM (25.0.2+-15348964-b329.117) for windows-amd64 JRE (25.0.2+-15348964-b329.117), built on 2026-05-05T18:25:19Z with MS VC++ 16.10 / 16.11 (VS2019)

END.
